ICAO,YEAR,MOF,SRC_PHASE,N,EARLY,EARLY_M1505,EARLY_M0500,LATE_P0005,LATE_P0515,LATE,N_VALID
EDDF,2019,1,ARR,18794,1836,3672,2676,2600,3655,4355,18794
EDDF,2019,1,DEP,18882,81,1011,3212,4566,5167,4845,18882
EDDF,2019,2,ARR,18416,2391,4621,2937,2600,3073,2794,18416
EDDF,2019,2,DEP,18429,88,961,3441,5180,5328,3431,18429
EDDF,2019,3,ARR,21030,2141,4012,2875,2815,3826,5361,21030
EDDF,2019,3,DEP,21022,73,687,2666,4659,6277,6660,21022
EDDF,2019,4,ARR,21847,1547,3857,3357,3398,4448,5240,21847
EDDF,2019,4,DEP,21828,89,747,2918,5289,7061,5724,21828
EDDF,2019,5,ARR,23080,1461,3764,3210,3333,4674,6637,23079
EDDF,2019,5,DEP,23087,71,517,2155,4677,7531,8136,23087
EDDF,2019,6,ARR,22930,1672,3659,3023,3108,4542,6925,22929
EDDF,2019,6,DEP,22938,63,368,1818,4109,7171,9409,22938
EDDF,2019,7,ARR,23556,2109,4161,3326,3072,4362,6526,23556
EDDF,2019,7,DEP,23561,43,340,1846,4471,7287,9574,23561
EDDF,2019,8,ARR,23197,1868,4495,3507,3257,4180,5890,23197
EDDF,2019,8,DEP,23196,69,384,1926,4961,7671,8185,23196
EDDF,2019,9,ARR,23354,1788,3991,3404,3450,4911,5810,23354
EDDF,2019,9,DEP,23349,96,442,2052,5021,8069,7669,23349
EDDF,2019,10,ARR,22970,1925,3984,3411,3427,4698,5525,22970
EDDF,2019,10,DEP,22966,87,645,3017,5663,7204,6350,22966
EDDF,2019,11,ARR,19381,2724,4760,3114,2660,3163,2959,19380
EDDF,2019,11,DEP,19401,121,876,3552,5270,5759,3823,19401
EDDF,2019,12,ARR,18373,2191,4057,2676,2365,3174,3910,18373
EDDF,2019,12,DEP,18258,72,773,2593,4131,5447,5242,18258
EDDF,2020,1,ARR,18145,2372,4666,2848,2400,2836,3022,18144
EDDF,2020,1,DEP,18244,83,1220,3601,5058,4983,3299,18244
EDDF,2020,2,ARR,17930,2347,4287,2869,2448,2787,3191,17929
EDDF,2020,2,DEP,17927,94,868,3090,4881,5159,3835,17927
EDDF,2020,3,ARR,11443,2790,3444,1527,1144,1073,1465,11443
EDDF,2020,3,DEP,11396,174,1263,2803,3105,2328,1723,11396
EDDF,2020,4,ARR,3244,1167,705,273,187,235,677,3244
EDDF,2020,4,DEP,3260,314,810,687,447,326,676,3260
EDDF,2020,5,ARR,3885,1267,832,391,307,320,768,3885
EDDF,2020,5,DEP,3871,374,824,682,636,517,838,3871
EDDF,2020,6,ARR,4662,1568,1138,501,358,431,666,4662
EDDF,2020,6,DEP,4665,266,753,751,934,976,985,4665
EDDF,2020,7,ARR,7667,2008,2169,1077,723,809,881,7667
EDDF,2020,7,DEP,7697,163,876,1518,1717,1885,1538,7697
EDDF,2020,8,ARR,8844,2133,2559,1239,883,875,1155,8844
EDDF,2020,8,DEP,8842,106,966,1863,2182,2057,1668,8842
EDDF,2020,9,ARR,8458,2495,2606,1124,713,658,862,8458
EDDF,2020,9,DEP,8465,132,1257,2083,2129,1677,1187,8465
EDDF,2020,10,ARR,8544,2044,2567,1174,848,852,1059,8544
EDDF,2020,10,DEP,8551,156,1145,2139,2213,1643,1255,8551
EDDF,2020,11,ARR,6397,1911,1766,722,550,565,883,6397
EDDF,2020,11,DEP,6405,176,999,1432,1398,1219,1181,6405
EDDF,2020,12,ARR,6832,1456,1515,794,705,917,1445,6832
EDDF,2020,12,DEP,6795,156,739,963,1202,1650,2085,6795
EDDF,2021,1,ARR,6579,1168,1328,791,692,989,1611,6579
EDDF,2021,1,DEP,6618,151,739,981,1299,1494,1954,6618
EDDF,2021,2,ARR,5559,1106,1120,622,574,733,1404,5559
EDDF,2021,2,DEP,5556,113,661,768,962,1290,1762,5556
EDDF,2021,3,ARR,6834,1570,1561,894,679,905,1225,6834
EDDF,2021,3,DEP,6834,118,954,1067,1238,1736,1721,6834
EDDF,2021,4,ARR,7739,1438,1948,1033,913,1098,1309,7739
EDDF,2021,4,DEP,7737,162,1155,1423,1717,1825,1455,7737
EDDF,2021,5,ARR,8496,1804,2085,1180,931,1093,1403,8496
EDDF,2021,5,DEP,8473,194,1110,1343,1873,2150,1803,8473
EDDF,2021,6,ARR,9995,1882,2593,1405,1151,1373,1591,9995
EDDF,2021,6,DEP,10007,156,995,1604,2256,2621,2375,10007
EDDF,2021,7,ARR,13791,1942,2958,1975,1791,2256,2869,13791
EDDF,2021,7,DEP,13788,113,757,1729,2882,3815,4492,13788
EDDF,2021,8,ARR,14449,1414,2781,2052,1936,2703,3559,14445
EDDF,2021,8,DEP,14440,125,700,1628,2717,4059,5211,14440
EDDF,2021,9,ARR,14060,1595,2916,2119,2059,2544,2825,14058
EDDF,2021,9,DEP,14063,144,918,1968,2988,3900,4145,14063
EDDF,2021,10,ARR,14992,1362,2756,2132,2075,2926,3741,14992
EDDF,2021,10,DEP,15000,100,685,1618,2956,4212,5429,15000
EDDF,2021,11,ARR,14440,1630,3289,2220,1985,2530,2786,14440
EDDF,2021,11,DEP,14438,133,830,2044,3275,3994,4162,14438
EDDF,2021,12,ARR,13991,1370,2769,1913,1818,2418,3702,13990
EDDF,2021,12,DEP,13960,97,738,1694,2632,3593,5206,13960
EDDM,2019,1,ARR,15605,1197,2700,2143,2136,2862,4567,15605
EDDM,2019,1,DEP,15680,52,561,1955,3741,4371,5000,15680
EDDM,2019,2,ARR,14940,1499,3260,2483,2226,2580,2892,14940
EDDM,2019,2,DEP,14932,87,640,2242,4088,4240,3635,14932
EDDM,2019,3,ARR,17116,1558,3584,2914,2673,3186,3201,17116
EDDM,2019,3,DEP,17114,73,665,2444,4713,5128,4091,17114
EDDM,2019,4,ARR,17059,1116,3085,2867,2882,3642,3467,17059
EDDM,2019,4,DEP,17026,57,605,2409,5041,5115,3799,17026
EDDM,2019,5,ARR,18726,1096,2840,2823,3188,4239,4539,18725
EDDM,2019,5,DEP,18739,84,653,2380,5059,5741,4822,18739
EDDM,2019,6,ARR,18177,1022,2637,2418,2713,3834,5553,18177
EDDM,2019,6,DEP,18191,62,398,1860,4224,5277,6370,18191
EDDM,2019,7,ARR,18807,1173,2758,2801,2849,3835,5391,18807
EDDM,2019,7,DEP,18810,54,361,1859,4423,5549,6564,18810
EDDM,2019,8,ARR,18042,1220,3044,2867,2777,3795,4339,18042
EDDM,2019,8,DEP,18040,46,351,1802,4578,5642,5621,18040
EDDM,2019,9,ARR,18928,1251,3027,3008,3113,4251,4278,18928
EDDM,2019,9,DEP,18929,74,488,2377,5302,5824,4864,18929
EDDM,2019,10,ARR,18659,1531,3476,2997,2926,3810,3917,18657
EDDM,2019,10,DEP,18642,74,679,2728,5474,5408,4279,18642
EDDM,2019,11,ARR,15755,1897,4062,2999,2416,2467,1913,15754
EDDM,2019,11,DEP,15761,71,722,3202,5203,4112,2451,15761
EDDM,2019,12,ARR,15263,1924,3481,2616,2125,2445,2672,15263
EDDM,2019,12,DEP,15199,71,574,2382,4435,4304,3433,15199
EDDM,NA,NA,ARR,34,0,0,0,0,0,0,0
EDDM,NA,NA,DEP,2,0,0,0,0,0,0,0
EDDM,2020,1,ARR,15291,2269,4274,2734,2060,2094,1859,15290
EDDM,2020,1,DEP,15368,81,997,3878,4880,3428,2104,15368
EDDM,2020,2,ARR,14694,1956,3909,2638,2020,2049,2122,14694
EDDM,2020,2,DEP,14678,74,757,3261,4665,3503,2418,14678
EDDM,2020,3,ARR,8674,2230,2851,1341,804,772,676,8674
EDDM,2020,3,DEP,8632,119,996,2748,2504,1321,944,8632
EDDM,2020,4,ARR,889,370,214,80,65,72,88,889
EDDM,2020,4,DEP,900,74,270,234,110,99,112,899
EDDM,2020,5,ARR,1028,308,233,123,86,107,171,1028
EDDM,2020,5,DEP,1035,99,200,273,159,148,155,1034
EDDM,2020,6,ARR,2269,559,654,329,221,264,242,2269
EDDM,2020,6,DEP,2289,93,264,547,508,512,365,2289
EDDM,2020,7,ARR,4973,1122,1592,795,495,504,465,4973
EDDM,2020,7,DEP,4961,71,530,1287,1298,1152,623,4961
EDDM,2020,8,ARR,6131,1741,2052,810,561,502,465,6131
EDDM,2020,8,DEP,6125,102,741,1756,1738,1187,601,6125
EDDM,2020,9,ARR,6347,1876,2272,953,490,437,318,6346
EDDM,2020,9,DEP,6357,112,1071,2161,1632,949,432,6357
EDDM,2020,10,ARR,5668,1609,1947,882,483,412,335,5668
EDDM,2020,10,DEP,5670,77,745,1837,1591,971,449,5670
EDDM,2020,11,ARR,3247,1149,1031,404,226,205,232,3247
EDDM,2020,11,DEP,3260,68,572,970,794,529,327,3260
EDDM,2020,12,ARR,2846,685,794,439,293,321,314,2846
EDDM,2020,12,DEP,2844,48,375,749,707,554,411,2844
EDDM,NA,NA,ARR,38,0,0,0,0,0,0,0
EDDM,NA,NA,DEP,1,0,0,0,0,0,0,0
EDDM,2021,1,ARR,2448,455,577,301,277,359,478,2447
EDDM,2021,1,DEP,2457,68,371,592,560,443,423,2457
EDDM,2021,2,ARR,1707,339,400,232,185,254,297,1707
EDDM,2021,2,DEP,1700,44,230,421,359,309,337,1700
EDDM,2021,3,ARR,2546,467,775,389,276,330,309,2546
EDDM,2021,3,DEP,2548,65,307,610,602,577,387,2548
EDDM,2021,4,ARR,3268,739,1046,467,351,364,301,3268
EDDM,2021,4,DEP,3261,71,496,980,832,584,298,3261
EDDM,2021,5,ARR,4097,748,1200,673,494,522,459,4096
EDDM,2021,5,DEP,4099,62,398,934,1041,1055,608,4098
EDDM,2021,6,ARR,5528,866,1487,935,702,790,748,5528
EDDM,2021,6,DEP,5537,80,589,1261,1337,1324,946,5537
EDDM,2021,7,ARR,7919,854,1739,1188,1096,1455,1587,7919
EDDM,2021,7,DEP,7942,74,615,1517,1943,2071,1722,7942
EDDM,2021,8,ARR,8770,856,1885,1265,1253,1700,1810,8769
EDDM,2021,8,DEP,8769,74,593,1432,2040,2463,2167,8769
EDDM,2021,9,ARR,9427,918,1900,1574,1413,1830,1792,9427
EDDM,2021,9,DEP,9426,109,901,2122,2347,2287,1660,9426
EDDM,2021,10,ARR,10353,1104,2379,1782,1594,1888,1606,10353
EDDM,2021,10,DEP,10356,64,785,2211,2721,2717,1858,10356
EDDM,2021,11,ARR,9613,1183,2660,1740,1401,1444,1183,9611
EDDM,2021,11,DEP,9598,86,1078,2411,2559,2125,1339,9598
EDDM,2021,12,ARR,9478,1217,2387,1532,1238,1507,1597,9478
EDDM,2021,12,DEP,9475,80,929,2002,2376,2222,1866,9475
EDDM,NA,NA,ARR,19,0,0,0,0,0,0,0
EGKK,2018,12,DEP,1,0,0,0,1,0,0,1
EGKK,2019,1,ARR,9880,1873,2324,1251,1006,1349,2076,9879
EGKK,2019,1,DEP,9892,85,1709,2591,1998,1687,1822,9892
EGKK,2019,2,ARR,9960,1593,2001,1089,948,1360,2969,9960
EGKK,2019,2,DEP,9964,55,1171,1920,1854,2037,2927,9964
EGKK,2019,3,ARR,11329,1681,2200,1322,1223,1796,3107,11329
EGKK,2019,3,DEP,11342,48,1026,2313,2342,2628,2985,11342
EGKK,2019,4,ARR,12004,2379,2652,1516,1274,1728,2455,12004
EGKK,2019,4,DEP,11998,46,1270,2828,2743,2631,2480,11998
EGKK,2019,5,ARR,13038,1705,2450,1562,1486,2238,3597,13038
EGKK,2019,5,DEP,13046,33,871,2383,2856,3317,3586,13046
EGKK,2019,6,ARR,13277,1195,1750,1207,1297,2286,5542,13277
EGKK,2019,6,DEP,13293,19,455,1528,2298,3525,5468,13293
EGKK,2019,7,ARR,13789,896,1433,1072,1157,2166,7065,13789
EGKK,2019,7,DEP,13777,11,340,1126,1797,3241,7262,13777
EGKK,2019,8,ARR,14061,937,1490,1155,1228,2220,7031,14061
EGKK,2019,8,DEP,14090,5,353,1219,1857,3525,7131,14090
EGKK,2019,9,ARR,13081,1088,1576,1182,1217,2258,5760,13081
EGKK,2019,9,DEP,13054,22,533,1441,2034,3274,5750,13054
EGKK,2019,10,ARR,12208,1864,2199,1401,1210,1896,3638,12208
EGKK,2019,10,DEP,12224,35,986,2290,2347,2932,3634,12224
EGKK,2019,11,ARR,9233,2703,2289,1116,840,978,1307,9233
EGKK,2019,11,DEP,9223,62,1423,2552,1979,1671,1536,9223
EGKK,2019,12,ARR,10524,1624,2014,1093,1050,1561,3182,10524
EGKK,2019,12,DEP,10531,24,678,1789,2002,2651,3387,10531
EGKK,NA,NA,ARR,42,0,0,0,0,0,0,0
EGKK,2020,1,ARR,9330,2187,2230,1146,915,1179,1673,9330
EGKK,2020,1,DEP,9336,82,1669,2421,1896,1786,1482,9336
EGKK,2020,2,ARR,9449,1355,1622,1004,908,1411,3149,9449
EGKK,2020,2,DEP,9452,48,885,1724,1801,2080,2914,9452
EGKK,2020,3,ARR,6912,1906,1551,708,554,784,1409,6912
EGKK,2020,3,DEP,6892,106,1180,1583,1298,1228,1497,6892
EGKK,2020,4,ARR,155,63,35,17,14,10,16,155
EGKK,2020,4,DEP,155,42,50,22,7,14,20,155
EGKK,2020,5,ARR,124,58,26,17,5,10,8,124
EGKK,2020,5,DEP,121,30,37,8,11,16,19,121
EGKK,2020,6,ARR,287,164,49,20,14,18,22,287
EGKK,2020,6,DEP,284,53,100,55,28,26,22,284
EGKK,2020,7,ARR,1562,874,331,104,82,85,86,1562
EGKK,2020,7,DEP,1568,73,395,490,274,181,155,1568
EGKK,2020,8,ARR,4069,2152,903,332,190,240,252,4069
EGKK,2020,8,DEP,4067,101,999,1277,687,563,440,4067
EGKK,2020,9,ARR,3742,2365,719,232,127,137,162,3742
EGKK,2020,9,DEP,3747,42,1446,1260,514,298,187,3747
EGKK,2020,10,ARR,2288,1210,542,159,127,110,140,2288
EGKK,2020,10,DEP,2287,15,861,777,308,198,128,2287
EGKK,2020,11,ARR,762,377,138,57,49,65,76,762
EGKK,2020,11,DEP,749,25,224,202,100,102,96,749
EGKK,2020,12,ARR,1441,575,375,141,76,108,166,1441
EGKK,2020,12,DEP,1460,17,314,463,225,198,243,1460
EGKK,NA,NA,ARR,9,0,0,0,0,0,0,0
EGKK,NA,NA,DEP,1,0,0,0,0,0,0,0
EGKK,2021,1,ARR,865,325,176,86,63,74,141,865
EGKK,2021,1,DEP,855,26,283,215,98,94,139,855
EGKK,2021,2,ARR,371,98,70,38,29,43,93,371
EGKK,2021,2,DEP,365,5,51,116,51,51,91,365
EGKK,2021,3,ARR,457,113,108,71,45,68,52,457
EGKK,2021,3,DEP,437,16,75,140,82,71,53,437
EGKK,2021,4,ARR,518,181,120,51,40,66,60,518
EGKK,2021,4,DEP,512,28,156,148,67,66,47,512
EGKK,2021,5,ARR,944,349,253,100,60,76,106,944
EGKK,2021,5,DEP,949,15,208,301,185,129,111,949
EGKK,2021,6,ARR,1332,579,330,122,82,82,137,1332
EGKK,2021,6,DEP,1326,24,372,467,213,149,101,1326
EGKK,2021,7,ARR,2472,837,638,292,165,239,301,2472
EGKK,2021,7,DEP,2489,16,408,884,482,406,293,2489
EGKK,2021,8,ARR,4102,1004,1039,497,420,483,659,4102
EGKK,2021,8,DEP,4112,26,560,1546,844,647,489,4112
EGKK,2021,9,ARR,4088,1338,1095,471,321,403,460,4088
EGKK,2021,9,DEP,4090,35,792,1611,743,524,385,4090
EGKK,2021,10,ARR,4071,1110,1133,534,372,434,487,4070
EGKK,2021,10,DEP,4095,23,753,1588,749,582,400,4095
EGKK,2021,11,ARR,3621,1049,981,426,310,383,472,3621
EGKK,2021,11,DEP,3614,28,792,1281,598,489,426,3614
EGKK,2021,12,ARR,5069,1474,1254,526,444,501,870,5069
EGKK,2021,12,DEP,5070,41,998,1547,887,739,858,5070
EGKK,NA,NA,ARR,6,0,0,0,0,0,0,0
EGKK,NA,NA,DEP,1,0,0,0,0,0,0,0
EGLL,2019,1,ARR,18920,4956,4272,2229,1812,2397,3254,18920
EGLL,2019,1,DEP,18915,170,3099,5742,3824,3078,3002,18915
EGLL,2019,2,ARR,17625,4365,3957,2035,1663,2142,3463,17625
EGLL,2019,2,DEP,17631,168,2762,5284,3603,2826,2988,17631
EGLL,2019,3,ARR,19946,4612,3509,1970,1603,2508,5744,19946
EGLL,2019,3,DEP,19974,118,2327,5167,4090,3787,4485,19974
EGLL,2019,4,ARR,20172,3524,4384,2539,2129,3094,4502,20172
EGLL,2019,4,DEP,20165,108,2287,5333,4433,4394,3610,20165
EGLL,2019,5,ARR,20840,4278,4737,2638,2227,2894,4066,20840
EGLL,2019,5,DEP,20846,150,2566,5584,4420,4461,3665,20846
EGLL,2019,6,ARR,20453,2756,3641,2415,2186,3294,6161,20453
EGLL,2019,6,DEP,20458,46,1326,4128,4041,4791,6126,20458
EGLL,2019,7,ARR,21059,3841,3981,2423,2153,3235,5426,21059
EGLL,2019,7,DEP,21049,24,1073,3834,4262,5420,6436,21049
EGLL,2019,8,ARR,21021,3946,3933,2369,2064,3054,5655,21021
EGLL,2019,8,DEP,21020,58,1365,4246,4239,4766,6346,21020
EGLL,2019,9,ARR,19528,3636,3557,2255,2015,3224,4841,19528
EGLL,2019,9,DEP,19518,97,2019,4532,3854,4406,4610,19518
EGLL,2019,10,ARR,20681,3564,3636,2365,2248,3375,5493,20681
EGLL,2019,10,DEP,20673,104,1949,5127,4397,4437,4659,20673
EGLL,2019,11,ARR,19073,5302,4282,2211,1745,2203,3330,19073
EGLL,2019,11,DEP,19092,147,2600,5404,3942,3548,3451,19092
EGLL,2019,12,ARR,18577,3658,3465,2081,1836,2761,4776,18577
EGLL,2019,12,DEP,18557,95,1513,4094,3884,4322,4649,18557
EGLL,NA,NA,ARR,1,0,0,0,0,0,0,0
EGLL,2020,1,ARR,19024,4913,4177,2151,1801,2366,3616,19024
EGLL,2020,1,DEP,19023,204,3153,5946,3912,3077,2731,19023
EGLL,2020,2,ARR,17636,3295,2500,1653,1412,2530,6246,17636
EGLL,2020,2,DEP,17655,137,2045,4161,3279,3277,4756,17655
EGLL,2020,3,ARR,13066,5881,2806,1231,858,1051,1239,13066
EGLL,2020,3,DEP,13014,446,2995,4083,2370,1663,1457,13014
EGLL,2020,4,ARR,2624,1582,364,142,99,144,293,2624
EGLL,2020,4,DEP,2634,699,728,435,274,211,287,2634
EGLL,2020,5,ARR,3409,1881,494,213,159,193,469,3409
EGLL,2020,5,DEP,3439,858,847,635,326,293,480,3439
EGLL,2020,6,ARR,3751,2302,620,228,134,166,301,3751
EGLL,2020,6,DEP,3738,746,900,662,497,420,513,3738
EGLL,2020,7,ARR,6092,3300,1345,439,284,296,428,6092
EGLL,2020,7,DEP,6051,575,1545,1555,957,732,687,6051
EGLL,2020,8,ARR,7702,4206,1597,549,394,392,564,7702
EGLL,2020,8,DEP,7693,499,1732,2186,1347,1060,869,7693
EGLL,2020,9,ARR,7322,4466,1378,457,312,322,387,7322
EGLL,2020,9,DEP,7335,533,1975,2031,1176,893,727,7335
EGLL,2020,10,ARR,9076,4815,1859,734,459,512,697,9076
EGLL,2020,10,DEP,9099,506,2112,2458,1468,1259,1296,9099
EGLL,2020,11,ARR,5793,2996,1080,418,316,392,591,5793
EGLL,2020,11,DEP,5838,520,1253,1281,941,827,1016,5838
EGLL,2020,12,ARR,6487,2568,1238,583,434,573,1091,6487
EGLL,2020,12,DEP,6426,403,835,1141,996,1191,1860,6426
EGLL,2021,1,ARR,5039,1852,926,465,349,500,947,5039
EGLL,2021,1,DEP,5071,510,999,1006,766,729,1061,5071
EGLL,2021,2,ARR,4075,1653,659,316,263,411,773,4075
EGLL,2021,2,DEP,4065,561,830,749,587,565,773,4065
EGLL,2021,3,ARR,4919,1989,869,423,324,457,857,4919
EGLL,2021,3,DEP,4926,683,1204,1045,708,567,719,4926
EGLL,2021,4,ARR,5168,2020,1017,426,351,529,825,5168
EGLL,2021,4,DEP,5144,827,1546,1082,627,519,543,5144
EGLL,2021,5,ARR,5779,2635,1162,494,356,466,666,5779
EGLL,2021,5,DEP,5775,792,1530,1478,817,603,555,5775
EGLL,2021,6,ARR,6771,3098,1514,599,363,475,722,6771
EGLL,2021,6,DEP,6772,644,1736,1762,1040,817,773,6772
EGLL,2021,7,ARR,8349,3189,1868,798,581,744,1169,8349
EGLL,2021,7,DEP,8343,394,1315,1997,1592,1404,1641,8343
EGLL,2021,8,ARR,9694,2649,2046,1018,808,1185,1988,9694
EGLL,2021,8,DEP,9705,428,1422,2353,1872,1743,1887,9705
EGLL,2021,9,ARR,10811,3088,2445,1132,870,1223,2053,10811
EGLL,2021,9,DEP,10812,442,1548,2283,1855,2018,2666,10812
EGLL,2021,10,ARR,12164,3125,2641,1392,1085,1509,2412,12164
EGLL,2021,10,DEP,12149,334,1566,2608,2154,2445,3042,12149
EGLL,2021,11,ARR,12009,3750,2569,1184,899,1286,2321,12009
EGLL,2021,11,DEP,12025,232,1535,2349,2031,2249,3629,12025
EGLL,2021,12,ARR,12540,3365,2317,1233,998,1458,3169,12540
EGLL,2021,12,DEP,12505,209,1334,2116,2048,2333,4465,12505
EGLL,NA,NA,ARR,4,0,0,0,0,0,0,0
EHAM,2018,12,ARR,2,1,1,0,0,0,0,2
EHAM,2018,12,DEP,1,0,0,1,0,0,0,1
EHAM,2019,1,ARR,19033,4068,5276,2418,1872,2142,3253,19029
EHAM,2019,1,DEP,19035,170,930,3414,4906,4937,4678,19035
EHAM,2019,2,ARR,18048,2992,4981,2581,1953,2336,3201,18044
EHAM,2019,2,DEP,18069,140,742,2698,4705,5172,4612,18069
EHAM,2019,3,ARR,20394,2868,3956,2132,1820,2671,6942,20389
EHAM,2019,3,DEP,20378,140,544,2181,4121,5256,8136,20378
EHAM,2019,4,ARR,21511,3352,5259,2829,2305,3019,4745,21509
EHAM,2019,4,DEP,21513,179,541,2525,4875,6279,7114,21513
EHAM,2019,5,ARR,23015,1544,3124,2487,2623,4493,8744,23015
EHAM,2019,5,DEP,23017,193,421,1857,4083,6280,10183,23017
EHAM,2019,6,ARR,22384,1695,3554,2741,2665,4101,7628,22384
EHAM,2019,6,DEP,22364,165,331,1595,3929,6128,10216,22364
EHAM,2019,7,ARR,22983,3086,5221,3049,2542,3483,5602,22983
EHAM,2019,7,DEP,22991,132,429,2074,4680,6830,8846,22991
EHAM,2019,8,ARR,23089,3120,5574,3166,2500,3461,5268,23089
EHAM,2019,8,DEP,23104,139,582,2687,5300,6758,7638,23104
EHAM,2019,9,ARR,22688,2397,3826,2635,2551,3964,7315,22688
EHAM,2019,9,DEP,22666,148,418,1618,3848,6474,10160,22666
EHAM,2019,10,ARR,22791,2397,4324,3022,2853,4077,6117,22790
EHAM,2019,10,DEP,22817,159,566,2065,4477,6889,8661,22817
EHAM,2019,11,ARR,19427,3493,5544,2941,2220,2385,2844,19427
EHAM,2019,11,DEP,19427,171,716,2724,4871,5985,4960,19427
EHAM,2019,12,ARR,19646,3337,5135,2676,2053,2471,3972,19644
EHAM,2019,12,DEP,19645,128,689,2492,4746,5783,5807,19645
EHAM,2020,1,ARR,1,0,0,0,0,0,1,1
EHAM,NA,NA,DEP,1,0,0,0,0,0,0,0
EHAM,2019,12,ARR,4,0,1,0,1,1,0,3
EHAM,2020,1,ARR,19217,4083,5631,2726,1860,2116,2800,19216
EHAM,2020,1,DEP,19223,166,1134,3755,5204,5194,3770,19223
EHAM,2020,2,ARR,17978,3498,4371,2197,1592,2122,4198,17978
EHAM,2020,2,DEP,17972,151,887,2837,4250,4741,5106,17972
EHAM,2020,3,ARR,13003,4689,3718,1330,869,881,1516,13003
EHAM,2020,3,DEP,12907,295,1439,3375,3304,2542,1952,12907
EHAM,2020,4,ARR,2324,1014,379,152,113,151,515,2324
EHAM,2020,4,DEP,2330,315,363,460,338,341,513,2330
EHAM,2020,5,ARR,3183,1291,536,263,176,271,646,3183
EHAM,2020,5,DEP,3196,390,438,517,526,547,778,3196
EHAM,2020,6,ARR,4427,1929,972,372,244,298,611,4426
EHAM,2020,6,DEP,4421,311,671,865,871,838,865,4421
EHAM,2020,7,ARR,8406,3529,2244,752,540,513,817,8395
EHAM,2020,7,DEP,8439,325,1245,1992,2009,1641,1226,8438
EHAM,2020,8,ARR,12068,5831,3236,1009,533,578,873,12060
EHAM,2020,8,DEP,12094,351,2334,3656,2848,1726,1179,12094
EHAM,2020,9,ARR,11538,5978,3093,824,431,406,806,11538
EHAM,2020,9,DEP,11532,307,2563,3745,2478,1434,1005,11532
EHAM,2020,10,ARR,10150,4429,2887,927,584,500,823,10150
EHAM,2020,10,DEP,10168,252,2305,3347,2039,1264,961,10168
EHAM,2020,11,ARR,7722,3390,1967,707,402,412,844,7722
EHAM,2020,11,DEP,7705,266,1385,2082,1751,1184,1037,7705
EHAM,2020,12,ARR,8328,2543,2115,931,691,747,1301,8328
EHAM,2020,12,DEP,8322,240,890,1747,1898,1825,1722,8322
EHAM,2021,1,DEP,2,0,0,0,0,0,2,2
EHAM,NA,NA,ARR,1,0,0,0,0,0,0,0
EHAM,NA,NA,DEP,1,0,0,0,0,0,0,0
EHAM,2021,1,ARR,7620,2681,1720,768,591,696,1164,7620
EHAM,2021,1,DEP,7314,286,1188,1957,1568,1185,1130,7314
EHAM,2021,2,ARR,5556,2135,1134,445,343,403,1096,5556
EHAM,2021,2,DEP,5562,198,866,1336,1092,834,1234,5560
EHAM,2021,3,ARR,6469,2874,1529,541,346,395,783,6468
EHAM,2021,3,DEP,6455,316,1357,1677,1302,864,939,6455
EHAM,2021,4,ARR,7253,3189,1786,587,405,466,820,7253
EHAM,2021,4,DEP,7262,338,1222,1834,1686,1134,1048,7262
EHAM,2021,5,ARR,8342,3487,2244,767,489,466,888,8341
EHAM,2021,5,DEP,8334,335,1226,2118,1938,1580,1137,8334
EHAM,2021,6,ARR,10283,4158,2753,952,605,719,1096,10283
EHAM,2021,6,DEP,10281,326,905,2158,2566,2412,1914,10281
EHAM,2021,7,ARR,15272,4163,4405,1850,1303,1413,2134,15268
EHAM,2021,7,DEP,15286,222,680,2098,3523,4256,4507,15286
EHAM,2021,8,ARR,16598,3020,4331,2244,1754,2193,3051,16593
EHAM,2021,8,DEP,16583,243,593,1851,3326,4518,6052,16583
EHAM,2021,9,ARR,15942,3553,4554,2166,1595,1747,2327,15942
EHAM,2021,9,DEP,15945,247,807,2284,3652,4379,4576,15945
EHAM,2021,10,ARR,16540,2250,3851,2345,1983,2471,3639,16539
EHAM,2021,10,DEP,16564,219,618,1894,3445,4793,5595,16564
EHAM,2021,11,ARR,14896,3918,4589,1852,1248,1352,1937,14896
EHAM,2021,11,DEP,14880,249,901,2733,3793,3875,3329,14880
EHAM,2021,12,ARR,15678,2931,3944,2037,1574,2027,3165,15678
EHAM,2021,12,DEP,15674,175,915,2394,3216,4079,4895,15674
EHAM,2022,1,ARR,2,0,0,0,0,0,2,2
EHAM,NA,NA,ARR,9,0,0,0,0,0,0,0
LEBL,2019,1,ARR,11915,2560,3259,1679,1258,1426,1733,11915
LEBL,2019,1,DEP,11966,10,862,2039,3712,3204,2139,11966
LEBL,2019,2,ARR,11266,2369,3037,1680,1192,1354,1634,11266
LEBL,2019,2,DEP,11324,7,505,1173,3757,3607,2275,11324
LEBL,2019,3,ARR,12730,2047,3148,1877,1535,1770,2352,12729
LEBL,2019,3,DEP,12880,3,360,1029,3975,4285,3228,12880
LEBL,2019,4,ARR,14765,1678,3024,2052,1720,2483,3808,14765
LEBL,2019,4,DEP,14835,6,511,1810,3585,4308,4615,14835
LEBL,2019,5,ARR,15430,2520,3480,1968,1609,2054,3798,15429
LEBL,2019,5,DEP,15521,10,721,2278,3649,4019,4844,15521
LEBL,2019,6,ARR,15875,1433,2456,1754,1656,2709,5866,15874
LEBL,2019,6,DEP,15973,3,352,1440,2951,4035,7192,15973
LEBL,2019,7,ARR,16450,1818,2885,1820,1684,2442,5800,16449
LEBL,2019,7,DEP,16526,3,346,1350,2969,4399,7459,16526
LEBL,2019,8,ARR,16199,1961,3067,1942,1792,2563,4873,16198
LEBL,2019,8,DEP,16294,12,380,1546,3253,4534,6569,16294
LEBL,2019,9,ARR,15913,1747,2784,1838,1650,2411,5483,15913
LEBL,2019,9,DEP,15969,5,460,1682,3061,4179,6582,15969
LEBL,2019,10,ARR,15268,2617,3529,2025,1576,2101,3416,15264
LEBL,2019,10,DEP,15335,8,718,2392,3601,4218,4398,15335
LEBL,2019,11,ARR,11735,2175,3142,1713,1260,1569,1855,11714
LEBL,2019,11,DEP,11873,8,883,2447,3258,2928,2349,11873
LEBL,2019,12,ARR,12460,2270,2870,1584,1274,1639,2801,12438
LEBL,2019,12,DEP,12520,12,920,2315,2985,2965,3323,12520
LEBL,NA,NA,ARR,3,0,0,0,0,0,0,0
LEBL,NA,NA,DEP,10,0,0,0,0,0,0,0
LEBL,2020,1,ARR,11642,2752,3077,1535,1145,1418,1695,11622
LEBL,2020,1,DEP,11682,8,1104,2693,3160,2559,2158,11682
LEBL,2020,2,ARR,11410,2586,2931,1483,1140,1340,1907,11387
LEBL,2020,2,DEP,11438,6,1100,2719,3039,2328,2246,11438
LEBL,2020,3,ARR,6844,1639,1648,809,583,728,1423,6830
LEBL,2020,3,DEP,6897,31,888,1580,1464,1150,1783,6896
LEBL,2020,4,ARR,707,319,165,68,43,55,57,707
LEBL,2020,4,DEP,741,21,232,170,127,96,94,740
LEBL,2020,5,ARR,821,311,172,73,62,71,132,821
LEBL,2020,5,DEP,876,30,178,186,182,132,168,876
LEBL,2020,6,ARR,1318,441,283,134,122,142,196,1318
LEBL,2020,6,DEP,1350,22,221,265,326,248,268,1350
LEBL,2020,7,ARR,5104,1873,1432,579,382,393,445,5104
LEBL,2020,7,DEP,5169,20,860,1562,1278,867,582,5169
LEBL,2020,8,ARR,6975,3112,2036,708,375,362,382,6975
LEBL,2020,8,DEP,7007,38,1742,2615,1476,688,448,7007
LEBL,2020,9,ARR,5186,2549,1447,427,256,232,275,5186
LEBL,2020,9,DEP,5237,28,1532,1809,1016,500,352,5237
LEBL,2020,10,ARR,4403,1918,1205,400,277,272,331,4403
LEBL,2020,10,DEP,4447,29,1150,1454,926,534,354,4447
LEBL,2020,11,ARR,2596,861,866,273,198,210,188,2596
LEBL,2020,11,DEP,2653,17,573,764,633,386,280,2653
LEBL,2020,12,ARR,3520,913,1031,451,332,357,436,3520
LEBL,2020,12,DEP,3558,24,603,908,821,633,567,3556
LEBL,NA,NA,ARR,4,0,0,0,0,0,0,0
LEBL,NA,NA,DEP,1,0,0,0,0,0,0,0
LEBL,2021,1,ARR,2719,669,752,309,220,326,443,2719
LEBL,2021,1,DEP,2763,13,561,633,615,452,489,2763
LEBL,2021,2,ARR,1939,510,533,221,152,228,295,1939
LEBL,2021,2,DEP,1962,21,320,422,491,413,295,1962
LEBL,2021,3,ARR,2490,667,761,271,223,282,286,2490
LEBL,2021,3,DEP,2562,17,408,646,647,502,342,2562
LEBL,2021,4,ARR,3114,908,943,388,255,312,308,3114
LEBL,2021,4,DEP,3152,13,636,907,806,476,314,3152
LEBL,2021,5,ARR,4597,1342,1355,526,391,512,471,4597
LEBL,2021,5,DEP,4642,15,765,1310,1211,811,530,4642
LEBL,2021,6,ARR,6611,1827,1888,842,587,717,750,6611
LEBL,2021,6,DEP,6640,13,900,1855,1798,1228,846,6640
LEBL,2021,7,ARR,9750,2474,2660,1236,875,1126,1378,9749
LEBL,2021,7,DEP,9838,4,996,2308,2660,2104,1765,9837
LEBL,2021,8,ARR,10813,2530,2866,1398,1079,1272,1667,10812
LEBL,2021,8,DEP,10853,7,1086,2554,2852,2284,2068,10851
LEBL,2021,9,ARR,10288,2971,2854,1208,903,1040,1308,10284
LEBL,2021,9,DEP,10383,19,1428,2835,2577,1931,1593,10383
LEBL,2021,10,ARR,9893,2922,2717,1170,870,1044,1166,9889
LEBL,2021,10,DEP,9967,11,1373,2516,2588,1916,1563,9967
LEBL,2021,11,ARR,8811,1901,2542,1185,826,1115,1240,8809
LEBL,2021,11,DEP,8875,8,1029,2230,2313,1730,1565,8875
LEBL,2021,12,ARR,9626,2336,2786,1268,844,1063,1329,9626
LEBL,2021,12,DEP,9684,13,1454,2648,2239,1739,1590,9683
LEBL,NA,NA,DEP,3,0,0,0,0,0,0,0
LEMD,2019,1,ARR,16285,3742,4152,2233,1743,2085,2330,16285
LEMD,2019,1,DEP,16396,52,959,3730,5127,4063,2465,16396
LEMD,2019,2,ARR,14955,3531,3809,1982,1526,1902,2204,14954
LEMD,2019,2,DEP,15035,37,954,3566,4747,3452,2279,15035
LEMD,2019,3,ARR,16846,2824,3289,1977,1813,2669,4274,16846
LEMD,2019,3,DEP,17075,16,697,2913,4596,4332,4520,17074
LEMD,2019,4,ARR,17235,2706,3837,2284,2012,2701,3694,17234
LEMD,2019,4,DEP,17352,20,645,3051,4724,4804,4106,17350
LEMD,2019,5,ARR,18413,3595,4677,2373,1957,2381,3429,18412
LEMD,2019,5,DEP,18551,41,846,3809,5212,4757,3885,18550
LEMD,2019,6,ARR,18749,2163,3162,2270,2181,3381,5591,18748
LEMD,2019,6,DEP,18896,19,374,2496,4604,5372,6029,18894
LEMD,2019,7,ARR,19252,2541,3563,2319,2061,3157,5611,19252
LEMD,2019,7,DEP,19390,4,338,2426,4578,5576,6468,19390
LEMD,2019,8,ARR,18328,2913,3653,2186,1956,2917,4702,18327
LEMD,2019,8,DEP,18472,11,471,2600,4520,5337,5533,18472
LEMD,2019,9,ARR,18415,2973,3965,2310,1947,2820,4399,18414
LEMD,2019,9,DEP,18516,11,549,3080,4926,5131,4818,18515
LEMD,2019,10,ARR,18407,3361,4207,2432,2098,2760,3549,18407
LEMD,2019,10,DEP,18526,29,657,3410,5315,5247,3866,18524
LEMD,2019,11,ARR,15880,2722,3475,2143,1814,2655,3069,15878
LEMD,2019,11,DEP,16080,25,622,2977,4625,4468,3354,16071
LEMD,2019,12,ARR,16963,2961,3140,1751,1591,2370,5150,16963
LEMD,2019,12,DEP,17041,26,630,2542,4083,4374,5374,17029
LEMD,NA,NA,DEP,16,0,0,0,0,0,0,0
LEMD,2020,1,ARR,16471,4257,4002,2138,1648,1937,2489,16471
LEMD,2020,1,DEP,16574,29,971,3480,4880,4270,2934,16564
LEMD,2020,2,ARR,15488,3883,3744,1868,1453,1812,2727,15487
LEMD,2020,2,DEP,15556,33,992,3552,4423,3664,2892,15556
LEMD,2020,3,ARR,9822,2971,2145,1089,866,1131,1619,9821
LEMD,2020,3,DEP,9843,41,776,2388,2641,2095,1902,9843
LEMD,2020,4,ARR,1165,560,157,76,58,83,230,1164
LEMD,2020,4,DEP,1240,52,263,222,237,207,258,1239
LEMD,2020,5,ARR,1369,556,193,86,87,132,314,1368
LEMD,2020,5,DEP,1479,80,187,203,255,297,456,1478
LEMD,2020,6,ARR,1772,645,296,169,126,203,333,1772
LEMD,2020,6,DEP,1852,31,267,333,421,401,398,1851
LEMD,2020,7,ARR,5213,1946,1262,466,362,447,730,5213
LEMD,2020,7,DEP,5327,27,600,1153,1453,1090,1003,5326
LEMD,2020,8,ARR,7497,3457,1984,664,453,403,535,7496
LEMD,2020,8,DEP,7557,36,1122,2434,2138,1175,652,7557
LEMD,2020,9,ARR,6105,3137,1425,480,308,322,432,6104
LEMD,2020,9,DEP,6190,53,1103,1990,1595,856,592,6189
LEMD,2020,10,ARR,5550,2519,1360,466,299,391,515,5550
LEMD,2020,10,DEP,5649,33,958,1823,1377,835,623,5649
LEMD,2020,11,ARR,4874,2142,1194,431,338,356,413,4874
LEMD,2020,11,DEP,4958,17,525,1222,1396,1021,777,4958
LEMD,2020,12,ARR,5920,2093,1431,608,454,561,771,5918
LEMD,2020,12,DEP,6031,19,551,1365,1568,1379,1149,6031
LEMD,NA,NA,ARR,2,0,0,0,0,0,0,0
LEMD,NA,NA,DEP,15,0,0,0,0,0,0,0
LEMD,2021,1,ARR,4962,1508,968,417,347,466,1256,4962
LEMD,2021,1,DEP,4952,19,386,987,1040,1032,1486,4950
LEMD,2021,2,ARR,4752,1805,1182,494,350,374,547,4752
LEMD,2021,2,DEP,4792,26,481,1123,1399,1088,675,4792
LEMD,2021,3,ARR,5536,2188,1412,548,412,434,542,5536
LEMD,2021,3,DEP,5587,30,534,1318,1710,1278,715,5585
LEMD,2021,4,ARR,5960,2449,1584,586,381,436,524,5960
LEMD,2021,4,DEP,6039,36,698,1826,1848,1048,581,6037
LEMD,2021,5,ARR,6894,2081,1817,868,599,695,833,6893
LEMD,2021,5,DEP,6972,29,649,1836,2091,1466,900,6971
LEMD,2021,6,ARR,8667,2381,2231,1015,791,1010,1238,8666
LEMD,2021,6,DEP,8730,37,723,2024,2593,2090,1259,8726
LEMD,2021,7,ARR,10966,2762,2600,1312,1068,1456,1768,10966
LEMD,2021,7,DEP,11168,23,626,2213,3213,2947,2144,11166
LEMD,2021,8,ARR,11502,2605,2972,1467,1188,1507,1762,11501
LEMD,2021,8,DEP,11626,25,663,2376,3415,3055,2090,11624
LEMD,2021,9,ARR,11356,2644,2804,1486,1229,1483,1710,11356
LEMD,2021,9,DEP,11407,31,746,2579,3420,2751,1880,11407
LEMD,2021,10,ARR,11614,2903,2842,1467,1118,1499,1785,11614
LEMD,2021,10,DEP,11712,26,777,2400,3314,3100,2095,11712
LEMD,2021,11,ARR,11872,3182,2794,1393,1111,1487,1905,11872
LEMD,2021,11,DEP,11893,24,641,2279,3214,3209,2526,11893
LEMD,2021,12,ARR,12515,3367,2883,1470,1172,1540,2082,12514
LEMD,2021,12,DEP,12384,28,756,2567,3473,3000,2560,12384
LEMD,NA,NA,DEP,8,0,0,0,0,0,0,0
LFPG,2018,12,ARR,4,1,0,2,0,0,1,4
LFPG,2019,1,ARR,19035,3253,4383,2696,2230,2704,3769,19035
LFPG,2019,1,DEP,19064,81,943,3704,4434,4713,5189,19064
LFPG,2019,2,ARR,17616,3607,4564,2627,1934,2214,2670,17616
LFPG,2019,2,DEP,17611,72,896,3320,4387,4636,4300,17611
LFPG,2019,3,ARR,20039,3397,4525,2885,2379,3061,3792,20039
LFPG,2019,3,DEP,20083,87,870,3552,4574,5392,5608,20083
LFPG,2019,4,ARR,21411,2925,4612,3153,2673,3397,4651,21411
LFPG,2019,4,DEP,21402,56,683,3418,4737,5907,6601,21402
LFPG,2019,5,ARR,21955,3051,4845,3392,2793,3384,4490,21955
LFPG,2019,5,DEP,21991,72,1017,4103,5039,5663,6097,21991
LFPG,2019,6,ARR,22154,2783,4225,3053,2651,3554,5887,22153
LFPG,2019,6,DEP,22171,40,475,2636,4109,5938,8973,22171
LFPG,2019,7,ARR,23521,3336,4520,3299,2776,3691,5899,23521
LFPG,2019,7,DEP,23541,46,384,2358,4250,6474,10029,23541
LFPG,2019,8,ARR,23586,3036,4771,3341,2867,3687,5884,23586
LFPG,2019,8,DEP,23645,84,780,3372,4892,5937,8580,23645
LFPG,2019,9,ARR,22567,3150,4866,3464,2939,3464,4684,22567
LFPG,2019,9,DEP,22548,69,855,3858,5070,6068,6628,22548
LFPG,2019,10,ARR,22214,2948,4710,3490,3013,3645,4407,22213
LFPG,2019,10,DEP,22239,69,821,3781,5218,6035,6314,22238
LFPG,2019,11,ARR,19224,3813,5086,3069,2257,2457,2542,19224
LFPG,2019,11,DEP,19253,94,1164,4278,4842,4746,4129,19253
LFPG,2019,12,ARR,19483,2846,3880,2725,2374,3164,4494,19483
LFPG,2019,12,DEP,19442,61,554,2376,4030,5196,7225,19442
LFPG,NA,NA,ARR,3785,0,0,0,0,0,0,0
LFPG,NA,NA,DEP,3662,0,0,0,0,0,0,0
LFPG,2019,12,ARR,4,3,1,0,0,0,0,4
LFPG,2019,12,DEP,1,0,0,0,0,0,1,1
LFPG,2020,1,ARR,18930,3371,4768,2812,2254,2535,3190,18930
LFPG,2020,1,DEP,18934,65,863,3585,4781,4882,4757,18933
LFPG,2020,2,ARR,17931,3016,4115,2712,2204,2637,3247,17931
LFPG,2020,2,DEP,17935,61,829,3347,4391,4646,4660,17934
LFPG,2020,3,ARR,11877,3372,3254,1541,1083,1131,1496,11877
LFPG,2020,3,DEP,11830,198,969,2781,2963,2531,2388,11830
LFPG,2020,4,ARR,2124,703,460,192,177,203,389,2124
LFPG,2020,4,DEP,2119,207,409,394,345,283,481,2119
LFPG,2020,5,ARR,2926,822,502,303,281,331,683,2922
LFPG,2020,5,DEP,2938,302,393,461,444,555,783,2938
LFPG,2020,6,ARR,4946,1492,1070,549,516,561,755,4943
LFPG,2020,6,DEP,4926,222,467,770,938,1208,1320,4925
LFPG,2020,7,ARR,9561,2568,2790,1386,908,915,992,9559
LFPG,2020,7,DEP,9594,127,515,1689,2038,2463,2761,9593
LFPG,2020,8,ARR,11557,3778,3617,1431,852,840,1037,11555
LFPG,2020,8,DEP,11488,142,910,2518,2492,2792,2634,11488
LFPG,2020,9,ARR,9485,3710,2847,1093,601,584,650,9485
LFPG,2020,9,DEP,9427,144,1160,2498,2227,1794,1604,9427
LFPG,2020,10,ARR,8472,2654,2378,1114,784,746,796,8472
LFPG,2020,10,DEP,8465,128,815,1946,1852,1916,1806,8463
LFPG,2020,11,ARR,5997,2122,1469,683,491,568,663,5996
LFPG,2020,11,DEP,5930,175,742,1170,1219,1306,1317,5929
LFPG,2020,12,ARR,6990,1451,1452,966,806,836,1478,6989
LFPG,2020,12,DEP,6956,95,323,860,1287,1631,2760,6956
LFPG,NA,NA,ARR,1211,0,0,0,0,0,0,0
LFPG,NA,NA,DEP,986,0,0,0,0,0,0,0
LFPG,2020,12,ARR,2,0,0,0,0,2,0,2
LFPG,2020,12,DEP,1,1,0,0,0,0,0,1
LFPG,2021,1,ARR,7145,1592,1680,917,759,900,1297,7145
LFPG,2021,1,DEP,7127,105,454,1072,1466,1772,2257,7126
LFPG,2021,2,ARR,6122,1794,1403,706,516,686,1017,6122
LFPG,2021,2,DEP,6137,119,440,957,1197,1448,1975,6136
LFPG,2021,3,ARR,7088,2057,1800,876,670,719,966,7088
LFPG,2021,3,DEP,7078,155,565,1240,1530,1590,1998,7078
LFPG,2021,4,ARR,7142,1681,1910,968,729,813,1041,7142
LFPG,2021,4,DEP,7134,165,594,1347,1562,1531,1935,7134
LFPG,2021,5,ARR,7591,1591,1806,1117,864,1010,1202,7590
LFPG,2021,5,DEP,7601,149,533,1392,1641,1769,2117,7601
LFPG,2021,6,ARR,9360,2105,2395,1313,955,1086,1505,9359
LFPG,2021,6,DEP,9389,103,400,1322,1899,2224,3441,9389
LFPG,2021,7,ARR,13676,2133,2794,1741,1570,2054,3384,13676
LFPG,2021,7,DEP,13702,73,288,1034,1892,3219,7196,13702
LFPG,2021,8,ARR,14706,2026,3009,1990,1800,2434,3447,14706
LFPG,2021,8,DEP,14716,139,469,1650,2543,3724,6191,14716
LFPG,2021,9,ARR,12886,2442,3136,1884,1432,1738,2253,12885
LFPG,2021,9,DEP,12844,106,573,1888,2615,3330,4331,12843
LFPG,2021,10,ARR,13405,2211,3126,2081,1661,1964,2362,13405
LFPG,2021,10,DEP,13405,109,461,1608,2499,3573,5153,13403
LFPG,2021,11,ARR,13979,2604,3283,1962,1557,1993,2580,13979
LFPG,2021,11,DEP,13981,91,553,1912,2630,3521,5271,13978
LFPG,2021,12,ARR,14844,2085,3171,1932,1664,2426,3564,14842
LFPG,2021,12,DEP,14857,66,503,1880,2461,3605,6342,14857
LFPG,NA,NA,ARR,16,0,0,0,0,0,0,0
LFPG,NA,NA,DEP,5,0,0,0,0,0,0,0
LIRF,2019,1,ARR,11504,1833,2638,1648,1989,1562,1834,11504
LIRF,2019,1,DEP,11520,174,1524,2622,3476,1889,1835,11520
LIRF,2019,2,ARR,10750,1893,2595,1488,1739,1457,1578,10750
LIRF,2019,2,DEP,10753,155,1502,2433,3210,1829,1624,10753
LIRF,2019,3,ARR,11958,2123,2852,1612,1958,1591,1822,11958
LIRF,2019,3,DEP,11969,175,1561,2586,3544,2147,1956,11969
LIRF,2019,4,ARR,13153,1777,2847,1788,2339,1935,2467,13153
LIRF,2019,4,DEP,13151,118,1328,2444,3849,2618,2792,13149
LIRF,2019,5,ARR,13628,1765,2901,1870,2515,1926,2650,13627
LIRF,2019,5,DEP,13625,153,1351,2536,3918,2576,3090,13624
LIRF,2019,6,ARR,14221,1683,2676,1730,2387,2225,3519,14220
LIRF,2019,6,DEP,14227,141,836,1958,3851,3023,4418,14227
LIRF,2019,7,ARR,14984,1771,2597,1871,2583,2325,3837,14984
LIRF,2019,7,DEP,14960,100,687,1863,4044,3287,4978,14959
LIRF,2019,8,ARR,14991,1921,2692,1839,2537,2347,3655,14991
LIRF,2019,8,DEP,14978,103,704,1790,3979,3480,4921,14977
LIRF,2019,9,ARR,14030,1916,2744,1712,2431,2113,3114,14030
LIRF,2019,9,DEP,14029,125,950,2066,3758,3177,3951,14027
LIRF,2019,10,ARR,13193,1960,2624,1661,2491,1923,2534,13193
LIRF,2019,10,DEP,13189,116,1024,2112,3702,2995,3240,13189
LIRF,2019,11,ARR,11190,1795,2296,1496,1969,1581,2053,11190
LIRF,2019,11,DEP,11186,107,999,1901,3113,2581,2484,11185
LIRF,2019,12,ARR,11276,1839,2299,1390,1847,1614,2286,11275
LIRF,2019,12,DEP,11257,132,1003,1867,3096,2383,2776,11257
LIRF,NA,NA,ARR,57,0,0,0,0,0,0,0
LIRF,NA,NA,DEP,38,0,0,0,0,0,0,0
LIRF,2020,1,ARR,10598,2578,2742,1392,1684,1041,1161,10598
LIRF,2020,1,DEP,10608,198,1514,2541,3182,1754,1419,10608
LIRF,2020,2,ARR,9679,2290,2487,1245,1565,973,1119,9679
LIRF,2020,2,DEP,9685,177,1450,2267,2870,1543,1378,9685
LIRF,2020,3,ARR,4312,1487,1109,414,596,287,419,4312
LIRF,2020,3,DEP,4292,154,935,1142,1093,494,474,4292
LIRF,2020,4,ARR,1197,538,194,59,166,63,177,1197
LIRF,2020,4,DEP,1182,178,293,215,300,92,104,1182
LIRF,2020,5,ARR,1374,627,228,85,141,98,195,1374
LIRF,2020,5,DEP,1370,131,320,263,344,138,174,1370
LIRF,2020,6,ARR,1777,550,387,194,263,180,202,1776
LIRF,2020,6,DEP,1779,91,232,329,393,330,404,1779
LIRF,2020,7,ARR,3895,1224,981,428,578,331,353,3895
LIRF,2020,7,DEP,3898,115,391,739,1067,794,792,3898
LIRF,2020,8,ARR,5054,1928,1307,508,741,292,277,5053
LIRF,2020,8,DEP,5055,173,864,1317,1428,755,518,5055
LIRF,2020,9,ARR,4338,1796,1116,416,626,197,187,4338
LIRF,2020,9,DEP,4333,147,945,1254,1189,475,323,4333
LIRF,2020,10,ARR,4116,1691,1031,357,609,209,219,4116
LIRF,2020,10,DEP,4114,208,1044,1146,1037,408,271,4114
LIRF,2020,11,ARR,2642,1261,603,194,323,108,153,2642
LIRF,2020,11,DEP,2641,150,745,700,580,250,215,2640
LIRF,2020,12,ARR,2714,922,618,293,387,216,278,2714
LIRF,2020,12,DEP,2709,101,531,618,689,396,374,2709
LIRF,NA,NA,ARR,15,0,0,0,0,0,0,0
LIRF,NA,NA,DEP,9,0,0,0,0,0,0,0
LIRF,2021,1,ARR,2414,710,541,268,364,232,298,2413
LIRF,2021,1,DEP,2418,128,457,514,655,329,335,2418
LIRF,2021,2,ARR,2104,549,447,246,359,241,262,2104
LIRF,2021,2,DEP,2104,102,319,385,593,345,360,2104
LIRF,2021,3,ARR,2467,741,581,285,409,220,231,2467
LIRF,2021,3,DEP,2468,124,362,557,761,350,314,2468
LIRF,2021,4,ARR,3120,1078,874,353,432,198,185,3120
LIRF,2021,4,DEP,3119,138,671,822,867,352,269,3119
LIRF,2021,5,ARR,3309,1019,903,402,560,206,219,3309
LIRF,2021,5,DEP,3310,151,585,894,909,462,309,3310
LIRF,2021,6,ARR,4322,1178,1157,542,658,361,426,4322
LIRF,2021,6,DEP,4310,124,514,1022,1306,770,574,4310
LIRF,2021,7,ARR,6232,1276,1335,788,1077,726,1029,6231
LIRF,2021,7,DEP,6231,112,561,1211,1774,1262,1311,6231
LIRF,2021,8,ARR,7300,1480,1618,888,1166,897,1251,7300
LIRF,2021,8,DEP,7299,111,641,1425,2111,1495,1516,7299
LIRF,2021,9,ARR,6463,1292,1413,821,983,783,1171,6463
LIRF,2021,9,DEP,6464,121,521,1092,1717,1312,1701,6464
LIRF,2021,10,ARR,6146,993,1271,718,1107,792,1265,6146
LIRF,2021,10,DEP,6152,107,521,1022,1645,1191,1666,6152
LIRF,2021,11,ARR,6302,1155,1435,816,1096,725,1075,6302
LIRF,2021,11,DEP,6316,134,777,1318,1646,1183,1258,6316
LIRF,2021,12,ARR,6646,1278,1524,791,1127,754,1172,6646
LIRF,2021,12,DEP,6634,141,997,1500,1692,1110,1194,6634
LIRF,NA,NA,ARR,28,0,0,0,0,0,0,0
LIRF,NA,NA,DEP,16,0,0,0,0,0,0,0
LSZH,2019,1,ARR,10659,899,2151,1475,1416,2100,2618,10659
LSZH,2019,1,DEP,10682,43,770,1846,2436,2858,2729,10682
LSZH,2019,2,ARR,9675,906,2425,1568,1326,1683,1767,9675
LSZH,2019,2,DEP,9715,48,832,1918,2493,2466,1958,9715
LSZH,2019,3,ARR,10889,823,2093,1498,1488,2168,2819,10889
LSZH,2019,3,DEP,10906,40,626,1690,2482,3116,2952,10906
LSZH,2019,4,ARR,11495,722,2339,1620,1619,2323,2872,11495
LSZH,2019,4,DEP,11507,28,461,1656,2689,3517,3156,11507
LSZH,2019,5,ARR,12101,684,2160,1717,1710,2421,3409,12101
LSZH,2019,5,DEP,12133,16,247,1268,2580,3934,4088,12133
LSZH,2019,6,ARR,12210,595,1861,1575,1698,2577,3904,12210
LSZH,2019,6,DEP,12216,13,230,896,2325,3826,4926,12216
LSZH,2019,7,ARR,12725,800,2063,1591,1698,2566,4007,12725
LSZH,2019,7,DEP,12754,32,244,1031,2416,3942,5089,12754
LSZH,2019,8,ARR,12456,731,2078,1734,1761,2691,3461,12456
LSZH,2019,8,DEP,12470,19,262,1112,2607,3900,4570,12470
LSZH,2019,9,ARR,12057,815,2238,1714,1740,2646,2904,12057
LSZH,2019,9,DEP,12065,21,352,1215,2770,4041,3666,12065
LSZH,2019,10,ARR,11894,948,2525,1748,1674,2369,2630,11894
LSZH,2019,10,DEP,11931,34,481,1717,3029,3676,2994,11931
LSZH,2019,11,ARR,9831,1054,2600,1563,1492,1683,1439,9831
LSZH,2019,11,DEP,9850,34,596,1942,2795,2961,1522,9850
LSZH,2019,12,ARR,10004,973,2194,1430,1319,1848,2240,10004
LSZH,2019,12,DEP,10040,24,417,1311,2423,3098,2767,10040
LSZH,2020,1,ARR,10104,1043,2620,1531,1352,1779,1779,10104
LSZH,2020,1,DEP,10121,42,647,1928,2680,2890,1934,10121
LSZH,2020,2,ARR,9194,848,2104,1328,1243,1665,2006,9194
LSZH,2020,2,DEP,9214,31,474,1515,2518,2670,2006,9214
LSZH,2020,3,ARR,5428,866,1583,819,719,736,704,5427
LSZH,2020,3,DEP,5518,71,629,1465,1468,1215,670,5518
LSZH,2020,4,ARR,897,185,187,99,88,154,184,897
LSZH,2020,4,DEP,926,72,210,210,195,146,93,926
LSZH,2020,5,ARR,1389,224,257,152,184,276,296,1389
LSZH,2020,5,DEP,1422,101,257,276,303,312,173,1422
LSZH,2020,6,ARR,2419,433,560,337,281,421,387,2419
LSZH,2020,6,DEP,2402,100,335,467,600,578,322,2402
LSZH,2020,7,ARR,4765,934,1578,636,525,611,481,4765
LSZH,2020,7,DEP,4810,67,623,1439,1393,915,373,4810
LSZH,2020,8,ARR,5282,1070,1729,733,597,672,481,5282
LSZH,2020,8,DEP,5284,74,933,1768,1342,842,325,5284
LSZH,2020,9,ARR,4612,1177,1439,589,457,541,409,4612
LSZH,2020,9,DEP,4657,111,887,1541,1123,657,338,4657
LSZH,2020,10,ARR,4086,825,1218,626,449,541,427,4086
LSZH,2020,10,DEP,4130,103,856,1182,964,656,369,4130
LSZH,2020,11,ARR,2730,577,708,373,305,410,357,2730
LSZH,2020,11,DEP,2760,56,424,647,719,610,304,2760
LSZH,2020,12,ARR,3144,500,726,417,382,563,556,3144
LSZH,2020,12,DEP,3182,27,309,577,782,821,666,3182
LSZH,2021,1,ARR,2708,366,596,319,325,516,586,2708
LSZH,2021,1,DEP,2739,39,305,475,598,658,664,2739
LSZH,2021,2,ARR,2215,349,426,280,259,446,455,2215
LSZH,2021,2,DEP,2253,32,311,436,540,527,407,2253
LSZH,2021,3,ARR,2752,394,621,379,325,525,508,2752
LSZH,2021,3,DEP,2763,73,379,577,669,645,420,2763
LSZH,2021,4,ARR,3244,457,834,441,414,571,527,3244
LSZH,2021,4,DEP,3286,77,480,803,862,668,396,3286
LSZH,2021,5,ARR,3883,561,962,523,549,714,574,3883
LSZH,2021,5,DEP,3897,65,501,951,1042,898,440,3897
LSZH,2021,6,ARR,4937,730,1333,693,649,794,738,4937
LSZH,2021,6,DEP,4939,73,566,1164,1305,1136,695,4939
LSZH,2021,7,ARR,7489,759,1657,1071,1053,1314,1635,7489
LSZH,2021,7,DEP,7530,56,400,1211,1886,2056,1921,7530
LSZH,2021,8,ARR,7937,701,1575,1137,1019,1535,1970,7937
LSZH,2021,8,DEP,7920,58,542,1359,1921,2085,1955,7920
LSZH,2021,9,ARR,7833,896,2049,1174,1085,1331,1298,7833
LSZH,2021,9,DEP,7869,77,659,1547,2084,2156,1346,7869
LSZH,2021,10,ARR,8175,805,1811,1255,1165,1513,1626,8175
LSZH,2021,10,DEP,8223,70,544,1496,2102,2307,1704,8223
LSZH,2021,11,ARR,6545,678,1665,976,864,1129,1233,6545
LSZH,2021,11,DEP,6566,42,517,1384,1859,1690,1074,6566
LSZH,2021,12,ARR,6871,711,1504,941,884,1273,1558,6871
LSZH,2021,12,DEP,6913,53,422,1213,1764,1910,1551,6913
