ICAO,YEAR,PHASE,SLOT2,N,FLIGHTS,N_VALID,SHARE,LABEL
SBBR,2019,ARR,EARLY,16960,16960,59999,0.2826713778562976,EARLY-28.3%
SBBR,2019,ARR,EARLY_1505,19570,19570,59999,0.32617210286838116,EARLY_1505-32.6%
SBBR,2019,ARR,WITHIN_5,11517,11517,59999,0.191953199219987,WITHIN_5-19.2%
SBBR,2019,ARR,LATE_0515,5233,5233,59999,0.08721812030200503,LATE_0515-8.7%
SBBR,2019,ARR,LATE,6719,6719,59999,0.11198519975332923,LATE-11.2%
SBBR,2019,DEP,EARLY,217,217,60102,0.003610528767761472,EARLY-0.4%
SBBR,2019,DEP,EARLY_1505,18116,18116,60102,0.301420917773119,EARLY_1505-30.1%
SBBR,2019,DEP,WITHIN_5,24911,24911,60102,0.41447871951016607,WITHIN_5-41.4%
SBBR,2019,DEP,LATE_0515,8175,8175,60102,0.1360187680942398,LATE_0515-13.6%
SBBR,2019,DEP,LATE,8683,8683,60102,0.14447106585471364,LATE-14.4%
SBBR,2020,ARR,EARLY,8923,8923,30784,0.289858367983368,EARLY-29%
SBBR,2020,ARR,EARLY_1505,10544,10544,30784,0.3425155925155925,EARLY_1505-34.3%
SBBR,2020,ARR,WITHIN_5,6155,6155,30784,0.19994152806652807,WITHIN_5-20%
SBBR,2020,ARR,LATE_0515,2492,2492,30784,0.08095114345114345,LATE_0515-8.1%
SBBR,2020,ARR,LATE,2670,2670,30784,0.08673336798336799,LATE-8.7%
SBBR,2020,DEP,EARLY,192,192,30757,0.006242481386351075,EARLY-0.6%
SBBR,2020,DEP,EARLY_1505,10810,10810,30757,0.3514647072211204,EARLY_1505-35.1%
SBBR,2020,DEP,WITHIN_5,12398,12398,30757,0.40309523035406575,WITHIN_5-40.3%
SBBR,2020,DEP,LATE_0515,3843,3843,30757,0.12494716649868323,LATE_0515-12.5%
SBBR,2020,DEP,LATE,3514,3514,30757,0.11425041453977956,LATE-11.4%
SBBR,2021,ARR,EARLY,12523,12523,39507,0.316981800693548,EARLY-31.7%
SBBR,2021,ARR,EARLY_1505,14518,14518,39507,0.3674791809046498,EARLY_1505-36.7%
SBBR,2021,ARR,WITHIN_5,7158,7158,39507,0.18118308147923154,WITHIN_5-18.1%
SBBR,2021,ARR,LATE_0515,2476,2476,39507,0.06267243779583365,LATE_0515-6.3%
SBBR,2021,ARR,LATE,2832,2832,39507,0.07168349912673704,LATE-7.2%
SBBR,2021,DEP,EARLY,193,193,39497,0.004886447071929514,EARLY-0.5%
SBBR,2021,DEP,EARLY_1505,14643,14643,39497,0.3707370180013672,EARLY_1505-37.1%
SBBR,2021,DEP,WITHIN_5,17153,17153,39497,0.4342861483150619,WITHIN_5-43.4%
SBBR,2021,DEP,LATE_0515,3874,3874,39497,0.09808339873914475,LATE_0515-9.8%
SBBR,2021,DEP,LATE,3634,3634,39497,0.09200698787249664,LATE-9.2%
SBBR,2022,ARR,EARLY,7337,7337,26648,0.27533023116181327,EARLY-27.5%
SBBR,2022,ARR,EARLY_1505,9857,9857,26648,0.36989642749924945,EARLY_1505-37%
SBBR,2022,ARR,WITHIN_5,5322,5322,26648,0.1997148003602522,WITHIN_5-20%
SBBR,2022,ARR,LATE_0515,1991,1991,26648,0.07471480036025217,LATE_0515-7.5%
SBBR,2022,ARR,LATE,2141,2141,26648,0.0803437406184329,LATE-8%
SBBR,2022,DEP,EARLY,80,80,27475,0.0029117379435850774,EARLY-0.3%
SBBR,2022,DEP,EARLY_1505,9711,9711,27475,0.3534485896269336,EARLY_1505-35.3%
SBBR,2022,DEP,WITHIN_5,12259,12259,27475,0.44618744313011827,WITHIN_5-44.6%
SBBR,2022,DEP,LATE_0515,2954,2954,27475,0.10751592356687899,LATE_0515-10.8%
SBBR,2022,DEP,LATE,2471,2471,27475,0.08993630573248408,LATE-9%
SBCF,2019,ARR,EARLY,8814,8814,49077,0.17959532978788434,EARLY-18%
SBCF,2019,ARR,EARLY_1505,16122,16122,49077,0.3285041872975121,EARLY_1505-32.9%
SBCF,2019,ARR,WITHIN_5,11859,11859,49077,0.24164068708356257,WITHIN_5-24.2%
SBCF,2019,ARR,LATE_0515,5521,5521,49077,0.1124966888766632,LATE_0515-11.2%
SBCF,2019,ARR,LATE,6761,6761,49077,0.13776310695437782,LATE-13.8%
SBCF,2019,DEP,EARLY,103,103,49268,0.0020906064788503696,EARLY-0.2%
SBCF,2019,DEP,EARLY_1505,10115,10115,49268,0.20530567508321831,EARLY_1505-20.5%
SBCF,2019,DEP,WITHIN_5,22835,22835,49268,0.4634854266460989,WITHIN_5-46.3%
SBCF,2019,DEP,LATE_0515,7947,7947,49268,0.16130145327596004,LATE_0515-16.1%
SBCF,2019,DEP,LATE,8268,8268,49268,0.16781683851587237,LATE-16.8%
SBCF,2020,ARR,EARLY,5782,5782,22138,0.2611798717137953,EARLY-26.1%
SBCF,2020,ARR,EARLY_1505,7461,7461,22138,0.33702231457222875,EARLY_1505-33.7%
SBCF,2020,ARR,WITHIN_5,4468,4468,22138,0.20182491643328213,WITHIN_5-20.2%
SBCF,2020,ARR,LATE_0515,1986,1986,22138,0.08971000090342397,LATE_0515-9%
SBCF,2020,ARR,LATE,2441,2441,22138,0.11026289637726985,LATE-11%
SBCF,2020,DEP,EARLY,210,210,22198,0.009460311739796378,EARLY-0.9%
SBCF,2020,DEP,EARLY_1505,7645,7645,22198,0.344400396432111,EARLY_1505-34.4%
SBCF,2020,DEP,WITHIN_5,9031,9031,22198,0.4068384539147671,WITHIN_5-40.7%
SBCF,2020,DEP,LATE_0515,2585,2585,22198,0.11645193260654113,LATE_0515-11.6%
SBCF,2020,DEP,LATE,2727,2727,22198,0.1228489053067844,LATE-12.3%
SBCF,2021,ARR,EARLY,8059,8059,31243,0.2579457798546875,EARLY-25.8%
SBCF,2021,ARR,EARLY_1505,12035,12035,31243,0.3852062862081106,EARLY_1505-38.5%
SBCF,2021,ARR,WITHIN_5,6107,6107,31243,0.19546778478379156,WITHIN_5-19.5%
SBCF,2021,ARR,LATE_0515,2353,2353,31243,0.07531287008289857,LATE_0515-7.5%
SBCF,2021,ARR,LATE,2689,2689,31243,0.0860672790705118,LATE-8.6%
SBCF,2021,DEP,EARLY,269,269,31642,0.008501358953289932,EARLY-0.9%
SBCF,2021,DEP,EARLY_1505,12416,12416,31642,0.39238986157638583,EARLY_1505-39.2%
SBCF,2021,DEP,WITHIN_5,13069,13069,31642,0.41302698944440935,WITHIN_5-41.3%
SBCF,2021,DEP,LATE_0515,2975,2975,31642,0.09402060552430314,LATE_0515-9.4%
SBCF,2021,DEP,LATE,2913,2913,31642,0.09206118450161178,LATE-9.2%
SBCF,2022,ARR,EARLY,5398,5398,22995,0.23474668406175256,EARLY-23.5%
SBCF,2022,ARR,EARLY_1505,8952,8952,22995,0.3893020221787345,EARLY_1505-38.9%
SBCF,2022,ARR,WITHIN_5,4864,4864,22995,0.21152424440095674,WITHIN_5-21.2%
SBCF,2022,ARR,LATE_0515,1774,1774,22995,0.0771472059143292,LATE_0515-7.7%
SBCF,2022,ARR,LATE,2007,2007,22995,0.08727984344422701,LATE-8.7%
SBCF,2022,DEP,EARLY,110,110,24142,0.004556374782536658,EARLY-0.5%
SBCF,2022,DEP,EARLY_1505,8867,8867,24142,0.3672852290613868,EARLY_1505-36.7%
SBCF,2022,DEP,WITHIN_5,10665,10665,24142,0.4417612459613951,WITHIN_5-44.2%
SBCF,2022,DEP,LATE_0515,2178,2178,24142,0.09021622069422583,LATE_0515-9%
SBCF,2022,DEP,LATE,2322,2322,24142,0.09618092950045563,LATE-9.6%
SBCT,2019,ARR,EARLY,5963,5963,29749,0.2004437123936939,EARLY-20%
SBCT,2019,ARR,EARLY_1505,9890,9890,29749,0.33244814951763085,EARLY_1505-33.2%
SBCT,2019,ARR,WITHIN_5,6615,6615,29749,0.22236041547615046,WITHIN_5-22.2%
SBCT,2019,ARR,LATE_0515,3149,3149,29749,0.10585229755622037,LATE_0515-10.6%
SBCT,2019,ARR,LATE,4132,4132,29749,0.13889542505630442,LATE-13.9%
SBCT,2019,DEP,EARLY,218,218,29831,0.007307834132278502,EARLY-0.7%
SBCT,2019,DEP,EARLY_1505,9020,9020,29831,0.3023700177667527,EARLY_1505-30.2%
SBCT,2019,DEP,WITHIN_5,11806,11806,29831,0.39576279709027523,WITHIN_5-39.6%
SBCT,2019,DEP,LATE_0515,3829,3829,29831,0.12835640776373572,LATE_0515-12.8%
SBCT,2019,DEP,LATE,4958,4958,29831,0.16620294324695786,LATE-16.6%
SBCT,2020,ARR,EARLY,2948,2948,11955,0.2465913843580092,EARLY-24.7%
SBCT,2020,ARR,EARLY_1505,4141,4141,11955,0.3463822668339607,EARLY_1505-34.6%
SBCT,2020,ARR,WITHIN_5,2421,2421,11955,0.2025094102885822,WITHIN_5-20.3%
SBCT,2020,ARR,LATE_0515,1157,1157,11955,0.09677959012965287,LATE_0515-9.7%
SBCT,2020,ARR,LATE,1288,1288,11955,0.10773734838979507,LATE-10.8%
SBCT,2020,DEP,EARLY,282,282,11985,0.023529411764705882,EARLY-2.4%
SBCT,2020,DEP,EARLY_1505,4793,4793,11985,0.3999165623696287,EARLY_1505-40%
SBCT,2020,DEP,WITHIN_5,4467,4467,11985,0.37271589486858575,WITHIN_5-37.3%
SBCT,2020,DEP,LATE_0515,1113,1113,11985,0.09286608260325407,LATE_0515-9.3%
SBCT,2020,DEP,LATE,1330,1330,11985,0.11097204839382561,LATE-11.1%
SBCT,2021,ARR,EARLY,2748,2748,13762,0.19968027902921087,EARLY-20%
SBCT,2021,ARR,EARLY_1505,4990,4990,13762,0.36259264641767186,EARLY_1505-36.3%
SBCT,2021,ARR,WITHIN_5,3148,3148,13762,0.22874582182822265,WITHIN_5-22.9%
SBCT,2021,ARR,LATE_0515,1361,1361,13762,0.09889550937363756,LATE_0515-9.9%
SBCT,2021,ARR,LATE,1515,1515,13762,0.11008574335125708,LATE-11%
SBCT,2021,DEP,EARLY,230,230,13887,0.01656225246633542,EARLY-1.7%
SBCT,2021,DEP,EARLY_1505,5783,5783,13887,0.41643263483833803,EARLY_1505-41.6%
SBCT,2021,DEP,WITHIN_5,5106,5106,13887,0.36768200475264634,WITHIN_5-36.8%
SBCT,2021,DEP,LATE_0515,1313,1313,13887,0.09454885864477569,LATE_0515-9.5%
SBCT,2021,DEP,LATE,1455,1455,13887,0.10477424929790452,LATE-10.5%
SBCT,2022,ARR,EARLY,2148,2148,12498,0.17186749879980798,EARLY-17.2%
SBCT,2022,ARR,EARLY_1505,4769,4769,12498,0.38158105296847494,EARLY_1505-38.2%
SBCT,2022,ARR,WITHIN_5,3050,3050,12498,0.24403904624739958,WITHIN_5-24.4%
SBCT,2022,ARR,LATE_0515,1210,1210,12498,0.09681549047847655,LATE_0515-9.7%
SBCT,2022,ARR,LATE,1321,1321,12498,0.10569691150584093,LATE-10.6%
SBCT,2022,DEP,EARLY,109,109,12951,0.00841633850667902,EARLY-0.8%
SBCT,2022,DEP,EARLY_1505,5447,5447,12951,0.4205852829897305,EARLY_1505-42.1%
SBCT,2022,DEP,WITHIN_5,4970,4970,12951,0.38375415025866727,WITHIN_5-38.4%
SBCT,2022,DEP,LATE_0515,1112,1112,12951,0.08586209559107405,LATE_0515-8.6%
SBCT,2022,DEP,LATE,1313,1313,12951,0.10138213265384913,LATE-10.1%
SBGL,2019,ARR,EARLY,10193,10193,45230,0.22535927481759893,EARLY-22.5%
SBGL,2019,ARR,EARLY_1505,12740,12740,45230,0.28167145699756796,EARLY_1505-28.2%
SBGL,2019,ARR,WITHIN_5,9616,9616,45230,0.21260225514039355,WITHIN_5-21.3%
SBGL,2019,ARR,LATE_0515,5413,5413,45230,0.11967720539464957,LATE_0515-12%
SBGL,2019,ARR,LATE,7268,7268,45230,0.16068980764978996,LATE-16.1%
SBGL,2019,DEP,EARLY,143,143,45113,0.0031698180125462726,EARLY-0.3%
SBGL,2019,DEP,EARLY_1505,1437,1437,45113,0.03185334604216079,EARLY_1505-3.2%
SBGL,2019,DEP,WITHIN_5,15357,15357,45113,0.34041185467603574,WITHIN_5-34%
SBGL,2019,DEP,LATE_0515,15598,15598,45113,0.345753995522355,LATE_0515-34.6%
SBGL,2019,DEP,LATE,12578,12578,45113,0.2788109857469022,LATE-27.9%
SBGL,2020,ARR,EARLY,4372,4372,16082,0.2718567342370352,EARLY-27.2%
SBGL,2020,ARR,EARLY_1505,4721,4721,16082,0.2935580151722423,EARLY_1505-29.4%
SBGL,2020,ARR,WITHIN_5,3170,3170,16082,0.1971147867180699,WITHIN_5-19.7%
SBGL,2020,ARR,LATE_0515,1612,1612,16082,0.10023628901877876,LATE_0515-10%
SBGL,2020,ARR,LATE,2207,2207,16082,0.1372341748538739,LATE-13.7%
SBGL,2020,DEP,EARLY,121,121,16171,0.007482530455754127,EARLY-0.7%
SBGL,2020,DEP,EARLY_1505,1472,1472,16171,0.09102714736256261,EARLY_1505-9.1%
SBGL,2020,DEP,WITHIN_5,6335,6335,16171,0.39175066477026776,WITHIN_5-39.2%
SBGL,2020,DEP,LATE_0515,4834,4834,16171,0.29893018366211116,LATE_0515-29.9%
SBGL,2020,DEP,LATE,3409,3409,16171,0.2108094737493043,LATE-21.1%
SBGL,2021,ARR,EARLY,3013,3013,14136,0.21314374646293152,EARLY-21.3%
SBGL,2021,ARR,EARLY_1505,4104,4104,14136,0.2903225806451613,EARLY_1505-29%
SBGL,2021,ARR,WITHIN_5,2916,2916,14136,0.20628183361629882,WITHIN_5-20.6%
SBGL,2021,ARR,LATE_0515,1650,1650,14136,0.116723259762309,LATE_0515-11.7%
SBGL,2021,ARR,LATE,2453,2453,14136,0.1735285795132994,LATE-17.4%
SBGL,2021,DEP,EARLY,213,213,14499,0.014690668321953239,EARLY-1.5%
SBGL,2021,DEP,EARLY_1505,1392,1392,14499,0.09600662114628596,EARLY_1505-9.6%
SBGL,2021,DEP,WITHIN_5,6580,6580,14499,0.4538244016828747,WITHIN_5-45.4%
SBGL,2021,DEP,LATE_0515,3569,3569,14499,0.24615490723498173,LATE_0515-24.6%
SBGL,2021,DEP,LATE,2745,2745,14499,0.1893234016139044,LATE-18.9%
SBGL,2022,ARR,EARLY,1976,1976,9420,0.20976645435244162,EARLY-21%
SBGL,2022,ARR,EARLY_1505,2843,2843,9420,0.30180467091295116,EARLY_1505-30.2%
SBGL,2022,ARR,WITHIN_5,2096,2096,9420,0.22250530785562633,WITHIN_5-22.3%
SBGL,2022,ARR,LATE_0515,1057,1057,9420,0.11220806794055202,LATE_0515-11.2%
SBGL,2022,ARR,LATE,1448,1448,9420,0.15371549893842887,LATE-15.4%
SBGL,2022,DEP,EARLY,83,83,10907,0.007609791876776382,EARLY-0.8%
SBGL,2022,DEP,EARLY_1505,551,551,10907,0.05051801595305767,EARLY_1505-5.1%
SBGL,2022,DEP,WITHIN_5,4411,4411,10907,0.40441918034289903,WITHIN_5-40.4%
SBGL,2022,DEP,LATE_0515,3465,3465,10907,0.31768588979554413,LATE_0515-31.8%
SBGL,2022,DEP,LATE,2397,2397,10907,0.21976712203172274,LATE-22%
SBGR,2019,ARR,EARLY,43505,43505,135391,0.321328596435509,EARLY-32.1%
SBGR,2019,ARR,EARLY_1505,35471,35471,135391,0.26198934936591056,EARLY_1505-26.2%
SBGR,2019,ARR,WITHIN_5,23761,23761,135391,0.1754991099851541,WITHIN_5-17.5%
SBGR,2019,ARR,LATE_0515,12883,12883,135391,0.09515403534946931,LATE_0515-9.5%
SBGR,2019,ARR,LATE,19771,19771,135391,0.14602890886395697,LATE-14.6%
SBGR,2019,DEP,EARLY,1588,1588,136232,0.011656585824182277,EARLY-1.2%
SBGR,2019,DEP,EARLY_1505,32274,32274,136232,0.2369046919960068,EARLY_1505-23.7%
SBGR,2019,DEP,WITHIN_5,58886,58886,136232,0.4322479300017617,WITHIN_5-43.2%
SBGR,2019,DEP,LATE_0515,20197,20197,136232,0.14825444829408657,LATE_0515-14.8%
SBGR,2019,DEP,LATE,23287,23287,136232,0.17093634388396264,LATE-17.1%
SBGR,2020,ARR,EARLY,28261,28261,72845,0.38796073855446495,EARLY-38.8%
SBGR,2020,ARR,EARLY_1505,19615,19615,72845,0.2692703685908436,EARLY_1505-26.9%
SBGR,2020,ARR,WITHIN_5,11228,11228,72845,0.15413549317043038,WITHIN_5-15.4%
SBGR,2020,ARR,LATE_0515,5572,5572,72845,0.07649117990253278,LATE_0515-7.6%
SBGR,2020,ARR,LATE,8169,8169,72845,0.11214221978172832,LATE-11.2%
SBGR,2020,DEP,EARLY,1178,1178,73106,0.016113588487949006,EARLY-1.6%
SBGR,2020,DEP,EARLY_1505,21331,21331,73106,0.29178179629578965,EARLY_1505-29.2%
SBGR,2020,DEP,WITHIN_5,30819,30819,73106,0.4215659453396438,WITHIN_5-42.2%
SBGR,2020,DEP,LATE_0515,8856,8856,73106,0.12113916778376604,LATE_0515-12.1%
SBGR,2020,DEP,LATE,10922,10922,73106,0.14939950209285147,LATE-14.9%
SBGR,2021,ARR,EARLY,32235,32235,85358,0.3776447433163851,EARLY-37.8%
SBGR,2021,ARR,EARLY_1505,24317,24317,85358,0.28488249490381684,EARLY_1505-28.5%
SBGR,2021,ARR,WITHIN_5,13112,13112,85358,0.15361184657559923,WITHIN_5-15.4%
SBGR,2021,ARR,LATE_0515,6280,6280,85358,0.07357248295414606,LATE_0515-7.4%
SBGR,2021,ARR,LATE,9414,9414,85358,0.11028843225005272,LATE-11%
SBGR,2021,DEP,EARLY,730,730,86914,0.008399107163402903,EARLY-0.8%
SBGR,2021,DEP,EARLY_1505,19060,19060,86914,0.21929723634857445,EARLY_1505-21.9%
SBGR,2021,DEP,WITHIN_5,46865,46865,86914,0.5392111742642152,WITHIN_5-53.9%
SBGR,2021,DEP,LATE_0515,6674,6674,86914,0.07678854960075476,LATE_0515-7.7%
SBGR,2021,DEP,LATE,13585,13585,86914,0.15630393262305267,LATE-15.6%
SBGR,2022,ARR,EARLY,18714,18714,52715,0.3550033197382149,EARLY-35.5%
SBGR,2022,ARR,EARLY_1505,15843,15843,52715,0.30054064308071704,EARLY_1505-30.1%
SBGR,2022,ARR,WITHIN_5,8736,8736,52715,0.1657213316892725,WITHIN_5-16.6%
SBGR,2022,ARR,LATE_0515,3837,3837,52715,0.0727876316039078,LATE_0515-7.3%
SBGR,2022,ARR,LATE,5585,5585,52715,0.1059470738878877,LATE-10.6%
SBGR,2022,DEP,EARLY,303,303,61634,0.004916117727228478,EARLY-0.5%
SBGR,2022,DEP,EARLY_1505,7777,7777,61634,0.12618035499886426,EARLY_1505-12.6%
SBGR,2022,DEP,WITHIN_5,37533,37533,61634,0.6089658305480741,WITHIN_5-60.9%
SBGR,2022,DEP,LATE_0515,6146,6146,61634,0.09971768828893143,LATE_0515-10%
SBGR,2022,DEP,LATE,9875,9875,61634,0.1602200084369017,LATE-16%
SBKP,2019,ARR,EARLY,10748,10748,53509,0.20086340615597376,EARLY-20.1%
SBKP,2019,ARR,EARLY_1505,16614,16614,53509,0.31048982414173315,EARLY_1505-31%
SBKP,2019,ARR,WITHIN_5,12393,12393,53509,0.23160589807322132,WITHIN_5-23.2%
SBKP,2019,ARR,LATE_0515,5745,5745,53509,0.10736511614868527,LATE_0515-10.7%
SBKP,2019,ARR,LATE,8009,8009,53509,0.14967575548038647,LATE-15%
SBKP,2019,DEP,EARLY,519,519,54177,0.009579710947450025,EARLY-1%
SBKP,2019,DEP,EARLY_1505,5460,5460,54177,0.10078077412924304,EARLY_1505-10.1%
SBKP,2019,DEP,WITHIN_5,24407,24407,54177,0.4505048267715082,WITHIN_5-45.1%
SBKP,2019,DEP,LATE_0515,12252,12252,54177,0.22614762722188383,LATE_0515-22.6%
SBKP,2019,DEP,LATE,11539,11539,54177,0.2129870609299149,LATE-21.3%
SBKP,2020,ARR,EARLY,12025,12025,34078,0.3528669522859323,EARLY-35.3%
SBKP,2020,ARR,EARLY_1505,10249,10249,34078,0.3007512177944715,EARLY_1505-30.1%
SBKP,2020,ARR,WITHIN_5,5622,5622,34078,0.16497447033276602,WITHIN_5-16.5%
SBKP,2020,ARR,LATE_0515,2463,2463,34078,0.07227536827278597,LATE_0515-7.2%
SBKP,2020,ARR,LATE,3719,3719,34078,0.10913199131404425,LATE-10.9%
SBKP,2020,DEP,EARLY,760,760,34150,0.02225475841874085,EARLY-2.2%
SBKP,2020,DEP,EARLY_1505,7078,7078,34150,0.20726207906295754,EARLY_1505-20.7%
SBKP,2020,DEP,WITHIN_5,15801,15801,34150,0.4626939970717423,WITHIN_5-46.3%
SBKP,2020,DEP,LATE_0515,5423,5423,34150,0.15879941434846268,LATE_0515-15.9%
SBKP,2020,DEP,LATE,5088,5088,34150,0.14898975109809665,LATE-14.9%
SBKP,2021,ARR,EARLY,14008,14008,48521,0.28869973825766165,EARLY-28.9%
SBKP,2021,ARR,EARLY_1505,16109,16109,48521,0.3320005770697224,EARLY_1505-33.2%
SBKP,2021,ARR,WITHIN_5,9372,9372,48521,0.19315347993652232,WITHIN_5-19.3%
SBKP,2021,ARR,LATE_0515,3886,3886,48521,0.08008903361431133,LATE_0515-8%
SBKP,2021,ARR,LATE,5146,5146,48521,0.10605717112178233,LATE-10.6%
SBKP,2021,DEP,EARLY,662,662,49641,0.013335750689953869,EARLY-1.3%
SBKP,2021,DEP,EARLY_1505,10029,10029,49641,0.20203057956124978,EARLY_1505-20.2%
SBKP,2021,DEP,WITHIN_5,24500,24500,49641,0.49354364335931994,WITHIN_5-49.4%
SBKP,2021,DEP,LATE_0515,7799,7799,49641,0.15710803569629944,LATE_0515-15.7%
SBKP,2021,DEP,LATE,6651,6651,49641,0.133981990693177,LATE-13.4%
SBKP,2022,ARR,EARLY,8288,8288,28938,0.2864054184808902,EARLY-28.6%
SBKP,2022,ARR,EARLY_1505,9899,9899,28938,0.3420761628308798,EARLY_1505-34.2%
SBKP,2022,ARR,WITHIN_5,5432,5432,28938,0.1877116594097726,WITHIN_5-18.8%
SBKP,2022,ARR,LATE_0515,2060,2060,28938,0.07118667496025986,LATE_0515-7.1%
SBKP,2022,ARR,LATE,3259,3259,28938,0.11262008431819752,LATE-11.3%
SBKP,2022,DEP,EARLY,327,327,32766,0.009979857169016663,EARLY-1%
SBKP,2022,DEP,EARLY_1505,6271,6271,32766,0.1913874137825795,EARLY_1505-19.1%
SBKP,2022,DEP,WITHIN_5,16700,16700,32766,0.5096746627601783,WITHIN_5-51%
SBKP,2022,DEP,LATE_0515,4963,4963,32766,0.15146798510651285,LATE_0515-15.1%
SBKP,2022,DEP,LATE,4505,4505,32766,0.13749008118171274,LATE-13.7%
SBPA,2019,ARR,EARLY,5472,5472,32688,0.16740088105726872,EARLY-16.7%
SBPA,2019,ARR,EARLY_1505,9730,9730,32688,0.29766275085658345,EARLY_1505-29.8%
SBPA,2019,ARR,WITHIN_5,8225,8225,32688,0.25162139011257956,WITHIN_5-25.2%
SBPA,2019,ARR,LATE_0515,4132,4132,32688,0.12640724424865393,LATE_0515-12.6%
SBPA,2019,ARR,LATE,5129,5129,32688,0.15690773372491434,LATE-15.7%
SBPA,2019,DEP,EARLY,341,341,32762,0.010408399975581467,EARLY-1%
SBPA,2019,DEP,EARLY_1505,7958,7958,32762,0.24290336365301263,EARLY_1505-24.3%
SBPA,2019,DEP,WITHIN_5,12936,12936,32762,0.39484768939625176,WITHIN_5-39.5%
SBPA,2019,DEP,LATE_0515,5396,5396,32762,0.16470300958427447,LATE_0515-16.5%
SBPA,2019,DEP,LATE,6131,6131,32762,0.18713753739087968,LATE-18.7%
SBPA,2020,ARR,EARLY,3149,3149,14524,0.21681354998622968,EARLY-21.7%
SBPA,2020,ARR,EARLY_1505,4721,4721,14524,0.32504819608923163,EARLY_1505-32.5%
SBPA,2020,ARR,WITHIN_5,3363,3363,14524,0.23154778297989534,WITHIN_5-23.2%
SBPA,2020,ARR,LATE_0515,1499,1499,14524,0.10320848251170477,LATE_0515-10.3%
SBPA,2020,ARR,LATE,1792,1792,14524,0.12338198843293859,LATE-12.3%
SBPA,2020,DEP,EARLY,193,193,14534,0.01327920737580845,EARLY-1.3%
SBPA,2020,DEP,EARLY_1505,5372,5372,14534,0.3696160726572176,EARLY_1505-37%
SBPA,2020,DEP,WITHIN_5,5725,5725,14534,0.3939039493601211,WITHIN_5-39.4%
SBPA,2020,DEP,LATE_0515,1573,1573,14534,0.10822898032200358,LATE_0515-10.8%
SBPA,2020,DEP,LATE,1671,1671,14534,0.11497179028484932,LATE-11.5%
SBPA,2021,ARR,EARLY,3685,3685,18897,0.19500449806847647,EARLY-19.5%
SBPA,2021,ARR,EARLY_1505,6553,6553,18897,0.34677462031010214,EARLY_1505-34.7%
SBPA,2021,ARR,WITHIN_5,4518,4518,18897,0.2390855691379584,WITHIN_5-23.9%
SBPA,2021,ARR,LATE_0515,1961,1961,18897,0.10377308567497487,LATE_0515-10.4%
SBPA,2021,ARR,LATE,2180,2180,18897,0.11536222680848812,LATE-11.5%
SBPA,2021,DEP,EARLY,309,309,19180,0.01611053180396246,EARLY-1.6%
SBPA,2021,DEP,EARLY_1505,6633,6633,19180,0.34582898852971844,EARLY_1505-34.6%
SBPA,2021,DEP,WITHIN_5,7525,7525,19180,0.39233576642335766,WITHIN_5-39.2%
SBPA,2021,DEP,LATE_0515,2247,2247,19180,0.11715328467153285,LATE_0515-11.7%
SBPA,2021,DEP,LATE,2466,2466,19180,0.12857142857142856,LATE-12.9%
SBPA,2022,ARR,EARLY,2970,2970,14252,0.20839180465899523,EARLY-20.8%
SBPA,2022,ARR,EARLY_1505,5341,5341,14252,0.37475442043222,EARLY_1505-37.5%
SBPA,2022,ARR,WITHIN_5,3180,3180,14252,0.22312657872579286,WITHIN_5-22.3%
SBPA,2022,ARR,LATE_0515,1318,1318,14252,0.09247824866685378,LATE_0515-9.2%
SBPA,2022,ARR,LATE,1443,1443,14252,0.10124894751613808,LATE-10.1%
SBPA,2022,DEP,EARLY,216,216,15484,0.013949883750968742,EARLY-1.4%
SBPA,2022,DEP,EARLY_1505,5839,5839,15484,0.37709894084215967,EARLY_1505-37.7%
SBPA,2022,DEP,WITHIN_5,6035,6035,15484,0.3897571686902609,WITHIN_5-39%
SBPA,2022,DEP,LATE_0515,1539,1539,15484,0.09939292172565228,LATE_0515-9.9%
SBPA,2022,DEP,LATE,1855,1855,15484,0.11980108499095841,LATE-12%
SBRJ,2019,ARR,EARLY,6561,6561,41309,0.1588273741799608,EARLY-15.9%
SBRJ,2019,ARR,EARLY_1505,13246,13246,41309,0.3206565155293035,EARLY_1505-32.1%
SBRJ,2019,ARR,WITHIN_5,10098,10098,41309,0.2444503619066063,WITHIN_5-24.4%
SBRJ,2019,ARR,LATE_0515,5077,5077,41309,0.1229029993463894,LATE_0515-12.3%
SBRJ,2019,ARR,LATE,6327,6327,41309,0.15316274903773996,LATE-15.3%
SBRJ,2019,DEP,EARLY,34,34,41494,8.193955752638936e-4,EARLY-0.1%
SBRJ,2019,DEP,EARLY_1505,10335,10335,41494,0.24907215501036295,EARLY_1505-24.9%
SBRJ,2019,DEP,WITHIN_5,18007,18007,41494,0.4339663565816745,WITHIN_5-43.4%
SBRJ,2019,DEP,LATE_0515,6031,6031,41494,0.1453463151298983,LATE_0515-14.5%
SBRJ,2019,DEP,LATE,7087,7087,41494,0.1707957777028004,LATE-17.1%
SBRJ,2020,ARR,EARLY,5685,5685,22743,0.2499670228202084,EARLY-25%
SBRJ,2020,ARR,EARLY_1505,7317,7317,22743,0.32172536604669566,EARLY_1505-32.2%
SBRJ,2020,ARR,WITHIN_5,4844,4844,22743,0.21298861188057863,WITHIN_5-21.3%
SBRJ,2020,ARR,LATE_0515,2304,2304,22743,0.10130589631974674,LATE_0515-10.1%
SBRJ,2020,ARR,LATE,2593,2593,22743,0.11401310293277052,LATE-11.4%
SBRJ,2020,DEP,EARLY,62,62,22871,0.0027108565432206726,EARLY-0.3%
SBRJ,2020,DEP,EARLY_1505,7484,7484,22871,0.32722661886231474,EARLY_1505-32.7%
SBRJ,2020,DEP,WITHIN_5,9928,9928,22871,0.43408683485636834,WITHIN_5-43.4%
SBRJ,2020,DEP,LATE_0515,2671,2671,22871,0.11678544882165187,LATE_0515-11.7%
SBRJ,2020,DEP,LATE,2726,2726,22871,0.11919024091644441,LATE-11.9%
SBRJ,2021,ARR,EARLY,6528,6528,28854,0.2262424620503223,EARLY-22.6%
SBRJ,2021,ARR,EARLY_1505,10440,10440,28854,0.3618215845290081,EARLY_1505-36.2%
SBRJ,2021,ARR,WITHIN_5,6497,6497,28854,0.22516808761350246,WITHIN_5-22.5%
SBRJ,2021,ARR,LATE_0515,2786,2786,28854,0.096555070354197,LATE_0515-9.7%
SBRJ,2021,ARR,LATE,2603,2603,28854,0.09021279545297013,LATE-9%
SBRJ,2021,DEP,EARLY,73,73,29261,0.002494788284747616,EARLY-0.2%
SBRJ,2021,DEP,EARLY_1505,9920,9920,29261,0.33901780526981307,EARLY_1505-33.9%
SBRJ,2021,DEP,WITHIN_5,13237,13237,29261,0.4523768839069068,WITHIN_5-45.2%
SBRJ,2021,DEP,LATE_0515,3209,3209,29261,0.10966815898294659,LATE_0515-11%
SBRJ,2021,DEP,LATE,2822,2822,29261,0.09644236355558593,LATE-9.6%
SBRJ,2022,ARR,EARLY,4346,4346,22904,0.18974851554313657,EARLY-19%
SBRJ,2022,ARR,EARLY_1505,8665,8665,22904,0.3783181976947258,EARLY_1505-37.8%
SBRJ,2022,ARR,WITHIN_5,5584,5584,22904,0.24380020957038073,WITHIN_5-24.4%
SBRJ,2022,ARR,LATE_0515,2229,2229,22904,0.09731924554662941,LATE_0515-9.7%
SBRJ,2022,ARR,LATE,2080,2080,22904,0.09081383164512749,LATE-9.1%
SBRJ,2022,DEP,EARLY,36,36,25058,0.0014366669327160987,EARLY-0.1%
SBRJ,2022,DEP,EARLY_1505,8225,8225,25058,0.3282384867108309,EARLY_1505-32.8%
SBRJ,2022,DEP,WITHIN_5,11472,11472,25058,0.4578178625588634,WITHIN_5-45.8%
SBRJ,2022,DEP,LATE_0515,2870,2870,25058,0.1145342804693112,LATE_0515-11.5%
SBRJ,2022,DEP,LATE,2455,2455,25058,0.0979727033282784,LATE-9.8%
SBSP,2019,ARR,EARLY,17934,17934,85640,0.20941148995796358,EARLY-20.9%
SBSP,2019,ARR,EARLY_1505,28332,28332,85640,0.33082671648762263,EARLY_1505-33.1%
SBSP,2019,ARR,WITHIN_5,18447,18447,85640,0.21540168145726296,WITHIN_5-21.5%
SBSP,2019,ARR,LATE_0515,9023,9023,85640,0.10535964502568892,LATE_0515-10.5%
SBSP,2019,ARR,LATE,11904,11904,85640,0.13900046707146194,LATE-13.9%
SBSP,2019,DEP,EARLY,74,74,86435,8.561346676693469e-4,EARLY-0.1%
SBSP,2019,DEP,EARLY_1505,22724,22724,86435,0.2629027592988951,EARLY_1505-26.3%
SBSP,2019,DEP,WITHIN_5,36540,36540,86435,0.42274541563024237,WITHIN_5-42.3%
SBSP,2019,DEP,LATE_0515,12503,12503,86435,0.14465205067391682,LATE_0515-14.5%
SBSP,2019,DEP,LATE,14594,14594,86435,0.16884363972927632,LATE-16.9%
SBSP,2020,ARR,EARLY,8847,8847,29483,0.3000712274870264,EARLY-30%
SBSP,2020,ARR,EARLY_1505,10243,10243,29483,0.3474205474341146,EARLY_1505-34.7%
SBSP,2020,ARR,WITHIN_5,5468,5468,29483,0.1854628090764169,WITHIN_5-18.5%
SBSP,2020,ARR,LATE_0515,2204,2204,29483,0.07475494352677814,LATE_0515-7.5%
SBSP,2020,ARR,LATE,2721,2721,29483,0.09229047247566394,LATE-9.2%
SBSP,2020,DEP,EARLY,202,202,29777,0.0067837592772945566,EARLY-0.7%
SBSP,2020,DEP,EARLY_1505,12906,12906,29777,0.4334217684790274,EARLY_1505-43.3%
SBSP,2020,DEP,WITHIN_5,10853,10853,29777,0.3644759378043456,WITHIN_5-36.4%
SBSP,2020,DEP,LATE_0515,2895,2895,29777,0.09722268865231555,LATE_0515-9.7%
SBSP,2020,DEP,LATE,2921,2921,29777,0.09809584578701683,LATE-9.8%
SBSP,2021,ARR,EARLY,10746,10746,36391,0.29529279217388915,EARLY-29.5%
SBSP,2021,ARR,EARLY_1505,13568,13568,36391,0.3728394383226622,EARLY_1505-37.3%
SBSP,2021,ARR,WITHIN_5,6853,6853,36391,0.1883157923662444,WITHIN_5-18.8%
SBSP,2021,ARR,LATE_0515,2626,2626,36391,0.07216069907394686,LATE_0515-7.2%
SBSP,2021,ARR,LATE,2598,2598,36391,0.0713912780632574,LATE-7.1%
SBSP,2021,DEP,EARLY,173,173,37217,0.004648413359486256,EARLY-0.5%
SBSP,2021,DEP,EARLY_1505,16864,16864,37217,0.4531262595050649,EARLY_1505-45.3%
SBSP,2021,DEP,WITHIN_5,13499,13499,37217,0.36271058924684957,WITHIN_5-36.3%
SBSP,2021,DEP,LATE_0515,3354,3354,37217,0.09012010640298788,LATE_0515-9%
SBSP,2021,DEP,LATE,3327,3327,37217,0.08939463148561141,LATE-8.9%
SBSP,2022,ARR,EARLY,7466,7466,34605,0.215749169195203,EARLY-21.6%
SBSP,2022,ARR,EARLY_1505,13210,13210,34605,0.3817367432451958,EARLY_1505-38.2%
SBSP,2022,ARR,WITHIN_5,7830,7830,34605,0.22626788036410922,WITHIN_5-22.6%
SBSP,2022,ARR,LATE_0515,3070,3070,34605,0.08871550353995088,LATE_0515-8.9%
SBSP,2022,ARR,LATE,3029,3029,34605,0.08753070365554111,LATE-8.8%
SBSP,2022,DEP,EARLY,67,67,38150,0.0017562254259501965,EARLY-0.2%
SBSP,2022,DEP,EARLY_1505,13178,13178,38150,0.3454259501965924,EARLY_1505-34.5%
SBSP,2022,DEP,WITHIN_5,16822,16822,38150,0.44094364351245086,WITHIN_5-44.1%
SBSP,2022,DEP,LATE_0515,4377,4377,38150,0.1147313237221494,LATE_0515-11.5%
SBSP,2022,DEP,LATE,3706,3706,38150,0.09714285714285714,LATE-9.7%
SBSV,2019,ARR,EARLY,5062,5062,28546,0.1773278217613676,EARLY-17.7%
SBSV,2019,ARR,EARLY_1505,8267,8267,28546,0.2896027464443355,EARLY_1505-29%
SBSV,2019,ARR,WITHIN_5,6830,6830,28546,0.23926294402017795,WITHIN_5-23.9%
SBSV,2019,ARR,LATE_0515,3793,3793,28546,0.13287325719890702,LATE_0515-13.3%
SBSV,2019,ARR,LATE,4594,4594,28546,0.16093323057521194,LATE-16.1%
SBSV,2019,DEP,EARLY,305,305,28577,0.010672918780837736,EARLY-1.1%
SBSV,2019,DEP,EARLY_1505,7450,7450,28577,0.2606991636630857,EARLY_1505-26.1%
SBSV,2019,DEP,WITHIN_5,10363,10363,28577,0.3626342863141687,WITHIN_5-36.3%
SBSV,2019,DEP,LATE_0515,4686,4686,28577,0.16397802428526437,LATE_0515-16.4%
SBSV,2019,DEP,LATE,5773,5773,28577,0.20201560695664345,LATE-20.2%
SBSV,2020,ARR,EARLY,3715,3715,15124,0.24563607511240412,EARLY-24.6%
SBSV,2020,ARR,EARLY_1505,5004,5004,15124,0.33086485056863263,EARLY_1505-33.1%
SBSV,2020,ARR,WITHIN_5,3292,3292,15124,0.21766728378735783,WITHIN_5-21.8%
SBSV,2020,ARR,LATE_0515,1495,1495,15124,0.098849510711452,LATE_0515-9.9%
SBSV,2020,ARR,LATE,1618,1618,15124,0.1069822798201534,LATE-10.7%
SBSV,2020,DEP,EARLY,493,493,15196,0.03244274809160305,EARLY-3.2%
SBSV,2020,DEP,EARLY_1505,6241,6241,15196,0.41070018425901555,EARLY_1505-41.1%
SBSV,2020,DEP,WITHIN_5,5252,5252,15196,0.34561726770202683,WITHIN_5-34.6%
SBSV,2020,DEP,LATE_0515,1509,1509,15196,0.09930244801263491,LATE_0515-9.9%
SBSV,2020,DEP,LATE,1701,1701,15196,0.11193735193471967,LATE-11.2%
SBSV,2021,ARR,EARLY,6847,6847,21748,0.3148335479124517,EARLY-31.5%
SBSV,2021,ARR,EARLY_1505,7512,7512,21748,0.3454110722825087,EARLY_1505-34.5%
SBSV,2021,ARR,WITHIN_5,3968,3968,21748,0.18245355894794923,WITHIN_5-18.2%
SBSV,2021,ARR,LATE_0515,1678,1678,21748,0.07715652013978297,LATE_0515-7.7%
SBSV,2021,ARR,LATE,1743,1743,21748,0.08014530071730734,LATE-8%
SBSV,2021,DEP,EARLY,408,408,22090,0.018469895880488908,EARLY-1.8%
SBSV,2021,DEP,EARLY_1505,9577,9577,22090,0.43354459031235854,EARLY_1505-43.4%
SBSV,2021,DEP,WITHIN_5,7964,7964,22090,0.3605251244907198,WITHIN_5-36.1%
SBSV,2021,DEP,LATE_0515,2182,2182,22090,0.09877772747849706,LATE_0515-9.9%
SBSV,2021,DEP,LATE,1959,1959,22090,0.08868266183793572,LATE-8.9%
SBSV,2022,ARR,EARLY,3326,3326,14783,0.22498816207806263,EARLY-22.5%
SBSV,2022,ARR,EARLY_1505,5452,5452,14783,0.36880200229993915,EARLY_1505-36.9%
SBSV,2022,ARR,WITHIN_5,3261,3261,14783,0.22059121964418588,WITHIN_5-22.1%
SBSV,2022,ARR,LATE_0515,1408,1408,14783,0.09524453764459176,LATE_0515-9.5%
SBSV,2022,ARR,LATE,1336,1336,14783,0.09037407833322059,LATE-9%
SBSV,2022,DEP,EARLY,315,315,15408,0.02044392523364486,EARLY-2%
SBSV,2022,DEP,EARLY_1505,6050,6050,15408,0.39265316718587745,EARLY_1505-39.3%
SBSV,2022,DEP,WITHIN_5,5618,5618,15408,0.36461578400830735,WITHIN_5-36.5%
SBSV,2022,DEP,LATE_0515,1682,1682,15408,0.10916407061266874,LATE_0515-10.9%
SBSV,2022,DEP,LATE,1743,1743,15408,0.11312305295950156,LATE-11.3%
