ICAO,YEAR,MOF,SRC_PHASE,N,N_VALID,TOT_TXXT,TOT_REF,TOT_ADD,AVG_ADD
EDDF,2019,201901,ARR,18794,18794,184513.4166666659,148037.3766666681,36476.03999999779,1.9408343088218472
EDDF,2019,201901,DEP,18882,18882,297379.6999999968,222847.16000000597,74532.53999999084,3.9472799491574433
EDDF,2019,201902,ARR,18418,18418,175460.16666666634,142457.7633333347,33002.40333333163,1.7918559742280178
EDDF,2019,201902,DEP,18431,18431,267262.49999999936,216720.1966666722,50542.303333327145,2.742244226212747
EDDF,2019,201903,ARR,21032,21032,201667.48333333372,165176.2366666678,36491.24666666592,1.7350345505261466
EDDF,2019,201903,DEP,21024,21024,312643.38333333173,247236.82666667493,65406.556666656805,3.111042459410997
EDDF,2019,201904,ARR,21851,21851,199722.5833333337,161016.19666666802,38706.38666666567,1.7713782740682655
EDDF,2019,201904,DEP,21832,21832,320540.10000000015,255239.12000000617,65300.979999994015,2.9910672407472525
EDDF,2019,201905,ARR,23088,23088,225133.95000000103,179376.11000000482,45757.83999999624,1.981888426888264
EDDF,2019,201905,DEP,23095,23095,343184.43333333224,268610.60000000824,74573.833333324,3.22900339178714
EDDF,2019,201906,ARR,22931,22930,221271.08333333195,175463.19333333374,45807.88999999821,1.9977274313126128
EDDF,2019,201906,DEP,22939,22939,337904.48333333334,268631.0400000059,69273.44333332742,3.019898135634832
EDDF,2019,201907,ARR,23560,23560,223232.9333333335,181314.16000000396,41918.77333332953,1.7792348613467543
EDDF,2019,201907,DEP,23565,23565,331501.2666666661,276971.70666667476,54529.559999991325,2.314006365372006
EDDF,2019,201908,ARR,23198,23198,219112.73333333145,181824.59666667008,37288.13666666139,1.6073858378593582
EDDF,2019,201908,DEP,23197,23197,325509.9166666682,273640.7533333407,51869.16333332751,2.236028940523667
EDDF,2019,201909,ARR,23359,23359,231390.4166666667,185255.1866666724,46135.229999994306,1.9750515861121751
EDDF,2019,201909,DEP,23354,23354,350437.2666666682,273895.8566666735,76541.40999999468,3.2774432645368963
EDDF,2019,201910,ARR,22971,22971,228467.43333333355,180947.35333333688,47520.07999999667,2.068698794131586
EDDF,2019,201910,DEP,22967,22967,350442.05000000267,270528.7766666735,79913.27333332918,3.4794824458278915
EDDF,2019,201911,ARR,19385,19385,186927.8666666666,149382.37000000203,37545.49666666458,1.9368324305733595
EDDF,2019,201911,DEP,19405,19405,289214.20000000164,229631.040000006,59583.15999999564,3.0705055398091026
EDDF,2019,201912,ARR,18375,18375,179704.43333333402,142724.20333333465,36980.22999999937,2.01252952380949
EDDF,2019,201912,DEP,18260,18260,274815.8166666652,217556.1366666736,57259.67999999158,3.135798466593186
EDDF,2020,202001,ARR,18146,18146,176377.38333333307,142959.266666668,33418.11666666507,1.841624416767611
EDDF,2020,202001,DEP,18245,18245,262292.2500000001,216925.7000000061,45366.54999999405,2.486519594409101
EDDF,2020,202002,ARR,17930,17930,173819.11666666745,141641.69000000088,32177.42666666658,1.794613868748833
EDDF,2020,202002,DEP,17927,17927,261815.23333333383,211270.47333334116,50544.759999992704,2.8194767668875276
EDDF,2020,202003,ARR,11443,11443,101396.04999999968,86466.79333333386,14929.256666665824,1.3046628215210891
EDDF,2020,202003,DEP,11396,11396,148370.14999999924,134892.41333333525,13477.736666663986,1.18267257517234
EDDF,2020,202004,ARR,3248,3248,24632.49999999999,18434.46333333341,6198.03666666658,1.9082625205254249
EDDF,2020,202004,DEP,3264,3264,42888.24999999995,41757.6866666667,1130.5633333332516,0.34637357026141286
EDDF,2020,202005,ARR,3887,3887,28393.700000000008,25593.373333333308,2800.3266666667005,0.7204339250493184
EDDF,2020,202005,DEP,3873,3873,48662.63333333333,46214.77000000009,2447.86333333324,0.6320328771838988
EDDF,2020,202006,ARR,4663,4663,33015.450000000084,30329.706666666356,2685.7433333337285,0.5759689756237891
EDDF,2020,202006,DEP,4666,4666,55544.716666666594,55542.5533333335,2.1633333330973983,4.636376624726529e-4
EDDF,2020,202007,ARR,7670,7670,57976.733333333366,50616.43333333379,7360.299999999574,0.959621903520153
EDDF,2020,202007,DEP,7700,7700,92503.90000000014,89000.0066666667,3503.8933333334426,0.4550510822510964
EDDF,2020,202008,ARR,8849,8849,74706.90000000017,61663.00666666753,13043.893333332642,1.4740528119937442
EDDF,2020,202008,DEP,8847,8847,112021.51666666674,102000.25666666625,10021.260000000504,1.1327297388945976
EDDF,2020,202009,ARR,8466,8466,68146.0000000001,57577.97666666752,10568.02333333258,1.248290022836355
EDDF,2020,202009,DEP,8473,8473,103897.71666666688,96047.0866666662,7850.630000000703,0.9265466776821318
EDDF,2020,202010,ARR,8549,8548,68585.9000000003,57312.38666666768,11273.513333332625,1.3188480736233763
EDDF,2020,202010,DEP,8556,8556,106045.08333333326,98540.51666666708,7504.5666666661855,0.8771115786192363
EDDF,2020,202011,ARR,6397,6397,53918.03333333347,44488.08333333337,9429.9500000001,1.4741206815695012
EDDF,2020,202011,DEP,6405,6405,81003.06666666667,77294.0766666671,3708.9899999995687,0.579077283372298
EDDF,2020,202012,ARR,6832,6832,57795.1166666668,46028.65666666716,11766.459999999644,1.722257025761072
EDDF,2020,202012,DEP,6795,6795,87961.73333333348,83741.56666666715,4220.166666666337,0.621069413784597
EDDF,2021,202101,ARR,6579,6579,53505.31666666678,44097.35333333349,9407.96333333329,1.4299989866747669
EDDF,2021,202101,DEP,6618,6618,93898.90000000031,81194.48000000026,12704.420000000056,1.9196766394681255
EDDF,2021,202102,ARR,5560,5560,45462.100000000006,37453.78999999982,8008.310000000187,1.4403435251798895
EDDF,2021,202102,DEP,5557,5557,75928.71666666679,68618.41333333356,7310.303333333228,1.3155125667326306
EDDF,2021,202103,ARR,6837,6837,54696.699999999946,45174.4733333337,9522.226666666247,1.3927492564964528
EDDF,2021,202103,DEP,6837,6837,85681.69999999991,84062.1133333336,1619.586666666306,0.23688557359460377
EDDF,2021,202104,ARR,7741,7741,61111.63333333355,51371.843333333425,9739.790000000125,1.258208241829237
EDDF,2021,202104,DEP,7739,7739,95100.16666666686,92926.59666666738,2173.569999999483,0.28085928414517164
EDDF,2021,202105,ARR,8500,8500,65297.51666666692,52881.30000000042,12416.2166666665,1.460731372549
EDDF,2021,202105,DEP,8477,8477,104389.75000000028,101668.4833333342,2721.2666666660807,0.32101765561709106
EDDF,2021,202106,ARR,9999,9999,82633.15000000024,69058.45666666761,13574.69333333263,1.3576050938426474
EDDF,2021,202106,DEP,10011,10011,125216.63333333364,121690.38666666744,3526.246666666193,0.352237205740305
EDDF,2021,202107,ARR,13796,13796,116457.0999999996,97288.45000000132,19168.649999998277,1.3894353435777238
EDDF,2021,202107,DEP,13793,13793,174725.43333333207,167146.52666667115,7578.906666660914,0.5494748543943242
EDDF,2021,202108,ARR,14453,14453,125809.63333333368,102295.5000000007,23514.133333332968,1.6269378906339838
EDDF,2021,202108,DEP,14444,14444,188075.5166666665,175231.45666666934,12844.059999997116,0.8892315148156409
EDDF,2021,202109,ARR,14066,14066,124241.26666666612,104278.1166666668,19963.14999999931,1.4192485425849075
EDDF,2021,202109,DEP,14069,14069,189752.75000000055,164703.70333333756,25049.046666663024,1.7804425806143311
EDDF,2021,202110,ARR,14998,14998,138482.93333333387,111258.61333333363,27224.320000000225,1.8151966928924008
EDDF,2021,202110,DEP,15006,15006,198552.46666666563,181186.60000000545,17365.86666666018,1.1572615398280806
EDDF,2021,202111,ARR,14440,14440,137113.50000000114,109329.63333333294,27783.866666668197,1.924090489381454
EDDF,2021,202111,DEP,14438,14438,191663.38333333295,174149.3766666699,17514.006666663045,1.2130493604836574
EDDF,2021,202112,ARR,13991,13991,129668.38333333375,102847.6700000004,26820.713333333348,1.9169975936911832
EDDF,2021,202112,DEP,13960,13960,188985.3333333328,168891.80000000322,20093.53333332957,1.4393648519577056
EDDF,2022,202201,ARR,12298,12298,113646.66666666704,90064.15999999984,23582.506666667192,1.9175887678213688
EDDF,2022,202201,DEP,12339,12339,167510.99999999962,149011.04333333607,18499.95666666355,1.4993076154196896
EDDF,2022,202202,ARR,11164,11164,98828.24999999996,81002.14666666648,17826.103333333493,1.5967487758270775
EDDF,2022,202202,DEP,11164,11164,144530.68333333344,134604.2800000019,9926.403333331546,0.8891439746803605
EDDF,2022,202203,ARR,13459,13459,112629.55000000012,90891.02333333332,21738.526666666803,1.615166555217089
EDDF,2022,202203,DEP,13478,13478,172874.1333333331,162234.06000000247,10640.073333330629,0.7894400751840501
EDDF,2022,202204,ARR,16177,16177,140638.3166666671,113232.67666666656,27405.640000000534,1.6941113927180895
EDDF,2022,202204,DEP,16163,16163,217172.84999999977,192063.65000000276,25109.199999996985,1.553498731670914
EDDF,2022,202205,ARR,18282,18282,161606.64999999988,129471.95333333376,32134.696666666117,1.7577232614957947
EDDF,2022,202205,DEP,18283,18283,238177.60000000015,216077.8100000081,22099.789999992092,1.2087616911881032
EDDF,2022,202206,ARR,17942,17942,163655.16666666695,128291.08333333366,35364.083333333285,1.9710223683721595
EDDF,2022,202206,DEP,17939,17939,235370.1499999994,212215.9300000068,23154.21999999261,1.2907196610732263
EDDF,2022,202207,ARR,17499,17499,164364.64999999924,125837.26666666668,38527.38333333256,2.201690572794592
EDDF,2022,202207,DEP,17504,17504,231779.7166666669,209254.6266666731,22525.089999993797,1.2868538619740515
EDDM,2019,201901,ARR,15617,15617,94400,71881.99999999997,22518.00000000003,1.441890247806879
EDDM,2019,201901,DEP,15692,15692,271852,154344.80000000016,117507.19999999984,7.488350751975519
EDDM,2019,201902,ARR,14949,14949,90117,67981.99999999996,22135.000000000044,1.480701050237477
EDDM,2019,201902,DEP,14941,14940,215903,148665.79999999984,67237.20000000016,4.500481927710854
EDDM,2019,201903,ARR,17122,17122,97129,78763.59999999996,18365.40000000004,1.0726200210255834
EDDM,2019,201903,DEP,17120,17120,215094,169223.2000000001,45870.7999999999,2.6793691588784987
EDDM,2019,201904,ARR,17061,17061,96316,76870.99999999994,19445.00000000006,1.1397338960201664
EDDM,2019,201904,DEP,17028,17028,214751,178281.80000000028,36469.19999999972,2.141719520789272
EDDM,2019,201905,ARR,18735,18735,110907,85754.00000000001,25152.999999999985,1.342567387243127
EDDM,2019,201905,DEP,18749,18749,236268,188246.2000000006,48021.799999999406,2.561299269294331
EDDM,2019,201906,ARR,18186,18186,108707,82859.79999999987,25847.200000000128,1.421269108105143
EDDM,2019,201906,DEP,18200,18200,234914,186497.4000000005,48416.59999999954,2.660252747252722
EDDM,2019,201907,ARR,18818,18818,110923,87072.19999999988,23850.80000000012,1.2674460622808013
EDDM,2019,201907,DEP,18821,18821,237678,187354.60000000024,50323.39999999976,2.6737899155198854
EDDM,2019,201908,ARR,18053,18053,108123,83120.3999999999,25002.600000000093,1.3849554090732894
EDDM,2019,201908,DEP,18051,18051,227969,181820.60000000012,46148.39999999988,2.556556423466837
EDDM,2019,201909,ARR,18933,18933,107860,87325.99999999993,20534.000000000073,1.0845613479110583
EDDM,2019,201909,DEP,18934,18934,240207,190415.60000000056,49791.39999999944,2.6297348684905164
EDDM,2019,201910,ARR,18664,18664,105840,85766.9999999999,20073.000000000106,1.0754929275610856
EDDM,2019,201910,DEP,18648,18647,238802,188136.20000000013,50665.79999999987,2.7171019466938313
EDDM,2019,201911,ARR,15759,15759,88841,71898.19999999994,16942.80000000006,1.075118979630691
EDDM,2019,201911,DEP,15765,15765,201615,159445.2,42169.79999999999,2.674900095147478
EDDM,2019,201912,ARR,15267,15267,87648,70050.99999999999,17597.000000000015,1.1526167550926845
EDDM,2019,201912,DEP,15203,15203,208616,153619.7999999999,54996.2000000001,3.6174570808393143
EDDM,2020,202001,ARR,15298,15298,86076,70351.59999999998,15724.400000000023,1.0278729245653042
EDDM,2020,202001,DEP,15375,15375,210999,152116.80000000002,58882.19999999998,3.8297365853658527
EDDM,2020,202002,ARR,14703,14703,82684,68005.19999999994,14678.80000000006,0.9983540773991744
EDDM,2020,202002,DEP,14687,14687,189639,144065.79999999996,45573.20000000004,3.102961802954997
EDDM,2020,202003,ARR,8677,8675,46528,39247.39999999999,7280.600000000013,0.8392622478386182
EDDM,2020,202003,DEP,8635,8635,99561,84663.20000000003,14897.799999999974,1.7252808338158627
EDDM,2020,202004,ARR,906,906,4633,4234,399,0.44039735099337746
EDDM,2020,202004,DEP,917,917,8391,8256.200000000003,134.79999999999745,0.14700109051253812
EDDM,2020,202005,ARR,1028,1028,6978,6100.400000000006,877.599999999994,0.8536964980544689
EDDM,2020,202005,DEP,1035,1035,10435,10584.599999999997,-149.59999999999673,-0.14454106280192922
EDDM,2020,202006,ARR,2315,2315,13474,11006.2,2467.800000000001,1.0660043196544282
EDDM,2020,202006,DEP,2291,2291,23568,22649.600000000024,918.399999999976,0.40087298123089304
EDDM,2020,202007,ARR,4975,4975,28796,23833.799999999992,4962.200000000008,0.9974271356783936
EDDM,2020,202007,DEP,4963,4963,48638,46386.8,2251.199999999997,0.45359661495063414
EDDM,2020,202008,ARR,6132,6132,32177,27048.2,5128.799999999999,0.8363992172211349
EDDM,2020,202008,DEP,6126,6126,57488,56127.799999999894,1360.2000000001062,0.2220372184133376
EDDM,2020,202009,ARR,6357,6357,33217,27800.40000000002,5416.59999999998,0.852068585810914
EDDM,2020,202009,DEP,6367,6367,59430,57929.79999999993,1500.2000000000698,0.23562117166641583
EDDM,2020,202010,ARR,5669,5669,30051,25601.4,4449.600000000002,0.7849003351561126
EDDM,2020,202010,DEP,5671,5671,52182,50436.19999999994,1745.8000000000611,0.3078469405748653
EDDM,2020,202011,ARR,3248,3248,17139,14123.200000000004,3015.7999999999975,0.928509852216748
EDDM,2020,202011,DEP,3261,3261,32998,29436.599999999984,3561.400000000016,1.092118981907395
EDDM,2020,202012,ARR,2846,2843,16209,12581.799999999996,3627.2000000000025,1.2758353851565256
EDDM,2020,202012,DEP,2844,2844,35378,26523.599999999977,8854.400000000023,3.1133614627285597
EDDM,2021,202101,ARR,2450,2450,15581,11603.199999999992,3977.800000000008,1.623591836734697
EDDM,2021,202101,DEP,2459,2459,38346,22879.39999999997,15466.600000000031,6.289792598617336
EDDM,2021,202102,ARR,1707,1705,9595,7619.7999999999965,1975.2000000000037,1.158475073313785
EDDM,2021,202102,DEP,1700,1700,20778,16709.199999999993,4068.8000000000065,2.393411764705886
EDDM,2021,202103,ARR,2548,2547,14966,12170.200000000004,2795.7999999999975,1.0976835492736543
EDDM,2021,202103,DEP,2550,2550,28272,23270.599999999973,5001.400000000027,1.961333333333344
EDDM,2021,202104,ARR,3273,3273,17742,14354,3388,1.0351359608921478
EDDM,2021,202104,DEP,3266,3266,34503,31118.80000000001,3384.19999999999,1.0361910593998744
EDDM,2021,202105,ARR,4101,4101,22395,17296.6,5098.4000000000015,1.2432089734211171
EDDM,2021,202105,DEP,4103,4102,43769,40442.40000000009,3326.5999999999112,0.8109702584105098
EDDM,2021,202106,ARR,5531,5531,32361,24645.999999999993,7715.000000000007,1.394865304646539
EDDM,2021,202106,DEP,5540,5540,62823,53891.00000000002,8931.999999999978,1.612274368231043
EDDM,2021,202107,ARR,7927,7927,46691,38035.19999999997,8655.800000000032,1.0919389428535426
EDDM,2021,202107,DEP,7950,7950,104001,80319.99999999993,23681.000000000073,2.978742138364789
EDDM,2021,202108,ARR,8780,8780,51929,42987.2,8941.800000000003,1.0184282460136678
EDDM,2021,202108,DEP,8779,8779,113770,83775.00000000007,29994.999999999927,3.4166761590158248
EDDM,2021,202109,ARR,9445,9445,54733,44859.399999999994,9873.600000000006,1.045378507146639
EDDM,2021,202109,DEP,9444,9444,122747,94879.60000000003,27867.39999999995,2.950804743752642
EDDM,2021,202110,ARR,10364,10364,58910,46703.59999999996,12206.400000000038,1.1777692010806675
EDDM,2021,202110,DEP,10367,10367,118116,102102.99999999972,16013.000000000276,1.5446127134176018
EDDM,2021,202111,ARR,9614,9613,53963,43209.00000000001,10753.999999999993,1.1186934359721203
EDDM,2021,202111,DEP,9599,9599,121691,93483.59999999987,28207.40000000011,2.9385769350974176
EDDM,2021,202112,ARR,9483,9483,54355,42693.4,11661.6,1.2297374248655488
EDDM,2021,202112,DEP,9477,9477,127361,92871.9999999999,34489.0000000001,3.639231824417021
EDDM,2022,202201,ARR,8207,8207,46648,37146.19999999999,9501.80000000001,1.157767759229927
EDDM,2022,202201,DEP,8203,8203,115171,80295.9999999999,34875.0000000001,4.251493356089248
EDDM,2022,202202,ARR,7417,7416,40427,33386,7041,0.9494336569579288
EDDM,2022,202202,DEP,7420,7420,84867,72863.3999999999,12003.600000000091,1.6177358490566165
EDDM,2022,202203,ARR,8131,8130,42266,36120.400000000016,6145.599999999984,0.7559163591635897
EDDM,2022,202203,DEP,8145,8145,92165,86078.00000000001,6086.999999999985,0.7473296500920792
EDDM,2022,202204,ARR,11874,11874,63194,53343.99999999999,9850.000000000007,0.8295435405086751
EDDM,2022,202204,DEP,11856,11856,144717,122496.99999999996,22220.00000000003,1.8741565452091793
EDDM,2022,202205,ARR,13436,13436,73536,60983.59999999998,12552.400000000023,0.9342363798749646
EDDM,2022,202205,DEP,13432,13432,157670,136632.79999999984,21037.200000000157,1.5662001191185346
EDDM,2022,202206,ARR,13697,13697,76960,62242.99999999992,14717.00000000008,1.0744688617945597
EDDM,2022,202206,DEP,13705,13705,161114,137408.9999999998,23705.000000000204,1.7296607077709014
EDDM,2022,202207,ARR,12984,12984,73863,59378.3999999999,14484.6000000001,1.1155730129390096
EDDM,2022,202207,DEP,12978,12978,152365,130725.79999999976,21639.200000000244,1.6673755586377137
EGKK,2019,201901,ARR,9884,9882,75287,61429,13858,1.402347702894151
EGKK,2019,201901,DEP,9896,9896,161244,136316.80000000016,24927.199999999837,2.5189167340339367
EGKK,2019,201902,ARR,9961,9960,75473,60423.59999999999,15049.400000000009,1.5109839357429729
EGKK,2019,201902,DEP,9965,9965,188113,139370.80000000008,48742.19999999992,4.891339688911182
EGKK,2019,201903,ARR,11333,11328,89506,72180.40000000002,17325.599999999977,1.5294491525423708
EGKK,2019,201903,DEP,11345,11345,218925,154267.20000000013,64657.79999999987,5.699233142353449
EGKK,2019,201904,ARR,12006,12002,74355,59096.8,15258.200000000004,1.2713047825362442
EGKK,2019,201904,DEP,12000,11999,236445,181600.60000000033,54844.399999999674,4.570747562296831
EGKK,2019,201905,ARR,13039,13033,93675,76288.99999999999,17386.000000000015,1.3339983119772896
EGKK,2019,201905,DEP,13047,13047,266447,184680.4000000004,81766.5999999996,6.2670805549168085
EGKK,2019,201906,ARR,13277,13273,100058,76875.00000000004,23182.999999999956,1.746628493935053
EGKK,2019,201906,DEP,13293,13293,291647,189336.00000000044,102310.99999999956,7.696607236891564
EGKK,2019,201907,ARR,13790,13783,113245,82178.80000000005,31066.199999999953,2.253950518754985
EGKK,2019,201907,DEP,13778,13778,304470,192391.0000000004,112078.9999999996,8.134634925243112
EGKK,2019,201908,ARR,14063,14056,114294,87983.60000000002,26310.39999999998,1.871826977803072
EGKK,2019,201908,DEP,14092,14090,306437,194089.80000000037,112347.19999999963,7.973541518807639
EGKK,2019,201909,ARR,13081,13074,103274,78819.6,24454.39999999999,1.870460455866605
EGKK,2019,201909,DEP,13054,13054,282924,181637.0000000004,101286.9999999996,7.759077677340248
EGKK,2019,201910,ARR,12209,12206,89965,71863.20000000003,18101.799999999977,1.483024741930196
EGKK,2019,201910,DEP,12225,12225,245768,170565.60000000012,75202.39999999988,6.1515255623721785
EGKK,2019,201911,ARR,9235,9235,64068,50934.8,13133.199999999995,1.4221115322144011
EGKK,2019,201911,DEP,9225,9225,153124,133035.8,20088.20000000001,2.1775826558265594
EGKK,2019,201912,ARR,10526,10525,86061,67732.20000000001,18328.79999999999,1.7414536817102126
EGKK,2019,201912,DEP,10533,10533,192027,142652.20000000004,49374.79999999996,4.687629355359343
EGKK,2020,202001,ARR,9333,9332,74466,60373.8,14092.200000000004,1.5100942991855983
EGKK,2020,202001,DEP,9339,9339,149194,125515.59999999998,23678.400000000023,2.5354320591069732
EGKK,2020,202002,ARR,9449,9449,77088,62560.60000000001,14527.399999999989,1.5374536988041048
EGKK,2020,202002,DEP,9452,9452,174032,125787.40000000018,48244.59999999982,5.104168429961893
EGKK,2020,202003,ARR,6914,6911,53707,43469.2,10237.799999999996,1.4813775141079433
EGKK,2020,202003,DEP,6894,6894,119130,95101.80000000002,24028.199999999983,3.4853785900783265
EGKK,2020,202004,ARR,155,155,1062,648.1999999999999,413.80000000000007,2.669677419354839
EGKK,2020,202004,DEP,155,155,1723,1550.8000000000002,172.19999999999982,1.1109677419354826
EGKK,2020,202005,ARR,124,124,801,447,354,2.8548387096774195
EGKK,2020,202005,DEP,121,121,1240,454,786,6.4958677685950414
EGKK,2020,202006,ARR,287,287,2050,1572.4,477.60000000000014,1.6641114982578402
EGKK,2020,202006,DEP,284,284,3031,3805.600000000001,-774.6000000000008,-2.727464788732397
EGKK,2020,202007,ARR,1562,1562,11156,9901.799999999996,1254.2000000000023,0.8029449423815638
EGKK,2020,202007,DEP,1568,1568,16186,20710.200000000004,-4524.200000000004,-2.885331632653064
EGKK,2020,202008,ARR,4070,4069,27871,24265.999999999996,3605.000000000003,0.8859670680756951
EGKK,2020,202008,DEP,4067,4067,45936,56550.80000000007,-10614.800000000068,-2.6099827882960582
EGKK,2020,202009,ARR,3742,3740,25633,22923.8,2709.2000000000007,0.7243850267379681
EGKK,2020,202009,DEP,3747,3747,40771,51852.40000000001,-11081.400000000009,-2.957405924739794
EGKK,2020,202010,ARR,2288,2288,16690,15157.8,1532.199999999999,0.6696678321678317
EGKK,2020,202010,DEP,2287,2287,25518,32012.599999999995,-6494.599999999995,-2.83979011805859
EGKK,2020,202011,ARR,762,761,5650,4614.000000000001,1035.999999999999,1.3613666228646506
EGKK,2020,202011,DEP,749,749,8576,9921.4,-1345.4000000000017,-1.7962616822429929
EGKK,2020,202012,ARR,1442,1440,10473,9096.4,1376.6000000000004,0.9559722222222224
EGKK,2020,202012,DEP,1461,1461,16516,19881.6,-3365.5999999999985,-2.303627652292949
EGKK,2021,202101,ARR,865,865,5958,4928.4000000000015,1029.5999999999983,1.1902890173410388
EGKK,2021,202101,DEP,855,855,10298,11378.399999999996,-1080.399999999996,-1.2636257309941474
EGKK,2021,202102,ARR,373,373,2671,2227.2,443.8000000000002,1.1898123324396788
EGKK,2021,202102,DEP,367,367,4696,5541.4000000000005,-845.4000000000005,-2.3035422343324266
EGKK,2021,202103,ARR,458,458,3180,2839.4,340.5999999999999,0.7436681222707422
EGKK,2021,202103,DEP,438,438,5188,6446.199999999999,-1258.199999999999,-2.872602739726025
EGKK,2021,202104,ARR,518,518,3389,2629.8000000000006,759.1999999999994,1.4656370656370643
EGKK,2021,202104,DEP,512,512,6637,6451,186,0.36328125
EGKK,2021,202105,ARR,945,945,6600,5750.6,849.3999999999996,0.8988359788359784
EGKK,2021,202105,DEP,950,950,11959,13727.4,-1768.3999999999996,-1.861473684210526
EGKK,2021,202106,ARR,1333,1333,9051,7943.4,1107.5999999999997,0.8309077269317325
EGKK,2021,202106,DEP,1327,1327,16230,18769.40000000001,-2539.4000000000087,-1.913639788997746
EGKK,2021,202107,ARR,2472,2472,17336,14853.2,2482.7999999999993,1.0043689320388347
EGKK,2021,202107,DEP,2489,2489,32856,35109.800000000025,-2253.8000000000247,-0.9055042185616812
EGKK,2021,202108,ARR,4103,4103,27865,23928.999999999996,3936.000000000003,0.9592980745795768
EGKK,2021,202108,DEP,4113,4113,58017,57792,225,0.05470459518599562
EGKK,2021,202109,ARR,4088,4088,27658,23482.4,4175.5999999999985,1.0214285714285711
EGKK,2021,202109,DEP,4090,4090,53906,57421.99999999999,-3515.9999999999927,-0.8596577017114897
EGKK,2021,202110,ARR,4072,4072,30564,26127.2,4436.799999999999,1.0895874263261296
EGKK,2021,202110,DEP,4095,4095,50499,55997.59999999997,-5498.599999999969,-1.3427594627594552
EGKK,2021,202111,ARR,3621,3621,27287,23364.6,3922.4000000000015,1.0832366749516713
EGKK,2021,202111,DEP,3614,3614,42437,49477.4,-7040.4000000000015,-1.948090758162701
EGKK,2021,202112,ARR,5070,5068,36420,31110.4,5309.600000000002,1.0476716653512237
EGKK,2021,202112,DEP,5071,5071,66853,71266.60000000005,-4413.6000000000495,-0.8703608755669591
EGKK,2022,202201,ARR,3598,3597,27519,23411.6,4107.4000000000015,1.1418960244648322
EGKK,2022,202201,DEP,3592,3592,43768,49743.19999999999,-5975.19999999999,-1.6634743875278368
EGKK,2022,202202,ARR,4381,4379,34063,29040,5023,1.1470655400776433
EGKK,2022,202202,DEP,4386,4386,55809,59946.79999999992,-4137.799999999916,-0.943410852713159
EGKK,2022,202203,ARR,6116,6114,39611,29995.199999999975,9615.800000000025,1.572751063133795
EGKK,2022,202203,DEP,6135,6135,89765,92099.79999999976,-2334.79999999977,-0.3805704971474768
EGKK,2022,202204,ARR,9424,9423,64477,47643.80000000001,16833.19999999999,1.7863949909795172
EGKK,2022,202204,DEP,9421,9421,156303,134028.7999999999,22274.2000000001,2.3643137671160277
EGKK,2022,202205,ARR,10978,10974,92274,64433.0000000001,27840.999999999894,2.5369965372699013
EGKK,2022,202205,DEP,10985,10985,201683,142578.60000000027,59104.39999999973,5.380464269458328
EGKK,2022,202206,ARR,11011,11009,92470,62708.00000000007,29761.999999999927,2.703424470887449
EGKK,2022,202206,DEP,11016,11015,208844,147575.60000000038,61268.399999999616,5.56226963231953
EGLL,2019,201901,ARR,18920,18920,163256,110045.40000000013,53210.59999999989,2.8123995771670134
EGLL,2019,201901,DEP,18915,18915,401406,339173.2000000005,62232.79999999952,3.2901295268305324
EGLL,2019,201902,ARR,17625,17625,153642,102836.00000000007,50805.99999999993,2.88260992907801
EGLL,2019,201902,DEP,17631,17631,389559,315653.99999999994,73905.00000000006,4.19176450570019
EGLL,2019,201903,ARR,19946,19946,170262,114079.00000000026,56182.99999999974,2.8167552391456803
EGLL,2019,201903,DEP,19974,19974,464791,358086.6000000006,106704.39999999938,5.342164814258505
EGLL,2019,201904,ARR,20172,20172,177770,126327.5999999998,51442.40000000021,2.55018837993259
EGLL,2019,201904,DEP,20165,20165,452897,356345.1999999987,96551.80000000133,4.788088271758062
EGLL,2019,201905,ARR,20840,20839,172524,121545.0000000002,50978.99999999979,2.446326599165017
EGLL,2019,201905,DEP,20846,20846,477681,372311.40000000113,105369.59999999889,5.054667562122176
EGLL,2019,201906,ARR,20453,20453,179147,122063.4,57083.600000000006,2.7909646506624948
EGLL,2019,201906,DEP,20458,20458,482242,363820.5999999991,118421.4000000009,5.788513051129186
EGLL,2019,201907,ARR,21059,21059,193446,123761.2000000002,69684.7999999998,3.309027019326644
EGLL,2019,201907,DEP,21049,21049,500335,375534.4000000003,124800.59999999969,5.9290512613425665
EGLL,2019,201908,ARR,21021,21021,186114,120604.4000000002,65509.5999999998,3.1163883735312212
EGLL,2019,201908,DEP,21020,21020,495192,375822.4000000008,119369.59999999916,5.678858230256858
EGLL,2019,201909,ARR,19528,19528,163419,114691.80000000005,48727.19999999995,2.4952478492421113
EGLL,2019,201909,DEP,19518,19518,442914,347077.80000000034,95836.19999999966,4.910144482016583
EGLL,2019,201910,ARR,20681,20681,175594,122003.19999999994,53590.80000000006,2.5913060296890897
EGLL,2019,201910,DEP,20673,20673,477281,368778.5999999996,108502.40000000036,5.2485077153775634
EGLL,2019,201911,ARR,19073,19073,169459,114370.7999999999,55088.2000000001,2.888281864415671
EGLL,2019,201911,DEP,19092,19092,417894,339896.59999999934,77997.40000000066,4.0853446469725885
EGLL,2019,201912,ARR,18577,18577,156283,107895.60000000017,48387.39999999985,2.6046939764224497
EGLL,2019,201912,DEP,18557,18557,415503,332349.60000000027,83153.39999999973,4.480972139893288
EGLL,2020,202001,ARR,19024,19024,153859,109724.60000000012,44134.39999999988,2.3199327165685384
EGLL,2020,202001,DEP,19023,19022,408160,340862.0000000001,67297.99999999988,3.5379034801808373
EGLL,2020,202002,ARR,17636,17636,148098,100423.80000000016,47674.19999999984,2.7032320254025763
EGLL,2020,202002,DEP,17655,17654,393779,316182.5999999998,77596.4000000002,4.395400475812858
EGLL,2020,202003,ARR,13066,13066,102835,78033.59999999986,24801.40000000014,1.898163171590398
EGLL,2020,202003,DEP,13014,13014,249073,232943.1999999998,16129.800000000192,1.2394190871369442
EGLL,2020,202004,ARR,2624,2624,20328,17299.400000000012,3028.5999999999876,1.154192073170727
EGLL,2020,202004,DEP,2634,2634,40271,43944.80000000001,-3673.80000000001,-1.394760820045562
EGLL,2020,202005,ARR,3409,3409,25830,21030.400000000023,4799.599999999977,1.4079202112056253
EGLL,2020,202005,DEP,3439,3439,52796,59107.40000000007,-6311.400000000067,-1.8352428031404673
EGLL,2020,202006,ARR,3751,3751,28090,23241.000000000004,4848.999999999996,1.2927219408157815
EGLL,2020,202006,DEP,3738,3738,58869,65395.00000000005,-6526.000000000044,-1.7458533975388024
EGLL,2020,202007,ARR,6092,6092,44549,37049.79999999999,7499.200000000012,1.2309914642153663
EGLL,2020,202007,DEP,6051,6051,107200,107865.20000000006,-665.2000000000553,-0.10993224260453732
EGLL,2020,202008,ARR,7702,7702,54416,45993.80000000006,8422.199999999939,1.0935081796935782
EGLL,2020,202008,DEP,7693,7693,120896,136616.60000000003,-15720.600000000037,-2.0434940855323065
EGLL,2020,202009,ARR,7322,7322,53818,43657.60000000003,10160.399999999972,1.387653646544656
EGLL,2020,202009,DEP,7335,7335,112583,130225.80000000002,-17642.800000000017,-2.405289706884801
EGLL,2020,202010,ARR,9076,9076,72863,52674.60000000008,20188.39999999992,2.224371970030842
EGLL,2020,202010,DEP,9099,9099,145895,164715.79999999996,-18820.79999999996,-2.068447082096929
EGLL,2020,202011,ARR,5793,5793,46335,34654.99999999999,11680.000000000007,2.016226480234767
EGLL,2020,202011,DEP,5838,5838,97377,104538.8,-7161.799999999988,-1.2267557382665275
EGLL,2020,202012,ARR,6487,6487,55632,38883.000000000015,16748.999999999985,2.5819330969631547
EGLL,2020,202012,DEP,6426,6426,113001,112742.59999999996,258.40000000003783,0.04021164021164609
EGLL,2021,202101,ARR,5039,5039,42360,30212.800000000007,12147.199999999992,2.4106370311569743
EGLL,2021,202101,DEP,5071,5071,94262,87533.2,6728.800000000003,1.3269177676986794
EGLL,2021,202102,ARR,4075,4075,31954,24690.800000000007,7263.199999999993,1.7823803680981578
EGLL,2021,202102,DEP,4065,4065,73526,67997.8,5528.199999999997,1.3599507995079945
EGLL,2021,202103,ARR,4919,4919,36982,29662.40000000001,7319.599999999991,1.4880260215490937
EGLL,2021,202103,DEP,4926,4926,84717,88472.99999999994,-3755.999999999942,-0.7624847746650308
EGLL,2021,202104,ARR,5168,5168,38389,31354.80000000004,7034.199999999961,1.3611068111455031
EGLL,2021,202104,DEP,5144,5144,87616,86268.20000000013,1347.799999999872,0.2620139968895552
EGLL,2021,202105,ARR,5779,5779,41849,34280.999999999985,7568.000000000015,1.309569129607201
EGLL,2021,202105,DEP,5775,5775,101436,101700.8,-264.8000000000029,-0.04585281385281436
EGLL,2021,202106,ARR,6771,6771,50880,40242.59999999998,10637.400000000023,1.5710234824988958
EGLL,2021,202106,DEP,6772,6772,124755,112625.40000000013,12129.59999999989,1.7911399881866346
EGLL,2021,202107,ARR,8349,8349,65205,49914.39999999998,15290.60000000002,1.8314289136423547
EGLL,2021,202107,DEP,8343,8343,141269,148231.40000000023,-6962.400000000227,-0.8345199568500812
EGLL,2021,202108,ARR,9694,9694,72875,56820.79999999984,16054.200000000155,1.6560965545698532
EGLL,2021,202108,DEP,9705,9705,166064,172407.19999999943,-6343.19999999943,-0.6536012364759844
EGLL,2021,202109,ARR,10811,10811,90316,62668.00000000009,27647.999999999913,2.5573952455831943
EGLL,2021,202109,DEP,10812,10812,187795,194193.99999999985,-6398.999999999825,-0.5918423973362769
EGLL,2021,202110,ARR,12164,12164,100664,68428.80000000012,32235.19999999988,2.650049325879635
EGLL,2021,202110,DEP,12149,12149,216266,220161.7999999998,-3895.7999999998137,-0.32066836776687907
EGLL,2021,202111,ARR,12009,12009,112704,67848.40000000007,44855.59999999993,3.7351652926971384
EGLL,2021,202111,DEP,12025,12025,214137,216836.79999999996,-2699.7999999999593,-0.2245155925155891
EGLL,2021,202112,ARR,12540,12540,117305,72275.79999999993,45029.20000000007,3.5908452950558267
EGLL,2021,202112,DEP,12505,12504,223453,223707.99999999907,-254.99999999906868,-0.02039347408821726
EGLL,2022,202201,ARR,10499,10499,86416,58914.200000000055,27501.799999999945,2.6194685208115005
EGLL,2022,202201,DEP,10493,10493,186891,190489.3999999999,-3598.399999999907,-0.3429333841608603
EGLL,2022,202202,ARR,7970,7970,75257,43801.000000000015,31455.999999999985,3.946800501882056
EGLL,2022,202202,DEP,8003,8003,143987,145499.4,-1512.3999999999942,-0.18897913282518983
EGLL,2022,202203,ARR,14140,14140,152712,83698.39999999978,69013.60000000022,4.880735502121657
EGLL,2022,202203,DEP,14106,14105,253430,247409.39999999868,6020.6000000013155,0.42684154555131626
EGLL,2022,202204,ARR,16369,16369,178287,95245.79999999984,83041.20000000017,5.073077158042652
EGLL,2022,202204,DEP,16394,16394,311738,288794.1999999981,22943.80000000191,1.3995242161767665
EGLL,2022,202205,ARR,17665,17665,191184,97820.8000000001,93363.1999999999,5.285208038494192
EGLL,2022,202205,DEP,17648,17648,356225,310810.19999999984,45414.80000000016,2.5733680870353672
EGLL,2022,202206,ARR,17443,17443,206643,97542.60000000002,109100.39999999998,6.25468096084389
EGLL,2022,202206,DEP,17451,17451,356429,303749.7999999995,52679.20000000048,3.018692338547962
EGLL,2022,202207,ARR,17089,17089,197386,96825,100561,5.884545614137751
EGLL,2022,202207,DEP,17130,17130,342112,300669.39999999944,41442.60000000056,2.419299474605987
EHAM,2019,201901,ARR,19262,19262,155567.74999999927,125662.10333333288,29905.64666666639,1.5525722493337344
EHAM,2019,201901,DEP,19266,19266,274048.0500000001,205237.74999999267,68810.30000000744,3.57159244264546
EHAM,2019,201902,ARR,18274,18274,190408.16666666575,151833.58333333337,38574.58333333241,2.110899821239598
EHAM,2019,201902,DEP,18293,18293,216658.9166666662,169259.1733333296,47399.74333333658,2.591141055777433
EHAM,2019,201903,ARR,20650,20650,190606.49999999977,147058.46999999956,43548.03000000017,2.108863438256667
EHAM,2019,201903,DEP,20636,20635,247897.65000000037,194365.83666666123,53531.813333339145,2.594224052984693
EHAM,2019,201904,ARR,21774,21773,148047.51666666617,119115.52666666484,28931.99000000133,1.328801267625101
EHAM,2019,201904,DEP,21776,21776,298709.70000000147,252311.24666666708,46398.453333334386,2.1307151604213073
EHAM,2019,201905,ARR,23253,23253,181161.3166666663,143182.10333333287,37979.213333333435,1.633303803093512
EHAM,2019,201905,DEP,23257,23256,333825.8333333354,268856.22666666465,64969.60666667076,2.7936707373009444
EHAM,2019,201906,ARR,22634,22634,215911.61666666667,167445.94999999998,48465.666666666686,2.141277134694119
EHAM,2019,201906,DEP,22612,22612,295643.5000000011,237946.1066666651,57697.39333333602,2.551627159620379
EHAM,2019,201907,ARR,23210,23210,185762.68333333472,150442.3500000001,35320.33333333462,1.521772224615882
EHAM,2019,201907,DEP,23218,23218,292783.2333333329,247308.82999999853,45474.40333333434,1.9585840009188704
EHAM,2019,201908,ARR,23327,23327,212584.5333333333,181636.05333333515,30948.479999998148,1.3267235392462875
EHAM,2019,201908,DEP,23342,23342,254884.11666666795,215582.0833333333,39302.033333334635,1.683747465227257
EHAM,2019,201909,ARR,22885,22885,202726.3166666672,148083.136666665,54643.180000002176,2.3877290801836213
EHAM,2019,201909,DEP,22866,22866,302723.79999999754,238640.9800000004,64082.819999997126,2.802537391760567
EHAM,2019,201910,ARR,23042,23042,211188.2999999998,172478.06666666816,38710.23333333165,1.6799858229898297
EHAM,2019,201910,DEP,23071,23070,279513.7666666651,223129.60000000292,56384.166666662175,2.4440471030196003
EHAM,2019,201911,ARR,19661,19661,203851.63333333263,160776.18333333515,43075.44999999748,2.190908397334697
EHAM,2019,201911,DEP,19660,19660,240069.56666666575,193800.76000000164,46268.80666666414,2.3534489657509736
EHAM,2019,201912,ARR,19893,19893,192106.9166666672,158890.22666666823,33216.689999998984,1.669767757502588
EHAM,2019,201912,DEP,19888,19888,231122.41666666712,185082.91000000015,46039.506666666945,2.3149389916867933
EHAM,2020,202001,ARR,19436,19436,190133.63333333263,160926.92333333526,29206.709999997373,1.502711977773069
EHAM,2020,202001,DEP,19441,19441,210302.96666666665,174678.4866666688,35624.47999999783,1.8324407180699465
EHAM,2020,202002,ARR,18218,18218,161167.23333333287,134953.99,26213.24333333288,1.4388650418999276
EHAM,2020,202002,DEP,18214,18214,197187.88333333377,160122.35333333502,37065.52999999875,2.0350021961128113
EHAM,2020,202003,ARR,13254,13254,115201.24999999964,99852.17333333344,15349.076666666197,1.158071274080745
EHAM,2020,202003,DEP,13157,13157,145348.58333333372,127391.89666666868,17956.686666665046,1.3648009931340763
EHAM,2020,202004,ARR,2471,2470,18050.61666666668,15791.319999999982,2259.296666666698,0.914695006747651
EHAM,2020,202004,DEP,2478,2478,30568.150000000023,29881.710000000076,686.4399999999478,0.27701372074251324
EHAM,2020,202005,ARR,3366,3366,25715.96666666667,22021.253333333516,3694.713333333155,1.0976569617745555
EHAM,2020,202005,DEP,3381,3381,42216.333333333205,40570.303333333446,1646.0299999997587,0.4868470866606799
EHAM,2020,202006,ARR,4613,4613,37751.916666666715,34403.250000000044,3348.6666666666715,0.7259195028542536
EHAM,2020,202006,DEP,4610,4610,53308.383333333215,51326.3233333332,1982.060000000012,0.42994793926247554
EHAM,2020,202007,ARR,8598,8598,71568.9499999998,66607.02666666696,4961.92333333283,0.5771020392338718
EHAM,2020,202007,DEP,8630,8630,89004.3666666669,83815.79666666762,5188.569999999279,0.60122479721892
EHAM,2020,202008,ARR,12283,12283,91006.38333333358,83937.08666666756,7069.296666666021,0.5755350213031036
EHAM,2020,202008,DEP,12311,12311,130587.98333333376,122240.90666666695,8347.076666666791,0.678017761893168
EHAM,2020,202009,ARR,11746,11746,85409.51666666642,73207.91333333359,12201.603333332823,1.038787956183622
EHAM,2020,202009,DEP,11739,11739,129053.31666666684,117404.23000000116,11649.086666665697,0.9923406309451992
EHAM,2020,202010,ARR,10331,10331,94992.6666666664,83478.37666666726,11514.28999999915,1.1145377988577243
EHAM,2020,202010,DEP,10347,10347,107247.21666666665,96000.6800000004,11246.53666666623,1.0869369543506553
EHAM,2020,202011,ARR,7900,7900,75675.58333333342,68518.88000000078,7156.70333333264,0.9059118143459036
EHAM,2020,202011,DEP,7882,7882,78873.93333333344,71777.38000000025,7096.553333333184,0.900349319123723
EHAM,2020,202012,ARR,8490,8490,81701.25000000004,73414.92000000043,8286.329999999609,0.9760106007066676
EHAM,2020,202012,DEP,8485,8485,90770.25000000012,78688.75000000083,12081.499999999289,1.4238656452562506
EHAM,2021,202101,ARR,7816,7815,55652.61666666666,45385.980000000185,10266.636666666476,1.3137091064192548
EHAM,2021,202101,DEP,7500,7500,99785.55000000032,81154.70666666655,18630.84333333376,2.4841124444445013
EHAM,2021,202102,ARR,5743,5743,50611.73333333331,27913.6499999998,22698.08333333351,3.952304254454729
EHAM,2021,202102,DEP,5747,5747,75679.48333333344,52307.556666666584,23371.926666666855,4.066804709703646
EHAM,2021,202103,ARR,6693,6692,40980.90000000004,31502.37666666655,9478.523333333487,1.416396194461071
EHAM,2021,202103,DEP,6678,6677,72129.66666666682,59343.74000000002,12785.926666666795,1.914920872647416
EHAM,2021,202104,ARR,7436,7436,37016.84999999998,30556.37000000016,6460.479999999818,0.8688111888111643
EHAM,2021,202104,DEP,7447,7447,90761.15000000015,69590.40999999967,21170.7400000005,2.8428548408755874
EHAM,2021,202105,ARR,8536,8535,59378.13333333337,50925.28000000025,8452.853333333114,0.99037531732081
EHAM,2021,202105,DEP,8528,8528,86846.79999999978,78597.91000000051,8248.889999999272,0.9672713414633292
EHAM,2021,202106,ARR,10479,10479,69882.9333333334,59020.79999999944,10862.133333333964,1.0365620129147786
EHAM,2021,202106,DEP,10478,10478,133373.68333333364,119360.1200000004,14013.563333333252,1.3374273080104269
EHAM,2021,202107,ARR,15441,15440,118381.91666666672,100122.05666666786,18259.85999999885,1.182633419689045
EHAM,2021,202107,DEP,15455,15455,180407.4833333335,159867.86333333197,20539.620000001567,1.3289951472016543
EHAM,2021,202108,ARR,16779,16779,132201.2500000008,113778.2200000016,18423.0299999992,1.097981405328041
EHAM,2021,202108,DEP,16761,16761,193184.116666667,170907.3933333331,22276.72333333388,1.3290808026569942
EHAM,2021,202109,ARR,16173,16173,124660.50000000032,105506.09333333398,19154.406666666357,1.184344689709167
EHAM,2021,202109,DEP,16177,16177,188848.53333333295,165837.30333333265,23011.23000000033,1.4224658465723143
EHAM,2021,202110,ARR,16711,16711,161696.7666666655,131536.75666666904,30160.00999999646,1.8047998324454824
EHAM,2021,202110,DEP,16733,16733,193896.14999999964,160996.53999999954,32899.6100000001,1.96615131775534
EHAM,2021,202111,ARR,15068,15068,126827.23333333424,106081.29000000111,20745.943333333125,1.3768212990000748
EHAM,2021,202111,DEP,15047,15047,178479.99999999962,152449.98666666728,26030.013333332347,1.729913825568708
EHAM,2021,202112,ARR,15895,15895,148408.06666666718,121754.2266666684,26653.83999999879,1.6768694558036357
EHAM,2021,202112,DEP,15885,15884,190215.8333333337,153244.77333333227,36971.060000001424,2.327566104255945
EHAM,2022,202201,ARR,13785,13785,123037.5999999998,102549.22000000192,20488.379999997895,1.486280739934559
EHAM,2022,202201,DEP,13820,13820,158954.88333333225,132129.73666666748,26825.146666664747,1.941038109020604
EHAM,2022,202202,ARR,12771,12771,113330.90000000024,94498.42666666787,18832.473333332367,1.47462793307747
EHAM,2022,202202,DEP,12714,12714,142371.73333333412,115401.090000001,26970.64333333312,2.1213342247391163
EHAM,2022,202203,ARR,16160,16160,118486.18333333376,96675.44333333409,21810.739999999685,1.3496745049504757
EHAM,2022,202203,DEP,16138,16138,206092.5166666655,177938.54333333447,28153.97333333103,1.7445763622091357
EHAM,2022,202204,ARR,17744,17743,122685.01666666631,95084.63000000006,27600.386666666265,1.5555648236863138
EHAM,2022,202204,DEP,17782,17782,229476.08333333305,194575.34333333393,34900.73999999909,1.9627004836350856
EHAM,2022,202205,ARR,20340,20340,161728.00000000076,124859.80333333316,36868.1966666676,1.8125957063258409
EHAM,2022,202205,DEP,20344,20344,243141.70000000007,204494.1166666679,38647.58333333218,1.899704253506301
EHAM,2022,202206,ARR,19761,19759,160535.20000000132,121425.25000000023,39109.950000001074,1.979348651247587
EHAM,2022,202206,DEP,19791,19791,234276.99999999965,202292.12999999977,31984.86999999988,1.6161320802384862
EHAM,2022,202207,ARR,8,8,146.54999999999998,81.67333333333333,64.87666666666665,8.109583333333331
EHAM,2022,202207,DEP,3,3,36.63333333333333,32.6,4.033333333333331,1.344444444444444
LEBL,2019,201901,ARR,11915,11915,42783.10000000007,33899.65000000028,8883.449999999793,0.7455686109945273
LEBL,2019,201901,DEP,11966,11966,162420.0166666633,146527.88999999975,15892.126666663537,1.328106858320536
LEBL,2019,201902,ARR,11266,11266,39466.14999999987,31059.15000000011,8406.999999999756,0.7462275874311873
LEBL,2019,201902,DEP,11324,11324,143214.73333333945,139872.82000000068,3341.9133333387726,0.2951177440249711
LEBL,2019,201903,ARR,12730,12730,48773.78333333331,38469.59666666677,10304.186666666545,0.8094412149777332
LEBL,2019,201903,DEP,12880,12880,164787.19999999888,156485.69999999963,8301.499999999243,0.6445263975154693
LEBL,2019,201904,ARR,14765,14765,57000.733333333366,45681.96000000033,11318.77333333304,0.766594875268069
LEBL,2019,201904,DEP,14835,14835,231898.9833333418,180242.42999999833,51656.55333334347,3.482073025503436
LEBL,2019,201905,ARR,15430,15430,56639.29999999982,43231.44000000079,13407.859999999033,0.8689475048605984
LEBL,2019,201905,DEP,15521,15521,252743.8833333369,192023.64333333384,60720.24000000307,3.912134527414669
LEBL,2019,201906,ARR,15875,15875,64222.56666666661,49307.43666666741,14915.129999999195,0.9395357480314456
LEBL,2019,201906,DEP,15973,15973,267639.4333333335,193824.8966666647,73814.53666666884,4.621206828189372
LEBL,2019,201907,ARR,16450,16450,65045.4666666664,48721.74000000101,16323.726666665389,0.9923238095237318
LEBL,2019,201907,DEP,16526,16526,277948.8666666519,201103.0433333321,76845.8233333198,4.649995360844717
LEBL,2019,201908,ARR,16199,16199,62496.69999999992,48287.79000000064,14208.909999999276,0.8771473547749414
LEBL,2019,201908,DEP,16294,16294,270433.866666654,199754.93333332997,70678.93333332404,4.337727588886954
LEBL,2019,201909,ARR,15913,15913,65333.350000000166,50692.81000000012,14640.540000000045,0.9200364481870196
LEBL,2019,201909,DEP,15969,15969,277342.59999999194,194024.06333333076,83318.53666666118,5.2175174817872865
LEBL,2019,201910,ARR,15268,15268,57486.83333333346,43473.576666667264,14013.256666666197,0.9178187494541652
LEBL,2019,201910,DEP,15335,15335,249296.71666667113,189596.81999999855,59699.896666672576,3.893048364308613
LEBL,2019,201911,ARR,11735,11735,42059.54999999984,32249.553333333333,9809.99666666651,0.8359605169720077
LEBL,2019,201911,DEP,11873,11873,180157.9500000123,146664.18666666604,33493.76333334626,2.8210025548173383
LEBL,2019,201912,ARR,12460,12460,45447.18333333329,36434.26000000019,9012.9233333331,0.7233485821294622
LEBL,2019,201912,DEP,12520,12520,190671.73333334533,154444.47666666695,36227.25666667835,2.8935508519711144
LEBL,2020,202001,ARR,11642,11642,43477.55000000001,34895.12333333312,8582.426666666892,0.7371952127355172
LEBL,2020,202001,DEP,11682,11682,170822.51666666442,143119.66000000003,27702.85666666439,2.3714138560746783
LEBL,2020,202002,ARR,11410,11410,43069.63333333328,32766.81333333344,10302.81999999984,0.9029640666082244
LEBL,2020,202002,DEP,11438,11438,169055.39999999947,141098.02000000046,27957.379999999015,2.444254240251706
LEBL,2020,202003,ARR,6845,6845,28143.866666666672,22369.69666666646,5774.170000000213,0.8435602629656995
LEBL,2020,202003,DEP,6898,6898,102155.76666666823,84367.77000000054,17787.996666667706,2.5787179858897806
LEBL,2020,202004,ARR,707,707,4026.4333333333343,3440.453333333331,585.9800000000037,0.828826025459694
LEBL,2020,202004,DEP,741,741,7592.283333333344,8259.630000000008,-667.3466666666645,-0.9006027890238387
LEBL,2020,202005,ARR,821,821,4442.1666666666615,3841.880000000003,600.2866666666587,0.7311652456353942
LEBL,2020,202005,DEP,876,876,9177.46666666671,9970.026666666696,-792.5599999999849,-0.9047488584474714
LEBL,2020,202006,ARR,1318,1318,7354.633333333336,6217.733333333334,1136.9000000000024,0.8625948406676801
LEBL,2020,202006,DEP,1350,1350,14516.41666666674,15629.703333333331,-1113.2866666665925,-0.8246567901234017
LEBL,2020,202007,ARR,5104,5104,28596.983333333283,23499.67999999998,5097.303333333304,0.998687957157779
LEBL,2020,202007,DEP,5169,5169,60239.78333333463,58741.96000000012,1497.8233333345052,0.28977042625933547
LEBL,2020,202008,ARR,6975,6975,36015.03333333338,31081.16333333319,4933.870000000188,0.7073648745519983
LEBL,2020,202008,DEP,7007,7007,84706.48333333278,85380.27000000027,-673.7866666674818,-0.0961590790163382
LEBL,2020,202009,ARR,5186,5186,27216.483333333457,23162.67999999995,4053.803333333508,0.78168209281402
LEBL,2020,202009,DEP,5237,5237,61401.58333333224,63767.2633333331,-2365.680000000866,-0.45172426962017687
LEBL,2020,202010,ARR,4403,4403,23605.050000000003,19874.206666666614,3730.8433333333887,0.8473412067529841
LEBL,2020,202010,DEP,4447,4447,51450.883333333964,53001.916666666715,-1551.0333333327508,-0.3487819503784013
LEBL,2020,202011,ARR,2596,2596,14363.283333333286,11786.656666666708,2576.626666666578,0.9925372367744908
LEBL,2020,202011,DEP,2653,2653,28840.233333333563,30783.166666666595,-1942.9333333330324,-0.7323533107173134
LEBL,2020,202012,ARR,3520,3520,19646.54999999998,16157.66666666666,3488.8833333333223,0.9911600378787848
LEBL,2020,202012,DEP,3558,3558,39635.16666666673,37680.8966666668,1954.269999999931,0.5492608206857592
LEBL,2021,202101,ARR,2719,2719,16188.216666666664,13115.126666666672,3073.089999999993,1.1302280250091918
LEBL,2021,202101,DEP,2763,2763,29664.499999999705,29362.92999999999,301.56999999971595,0.10914585595357074
LEBL,2021,202102,ARR,1939,1939,11103.150000000009,9122.876666666683,1980.2733333333256,1.021285886195629
LEBL,2021,202102,DEP,1962,1962,20863.099999999853,20902.353333333333,-39.25333333347953,-0.02000679578668681
LEBL,2021,202103,ARR,2490,2490,14480.550000000012,11624.400000000018,2856.149999999994,1.147048192771082
LEBL,2021,202103,DEP,2562,2562,27726.999999999916,27657.346666666617,69.65333333329909,0.02718709341658824
LEBL,2021,202104,ARR,3114,3114,19586.98333333331,15394.539999999995,4192.443333333316,1.3463209162920091
LEBL,2021,202104,DEP,3152,3152,34743.26666666625,33067.146666666675,1676.119999999573,0.5317639593907276
LEBL,2021,202105,ARR,4598,4598,25351.66666666669,20780.80333333328,4570.863333333407,0.994098158619706
LEBL,2021,202105,DEP,4642,4641,53566.06666666638,50182.50666666714,3383.559999999241,0.7290583925876408
LEBL,2021,202106,ARR,6611,6611,33822.4,27048.653333333277,6773.746666666724,1.0246175565975986
LEBL,2021,202106,DEP,6640,6640,83344.21666666654,74851.95333333356,8492.263333332987,1.2789553212850884
LEBL,2021,202107,ARR,9750,9750,37408.4333333335,29634.85666666667,7773.576666666828,0.797289914529931
LEBL,2021,202107,DEP,9838,9838,132429.5333333339,117816.78333333564,14612.749999998254,1.4853374669646529
LEBL,2021,202108,ARR,10813,10813,43111.58333333346,35436.24666666673,7675.336666666728,0.7098249021239922
LEBL,2021,202108,DEP,10853,10853,147443.16666666247,128605.55666666864,18837.609999993816,1.735705334929864
LEBL,2021,202109,ARR,10288,10288,40237.08333333344,32975.863333333094,7261.220000000343,0.7057951010886803
LEBL,2021,202109,DEP,10383,10383,142877.94999999806,124639.84666666768,18238.10333333038,1.7565350412530465
LEBL,2021,202110,ARR,9893,9893,37690.93333333323,30036.87333333329,7654.059999999947,0.7736844233296216
LEBL,2021,202110,DEP,9967,9967,138140.94999999867,122377.67666666752,15763.273333331148,1.5815464365738083
LEBL,2021,202111,ARR,8811,8811,34625.216666666776,27608.043333333266,7017.173333333514,0.796410547421804
LEBL,2021,202111,DEP,8875,8875,123340.58333333056,109329.45000000142,14011.13333332914,1.5787192488258186
LEBL,2021,202112,ARR,9626,9626,35279.89999999996,28724.280000000093,6555.619999999864,0.6810326199875196
LEBL,2021,202112,DEP,9684,9684,132224.6666666646,119350.40333333508,12874.263333329509,1.3294365276052778
LEBL,2022,202201,ARR,7681,7681,32744.41666666662,27022.799999999977,5721.616666666647,0.7449051772772617
LEBL,2022,202201,DEP,7734,7734,101315.24999999994,93600.6233333342,7714.626666665747,0.9974950435306112
LEBL,2022,202202,ARR,7470,7470,30173.350000000057,24145.54333333324,6027.8066666668165,0.8069352967425457
LEBL,2022,202202,DEP,7492,7492,102785.01666666688,91882.670000001,10902.34666666588,1.4551984338849278
LEBL,2022,202203,ARR,9863,9863,42843.94999999994,28407.72333333296,14436.226666666978,1.4636750143634776
LEBL,2022,202203,DEP,9941,9941,137168.6833333322,86677.88333333422,50490.799999997995,5.079046373604063
LEBL,2022,202204,ARR,12219,12219,47507.716666666696,7579.763333333341,39927.95333333335,3.2676940284256775
LEBL,2022,202204,DEP,12272,12272,175909.2666666714,0,175909.2666666714,14.3341970882229
LEBL,2022,202205,ARR,13192,13192,49441.16666666673,7289.393333333344,42151.77333333339,3.1952526783909483
LEBL,2022,202205,DEP,13273,13273,199376.88333333377,0,199376.88333333377,15.021237349004275
LEBL,2022,202206,ARR,13198,13198,50663.65000000006,6900.403333333343,43763.24666666672,3.315899883820785
LEBL,2022,202206,DEP,13254,13254,198636.7166666661,0,198636.7166666661,14.986925959458734
LEMD,2019,201901,ARR,16285,16285,120285.14999999935,101374.726666668,18910.42333333136,1.1612172756113823
LEMD,2019,201901,DEP,16396,16396,270554.6999999906,223517.7933333256,47036.90666666499,2.868803773277933
LEMD,2019,201902,ARR,14955,14955,115049.19999999942,98444.71000000145,16604.489999997968,1.1102968906718802
LEMD,2019,201902,DEP,15035,15035,246064.8333333142,207123.9966666602,38940.83666665398,2.590012415474159
LEMD,2019,201903,ARR,16846,16846,119467.5499999998,100212.07333333424,19255.476666665578,1.1430296014879249
LEMD,2019,201903,DEP,17075,17075,286599.81666664773,223715.65999999165,62884.15666665608,3.682820302586008
LEMD,2019,201904,ARR,17235,17235,144555.88333333418,120287.45000000104,24268.433333333145,1.4080901266801942
LEMD,2019,201904,DEP,17352,17352,288568.63333334145,239086.0833333241,49482.55000001739,2.8516914476727404
LEMD,2019,201905,ARR,18413,18413,150062.66666666724,126053.45000000336,24009.21666666388,1.3039274787739032
LEMD,2019,201905,DEP,18551,18551,306347.4000000134,256495.2233333211,49852.17666669231,2.687304008770002
LEMD,2019,201906,ARR,18749,18749,165699.30000000002,137972.07666666558,27727.22333333443,1.4788641171974204
LEMD,2019,201906,DEP,18896,18896,317582.13333333656,256992.5666666596,60589.566666676954,3.2064757973474256
LEMD,2019,201907,ARR,19252,19252,164983.09999999983,138351.29666666532,26631.80333333451,1.3833265807882045
LEMD,2019,201907,DEP,19390,19390,324277.8166666776,263884.63333332335,60393.183333354245,3.1146561801626738
LEMD,2019,201908,ARR,18328,18328,156133.98333333325,131461.38666666817,24672.59666666508,1.3461696129782343
LEMD,2019,201908,DEP,18472,18472,307233.8666666651,251996.5899999891,55237.276666675985,2.990324635484841
LEMD,2019,201909,ARR,18415,18415,148075.56666666683,125857.706666669,22217.859999997832,1.206508824327876
LEMD,2019,201909,DEP,18516,18516,310117.31666667294,254775.8933333202,55341.42333335275,2.988843342695655
LEMD,2019,201910,ARR,18407,18407,149245.09999999992,126725.1000000012,22519.99999999872,1.2234476014558984
LEMD,2019,201910,DEP,18526,18526,302935.9833333111,254660.1199999896,48275.863333321526,2.605843859080294
LEMD,2019,201911,ARR,15880,15880,138820.6333333332,113389.93333333316,25430.700000000055,1.601429471032749
LEMD,2019,201911,DEP,16080,16080,267133.33333332656,217799.7366666606,49333.59666666595,3.0680097429518627
LEMD,2019,201912,ARR,16963,16963,143901.10000000065,118048.8566666657,25852.243333334947,1.524037218259444
LEMD,2019,201912,DEP,17041,17041,285030.76666667144,231952.1566666587,53078.61000001273,3.1147591103815935
LEMD,2020,202001,ARR,16471,16471,133897.6166666656,112258.44000000002,21639.176666665575,1.3137743104040784
LEMD,2020,202001,DEP,16574,16574,271734.69999999827,226793.4866666574,44941.21333334086,2.711549012510007
LEMD,2020,202002,ARR,15488,15488,123099.76666666668,104909.83666666778,18189.9299999989,1.174453124999929
LEMD,2020,202002,DEP,15556,15556,249680.0500000169,213833.19666665836,35846.85333335854,2.30437473215213
LEMD,2020,202003,ARR,9822,9821,76321.73333333374,64385.366666666225,11936.36666666752,1.2153921868106627
LEMD,2020,202003,DEP,9843,9843,158733.46666667025,131190.98333333325,27542.483333336975,2.798179755494969
LEMD,2020,202004,ARR,1165,1165,8966.466666666664,7389.909999999994,1576.5566666666691,1.3532675250357675
LEMD,2020,202004,DEP,1240,1240,16117.266666666656,14880.236666666662,1237.0299999999952,0.9976048387096736
LEMD,2020,202005,ARR,1369,1369,10630.983333333304,8420.63,2210.3533333333053,1.6145751156561765
LEMD,2020,202005,DEP,1479,1479,19686.08333333336,17642.959999999985,2043.1233333333769,1.3814221320712483
LEMD,2020,202006,ARR,1772,1772,15535.183333333336,12670.443333333338,2864.739999999998,1.616670428893904
LEMD,2020,202006,DEP,1852,1852,24623.2666666666,22190.33999999996,2432.926666666641,1.313675305975508
LEMD,2020,202007,ARR,5213,5213,48884.63333333334,39717.68666666666,9166.946666666678,1.7584781635654474
LEMD,2020,202007,DEP,5327,5327,81529.4499999999,70043.72666666668,11485.723333333211,2.1561335335710927
LEMD,2020,202008,ARR,7497,7497,63474.8166666666,55254.08666666688,8220.72999999972,1.0965359477123808
LEMD,2020,202008,DEP,7557,7556,113337.46666666548,100059.78666666664,13277.679999998814,1.75723663313907
LEMD,2020,202009,ARR,6105,6105,51821.00000000004,44589.54333333329,7231.456666666745,1.1845137865137991
LEMD,2020,202009,DEP,6190,6190,89214.98333333197,82359.94000000031,6855.043333331661,1.1074383414106077
LEMD,2020,202010,ARR,5550,5550,46942.80000000009,40096.786666666565,6846.013333333525,1.2335159159159506
LEMD,2020,202010,DEP,5649,5649,80633.6499999996,74387.70999999983,6245.9399999997695,1.1056718003185997
LEMD,2020,202011,ARR,4874,4874,40724.866666666654,34331.193333333205,6393.673333333449,1.3117918205444088
LEMD,2020,202011,DEP,4958,4958,71075.70000000126,64729.84000000003,6345.86000000123,1.279923356192261
LEMD,2020,202012,ARR,5920,5920,48772.81666666663,41507.42999999973,7265.386666666898,1.2272612612613003
LEMD,2020,202012,DEP,6031,6031,86879.3000000015,77756.8266666667,9122.473333334798,1.5125971370145577
LEMD,2021,202101,ARR,4962,4962,40464.649999999994,30617.45666666655,9847.193333333444,1.9845210264678448
LEMD,2021,202101,DEP,4952,4952,86008.1333333349,60512.33333333327,25495.800000001633,5.148586429725693
LEMD,2021,202102,ARR,4752,4752,41211.09999999997,35183.22666666665,6027.873333333322,1.268491863075194
LEMD,2021,202102,DEP,4792,4792,68182.69999999968,60973.1166666666,7209.583333333074,1.5045040345018936
LEMD,2021,202103,ARR,5536,5536,46833.03333333354,38551.16666666649,8281.866666667047,1.4960019267823423
LEMD,2021,202103,DEP,5587,5587,83229.1499999993,71978.20666666668,11250.943333332616,2.013771851321392
LEMD,2021,202104,ARR,5960,5960,49792.28333333328,42381.55333333331,7410.729999999974,1.243411073825499
LEMD,2021,202104,DEP,6039,6039,87631.33333333391,78049.13666666701,9582.196666666903,1.5867191036043886
LEMD,2021,202105,ARR,6894,6894,61343.983333333395,49309.353333333056,12034.63000000034,1.7456672468813954
LEMD,2021,202105,DEP,6972,6972,102813.53333333493,90588.38333333324,12225.150000001682,1.753463855421928
LEMD,2021,202106,ARR,8667,8667,76147.40000000011,62338.31666666653,13809.083333333583,1.5932944886735414
LEMD,2021,202106,DEP,8730,8730,136637.66666666578,115821.97000000102,20815.696666664764,2.3843867888504886
LEMD,2021,202107,ARR,10966,10966,94953.25,78611.75333333269,16341.496666667328,1.490196668490546
LEMD,2021,202107,DEP,11168,11168,178145.8666666626,152893.4199999992,25252.446666663396,2.261143147086622
LEMD,2021,202108,ARR,11502,11502,97344.11666666708,83793.3300000004,13550.78666666668,1.178124384165074
LEMD,2021,202108,DEP,11626,11626,181399.5499999955,158843.57666666544,22555.973333330097,1.940131888296069
LEMD,2021,202109,ARR,11356,11356,95946.39999999964,82241.96000000072,13704.439999998924,1.20680169073608
LEMD,2021,202109,DEP,11407,11407,182556.8333333255,157307.51666666605,25249.31666665949,2.213493176703734
LEMD,2021,202110,ARR,11614,11614,101558.53333333366,83429.47666666705,18129.056666666613,1.5609657884162746
LEMD,2021,202110,DEP,11712,11712,189338.35000000751,161851.9466666648,27486.40333334275,2.346858208106451
LEMD,2021,202111,ARR,11872,11872,100167.3666666666,81454.11333333424,18713.253333332366,1.5762511230906642
LEMD,2021,202111,DEP,11893,11893,192912.84999999712,165476.02999999662,27436.8200000005,2.306972168502522
LEMD,2021,202112,ARR,12515,12515,106178.41666666676,87915.79000000049,18262.62666666627,1.459259022506294
LEMD,2021,202112,DEP,12384,12384,200620.98333332836,171012.56666666287,29608.416666665493,2.390860518949087
LEMD,2022,202201,ARR,11816,11816,95316.84999999966,80578.51333333408,14738.336666665578,1.247320300157886
LEMD,2022,202201,DEP,11354,11354,184232.55000000005,156772.16999999806,27460.380000001984,2.4185643825966165
LEMD,2022,202202,ARR,11072,11072,90509.15000000013,76204.69333333397,14304.456666666156,1.2919487596338652
LEMD,2022,202202,DEP,11034,11034,174963.08333333244,152778.63666666555,22184.44666666689,2.0105534408797254
LEMD,2022,202203,ARR,13196,13196,112382.61666666769,93946.68666666736,18435.930000000328,1.39708472264325
LEMD,2022,202203,DEP,13253,13253,214887.1500000032,181396.66333332835,33490.48666667484,2.5270117457688706
LEMD,2022,202204,ARR,14177,14177,115526.98333333289,100877.99333333458,14648.989999998304,1.0332926571205687
LEMD,2022,202204,DEP,14223,14223,226747.93333332575,194369.96999999447,32377.96333333128,2.27645105345787
LEMD,2022,202205,ARR,15127,15127,120088.61666666652,104925.83666666607,15162.78000000042,1.002365307066862
LEMD,2022,202205,DEP,15199,15199,243211.96666666423,206934.32666665947,36277.64000000476,2.386843871307636
LEMD,2022,202206,ARR,15038,15038,128291.59999999987,110115.38333333263,18176.216666667227,1.2086857738174777
LEMD,2022,202206,DEP,15206,15206,249955.18333333207,204307.9133333275,45647.27000000456,3.0019248980668527
LEMD,2022,202207,ARR,15837,15837,130255.78333333318,111029.15666666569,19226.626666667507,1.2140321188777867
LEMD,2022,202207,DEP,15985,15985,260720.25000002116,214018.83333332685,46701.416666694306,2.921577520593951
LFPG,2019,201901,ARR,19035,18951,184901.51666666663,148965.51999999993,35935.99666666673,1.896258596731926
LFPG,2019,201901,DEP,19064,19005,329699.6166666667,236663.6000000005,93036.0166666662,4.895344207664625
LFPG,2019,201902,ARR,17616,17563,163836.55,136043.33333333328,27793.216666666704,1.5824868568391903
LFPG,2019,201902,DEP,17611,17581,271655.4666666667,220480.6000000001,51174.86666666661,2.910805225337956
LFPG,2019,201903,ARR,20039,19973,187056.03333333333,156494.37333333315,30561.660000000174,1.530148700746016
LFPG,2019,201903,DEP,20083,20038,306964.46666666673,250949.9999999999,56014.46666666679,2.795412050437508
LFPG,2019,201904,ARR,21412,21320,199116.71666666665,162047.9333333333,37068.783333333355,1.7386858974358983
LFPG,2019,201904,DEP,21403,21333,336650.31666666665,272321.40000000014,64328.91666666651,3.015465085391952
LFPG,2019,201905,ARR,21956,21879,207529.39999999997,171372.34666666677,36157.0533333332,1.652591678474025
LFPG,2019,201905,DEP,21992,21948,343701.76666666666,275604.8000000008,68096.96666666586,3.102650203511293
LFPG,2019,201906,ARR,22155,22071,209846.9666666667,171387.3866666667,38459.580000000016,1.742539078428708
LFPG,2019,201906,DEP,22172,22114,354789.60000000003,280821.2000000005,73968.39999999956,3.3448675047481036
LFPG,2019,201907,ARR,23522,23421,222465.81666666668,180252.88000000015,42212.9366666665,1.8023541551029632
LFPG,2019,201907,DEP,23542,23490,379099.9166666666,301942.8000000005,77157.11666666612,3.2846792961543683
LFPG,2019,201908,ARR,23589,23516,224946.25000000003,182531.2266666669,42415.02333333314,1.803666581618181
LFPG,2019,201908,DEP,23647,23607,370987.9,298246.4000000002,72741.49999999983,3.081352988520347
LFPG,2019,201909,ARR,22567,22512,216939.28333333333,177160.3200000005,39778.963333332824,1.7670115197820195
LFPG,2019,201909,DEP,22548,22518,350942.01666666666,282805.20000000007,68136.8166666666,3.025882257157234
LFPG,2019,201910,ARR,22214,22141,217587.88333333333,175432.2666666669,42155.61666666643,1.9039617301235912
LFPG,2019,201910,DEP,22239,22196,345958.94999999995,277644.40000000084,68314.54999999912,3.077786538114936
LFPG,2019,201911,ARR,19224,19157,186687.18333333335,149979.86666666667,36707.31666666668,1.916130744201424
LFPG,2019,201911,DEP,19253,19215,308184.2833333333,240315.80000000048,67868.48333333284,3.5320574204180506
LFPG,2019,201912,ARR,19487,19392,190447.1,151940.9733333334,38506.12666666659,1.9856707233223283
LFPG,2019,201912,DEP,19443,19402,313348.65,246145.6000000006,67203.04999999944,3.4637176579733757
LFPG,2020,202001,ARR,18930,18834,183334.86666666667,148236.68000000002,35098.18666666665,1.8635545644401956
LFPG,2020,202001,DEP,18934,18902,308151.23333333334,238574.40000000017,69576.83333333317,3.6809244171692503
LFPG,2020,202002,ARR,17931,17829,173485.06666666668,141700.9200000003,31784.146666666376,1.7827217828631094
LFPG,2020,202002,DEP,17935,17887,269149.25,221833.00000000064,47316.24999999936,2.6452870800022006
LFPG,2020,202003,ARR,11877,11847,112788.05,95914.77333333324,16873.27666666676,1.4242657775526937
LFPG,2020,202003,DEP,11830,11799,172457.78333333333,151836.79999999964,20620.983333333686,1.747689069695202
LFPG,2020,202004,ARR,2124,2109,23655.483333333337,18959.00000000001,4696.483333333323,2.226876876876872
LFPG,2020,202004,DEP,2119,2116,33947.73333333334,33149.799999999945,797.9333333333925,0.3770951480781628
LFPG,2020,202005,ARR,2926,2924,33734,27730.00000000002,6003.999999999982,2.0533515731874084
LFPG,2020,202005,DEP,2938,2928,49019.48333333333,47229.60000000003,1789.8833333333023,0.6112989526411552
LFPG,2020,202006,ARR,4947,4906,51952.45,43430.59999999997,8521.850000000028,1.7370260905014323
LFPG,2020,202006,DEP,4927,4909,73596.78333333334,69103.59999999986,4493.18333333348,0.915295036327863
LFPG,2020,202007,ARR,9561,9478,100810.9,81996.40000000004,18814.49999999997,1.9850706900189885
LFPG,2020,202007,DEP,9594,9560,139628.78333333333,128488.00000000038,11140.783333332947,1.16535390516035
LFPG,2020,202008,ARR,11557,11474,105107.06666666668,84798.89333333334,20308.173333333325,1.7699296961245707
LFPG,2020,202008,DEP,11488,11460,153883.34999999998,139283.00000000015,14600.349999999831,1.2740270506108056
LFPG,2020,202009,ARR,9485,9412,84861.81666666667,71089.40000000002,13772.416666666642,1.4632826887661117
LFPG,2020,202009,DEP,9427,9406,124815.51666666666,116191.1999999998,8624.316666666855,0.9168952441704076
LFPG,2020,202010,ARR,8472,8413,79675.9,65483.200000000026,14192.699999999968,1.6869963152264316
LFPG,2020,202010,DEP,8465,8452,118445.4,107141.80000000002,11303.599999999977,1.3373876005679102
LFPG,2020,202011,ARR,5997,5952,83491.23333333334,54365.19999999997,29126.03333333337,4.893486783154128
LFPG,2020,202011,DEP,5930,5925,91109.93333333332,82339.59999999996,8770.333333333372,1.4802250351617503
LFPG,2020,202012,ARR,6992,6940,82717.56666666667,64991.9466666667,17725.619999999966,2.5541239193083527
LFPG,2020,202012,DEP,6957,6947,110502,97273.40000000008,13228.59999999992,1.904217647905559
LFPG,2021,202101,ARR,7145,7082,65994.61666666667,52054.94666666661,13939.670000000056,1.9683239197966755
LFPG,2021,202101,DEP,7127,7112,115202.6,91611.60000000002,23590.999999999985,3.317069741282338
LFPG,2021,202102,ARR,6122,6120,60112,45479.20000000001,14632.799999999988,2.3909803921568606
LFPG,2021,202102,DEP,6137,6117,94137.28333333333,78966.00000000012,15171.28333333321,2.4801836412184417
LFPG,2021,202103,ARR,7088,7087,71870,58285.199999999946,13584.800000000054,1.9168618597431992
LFPG,2021,202103,DEP,7078,7076,101288,90906.7999999999,10381.2000000001,1.4671000565291266
LFPG,2021,202104,ARR,7142,7110,72020.36666666667,57799.79999999997,14220.566666666702,2.0000796999531225
LFPG,2021,202104,DEP,7134,7133,104569,94613.99999999993,9955.000000000073,1.3956259638300956
LFPG,2021,202105,ARR,7591,7591,85945,71172.14666666677,14772.85333333323,1.9461010846177356
LFPG,2021,202105,DEP,7601,7601,117294,102433.59999999992,14860.400000000069,1.955058544928308
LFPG,2021,202106,ARR,9360,9360,97909,76785.24,21123.759999999995,2.2568119658119654
LFPG,2021,202106,DEP,9390,9387,144094,115556.59999999987,28537.400000000125,3.040098007883256
LFPG,2021,202107,ARR,13676,13640,141204.48333333334,104466.80000000016,36737.683333333174,2.6933785434994997
LFPG,2021,202107,DEP,13702,13701,200941,168289.60000000003,32651.399999999965,2.383139916794392
LFPG,2021,202108,ARR,14706,14706,144363,111675.60000000012,32687.399999999892,2.222725418196647
LFPG,2021,202108,DEP,14716,14715,212556,182510.0000000001,30045.99999999994,2.0418620455317664
LFPG,2021,202109,ARR,12886,12829,124184.18333333332,96323.80000000008,27860.38333333326,2.171672252968529
LFPG,2021,202109,DEP,12845,12843,185973,161220.6000000002,24752.39999999979,1.9273067040410956
LFPG,2021,202110,ARR,13405,13348,134463.16666666666,102314.9466666666,32148.220000000045,2.408467186095298
LFPG,2021,202110,DEP,13405,13405,193147,168516.6000000001,24630.399999999907,1.8374039537485944
LFPG,2021,202111,ARR,13979,13978,145902,110675.83999999992,35226.160000000076,2.520114465588788
LFPG,2021,202111,DEP,13981,13979,211046,174350.79999999993,36695.20000000007,2.6250232491594585
LFPG,2021,202112,ARR,14844,14781,153623.58333333334,120603.773333333,33019.81000000033,2.2339361342263944
LFPG,2021,202112,DEP,14858,14813,222271.66666666663,185833.80000000028,36437.86666666638,2.4598573325232147
LFPG,2022,202201,ARR,12617,12616,124752,101134.59999999998,23617.400000000023,1.872019657577681
LFPG,2022,202201,DEP,12637,12637,195241,156334.7999999999,38906.2000000001,3.078752868560584
LFPG,2022,202202,ARR,11951,11898,116063.56666666668,94880.22666666676,21183.339999999895,1.7804118339216586
LFPG,2022,202202,DEP,11939,11938,172965,147084.80000000016,25880.199999999837,2.167884067683015
LFPG,2022,202203,ARR,14875,14872,142941,117389.74666666616,25551.25333333385,1.718077819616316
LFPG,2022,202203,DEP,14927,14926,214565,186882.1999999995,27682.800000000512,1.854669703872472
LFPG,2022,202204,ARR,4,4,58,30,28,7
LFPG,2022,202204,DEP,9,9,136,78,58,6.444444444444445
LFPG,2022,202205,ARR,18552,18476,182975.8,143494.83999999968,39480.96000000034,2.1368781121455047
LFPG,2022,202205,DEP,18533,18533,277358,228013.19999999975,49344.80000000022,2.662537095990947
LIRF,2019,201901,ARR,11504,11504,113121,86291.80000000008,26829.199999999924,2.332162726008338
LIRF,2019,201901,DEP,11520,11520,195212,145814,49398,4.288020833333333
LIRF,2019,201902,ARR,10750,10750,354010,79805.80000000008,274204.19999999995,25.50736744186046
LIRF,2019,201902,DEP,10753,10753,190023,136055.99999999977,53967.00000000023,5.0187854552218205
LIRF,2019,201903,ARR,11958,11958,115909,86563.20000000008,29345.799999999916,2.4540725873891884
LIRF,2019,201903,DEP,11969,11969,211308,149090.9999999999,62217.00000000009,5.198178628122657
LIRF,2019,201904,ARR,13153,13150,126592,94720.80000000005,31871.199999999968,2.423665399239541
LIRF,2019,201904,DEP,13151,13151,243918,167003.5999999999,76914.40000000011,5.848559044939557
LIRF,2019,201905,ARR,13628,13626,134563,100025.60000000002,34537.39999999998,2.534669015118155
LIRF,2019,201905,DEP,13625,13625,264277,172168.99999999994,92108.00000000006,6.7602201834862425
LIRF,2019,201906,ARR,14221,14220,144123,104407.80000000006,39715.19999999994,2.792911392405059
LIRF,2019,201906,DEP,14227,14227,287197,179314.80000000002,107882.19999999998,7.582919800379559
LIRF,2019,201907,ARR,14984,14982,152048,110800.2000000001,41247.7999999999,2.7531571218795823
LIRF,2019,201907,DEP,14960,14959,321476,189304.39999999985,132171.60000000015,8.83559061434589
LIRF,2019,201908,ARR,14991,14991,152160,109876,42284,2.8206257087585884
LIRF,2019,201908,DEP,14978,14978,314941,190091.9999999999,124849.00000000006,8.335492055014024
LIRF,2019,201909,ARR,14030,14029,140046,100698.60000000003,39347.399999999965,2.8047187967781
LIRF,2019,201909,DEP,14029,14029,298660,178408.59999999998,120251.40000000002,8.571630194596908
LIRF,2019,201910,ARR,13193,13193,131298,93129.6,38168.40000000001,2.893079663457895
LIRF,2019,201910,DEP,13189,13188,280981,167618.79999999993,113362.20000000008,8.59585987261147
LIRF,2019,201911,ARR,11190,11190,102649,78067.60000000003,24581.399999999965,2.196729222520104
LIRF,2019,201911,DEP,11186,11186,211713,138848.60000000006,72864.39999999994,6.513892365456815
LIRF,2019,201912,ARR,11276,11274,109773,81144.20000000011,28628.799999999886,2.5393649104133305
LIRF,2019,201912,DEP,11257,11257,215568,141045.9999999999,74522.00000000009,6.62005863018567
LIRF,2020,202001,ARR,10598,10598,101989,73541.4,28447.60000000001,2.6842423098697874
LIRF,2020,202001,DEP,10608,10607,172625,130550.00000000006,42074.99999999994,3.966720090506264
LIRF,2020,202002,ARR,9679,9679,94367,69041.20000000004,25325.79999999996,2.61657195991321
LIRF,2020,202002,DEP,9685,9685,158741,119307.4,39433.59999999999,4.071615900877645
LIRF,2020,202003,ARR,4312,4311,40134,29953.799999999985,10180.200000000015,2.3614474599860857
LIRF,2020,202003,DEP,4292,4292,74705,53489.60000000006,21215.399999999943,4.943010251630928
LIRF,2020,202004,ARR,1200,1198,12153,7885.399999999989,4267.600000000011,3.5622704507512615
LIRF,2020,202004,DEP,1185,1184,25059,14066.399999999994,10992.600000000006,9.284290540540546
LIRF,2020,202005,ARR,1375,1375,10780,8318.799999999996,2461.2000000000044,1.7899636363636395
LIRF,2020,202005,DEP,1371,1371,30724,16872.39999999999,13851.60000000001,10.103282275711166
LIRF,2020,202006,ARR,1777,1777,16553,11501.999999999998,5051.000000000002,2.842431063590322
LIRF,2020,202006,DEP,1779,1779,29749,21590.79999999999,8158.200000000012,4.585834738617208
LIRF,2020,202007,ARR,3895,3891,36550,29343.599999999995,7206.400000000005,1.852068876895401
LIRF,2020,202007,DEP,3898,3898,57551,54675.80000000001,2875.19999999999,0.7376090302719317
LIRF,2020,202008,ARR,5054,5052,49684,37242.8,12441.200000000004,2.4626286619160735
LIRF,2020,202008,DEP,5055,5055,69846,69880.2,-34.19999999999709,-0.00676557863501426
LIRF,2020,202009,ARR,4338,4337,40793,30834.000000000004,9958.999999999996,2.2962877565137183
LIRF,2020,202009,DEP,4333,4333,63011,59656.200000000026,3354.799999999974,0.7742441726286577
LIRF,2020,202010,ARR,4116,4115,39890,27259,12631,3.069501822600243
LIRF,2020,202010,DEP,4114,4114,59115,57233.40000000001,1881.5999999999913,0.4573650947982478
LIRF,2020,202011,ARR,2642,2642,24797,17015.4,7781.5999999999985,2.9453444360333076
LIRF,2020,202011,DEP,2641,2641,38868,35433.6,3434.4000000000015,1.3004165088981452
LIRF,2020,202012,ARR,2714,2714,25191,17115.59999999999,8075.400000000009,2.97546057479735
LIRF,2020,202012,DEP,2709,2709,40848,35110,5738,2.11812476928756
LIRF,2021,202101,ARR,2414,2414,20432,14731.599999999997,5700.400000000003,2.3613918806959417
LIRF,2021,202101,DEP,2418,2418,39429,31128.199999999993,8300.800000000007,3.432919768403642
LIRF,2021,202102,ARR,2104,2104,19713,13603.399999999994,6109.600000000006,2.903802281368824
LIRF,2021,202102,DEP,2104,2104,34565,27096.999999999996,7468.000000000004,3.5494296577946787
LIRF,2021,202103,ARR,2467,2467,21922,15819.400000000003,6102.599999999997,2.473692744223752
LIRF,2021,202103,DEP,2468,2468,41287,31204.200000000004,10082.799999999996,4.085413290113451
LIRF,2021,202104,ARR,3120,3119,26113,19330.6,6782.399999999998,2.1745431227957672
LIRF,2021,202104,DEP,3119,3119,41981,39512.79999999999,2468.2000000000116,0.7913433792882372
LIRF,2021,202105,ARR,3309,3306,28768,19954.2,8813.8,2.666001209921355
LIRF,2021,202105,DEP,3310,3310,46891,45863,1028,0.31057401812688823
LIRF,2021,202106,ARR,4322,4322,38417,29117.8,9299.2,2.151596483109671
LIRF,2021,202106,DEP,4310,4310,64057,58644.8,5412.200000000004,1.2557308584686786
LIRF,2021,202107,ARR,6232,6231,63569,46100.999999999985,17468.000000000015,2.8034023431230963
LIRF,2021,202107,DEP,6231,6231,103241,84114,19127,3.069651741293532
LIRF,2021,202108,ARR,7300,7299,68838,53733.8,15104.199999999995,2.0693519660227424
LIRF,2021,202108,DEP,7299,7299,115220,98723.6,16496.399999999994,2.260090423345663
LIRF,2021,202109,ARR,6463,6463,59278,47584.80000000001,11693.19999999999,1.8092526690391444
LIRF,2021,202109,DEP,6464,6464,101532,88075.80000000003,13456.199999999968,2.081714108910886
LIRF,2021,202110,ARR,6147,6146,61719,48379.2,13339.800000000005,2.170484868206964
LIRF,2021,202110,DEP,6152,6152,99605,84474.20000000007,15130.79999999993,2.459492847854345
LIRF,2021,202111,ARR,6302,6302,59527,47378.000000000015,12148.999999999984,1.927800698191048
LIRF,2021,202111,DEP,6316,6316,102921,87833.80000000002,15087.199999999984,2.388727042431916
LIRF,2021,202112,ARR,6646,6645,65726,50664.400000000016,15061.599999999984,2.266606471030848
LIRF,2021,202112,DEP,6635,6635,107253,89804.00000000004,17448.999999999956,2.6298417483044396
LIRF,2022,202201,ARR,5659,5658,57715,42336.80000000001,15378.19999999999,2.717956875220924
LIRF,2022,202201,DEP,5673,5673,84382,76203.60000000008,8178.399999999921,1.4416358187907494
LIRF,2022,202202,ARR,5146,5146,52295,39296.4,12998.6,2.525961912164788
LIRF,2022,202202,DEP,5149,5149,80714,69372.40000000001,11341.599999999991,2.2026801320644767
LIRF,2022,202203,ARR,6667,6667,65900,50690.00000000003,15209.99999999997,2.2813859307034603
LIRF,2022,202203,DEP,6666,6666,101328,89164.60000000002,12163.39999999998,1.8246924692469215
LIRF,2022,202204,ARR,8869,8869,85961,63346.40000000002,22614.599999999977,2.549847784417632
LIRF,2022,202204,DEP,8878,8877,152819,119768.79999999996,33050.200000000026,3.7231271826067394
LIRF,2022,202205,ARR,9448,9445,96928,66675.6,30252.39999999999,3.20300688194812
LIRF,2022,202205,DEP,9445,9445,168919,123551.80000000005,45367.19999999997,4.803303335097932
LIRF,2022,202206,ARR,10044,10044,104271,70280.59999999993,33990.40000000007,3.384149741138995
LIRF,2022,202206,DEP,10051,10051,188907,125569.20000000006,63337.799999999945,6.301641627698731
LIRF,2022,202207,ARR,10571,10571,100346,73668.99999999996,26677.000000000044,2.523602308201688
LIRF,2022,202207,DEP,10581,10581,199117,132557.2,66559.79999999999,6.290501842925998
LSZH,2019,201901,ARR,10811,10811,59896.51666666652,46216.28000000012,13680.236666666397,1.265399747171066
LSZH,2019,201901,DEP,10836,10836,161111.33333333358,99503.79666666684,61607.53666666674,5.685450043066329
LSZH,2019,201902,ARR,9814,9814,53524.383333333215,43262.166666666635,10262.21666666658,1.0456711500577318
LSZH,2019,201902,DEP,9856,9856,131724.83333333372,91813.3566666669,39911.476666666815,4.049459889069279
LSZH,2019,201903,ARR,11013,11013,55324.13333333325,44701.876666666896,10622.256666666348,0.9645198099215788
LSZH,2019,201903,DEP,11035,11035,137886.6666666663,104017.95999999986,33868.70666666645,3.069207672556995
LSZH,2019,201904,ARR,11618,11618,62164.43333333354,50891.66000000017,11272.773333333367,0.9702851896482498
LSZH,2019,201904,DEP,11631,11631,144252.633333333,109779.28333333424,34473.34999999878,2.9639196973603976
LSZH,2019,201905,ARR,12196,12196,65671.2333333333,53277.690000000315,12393.543333332978,1.0161973871214314
LSZH,2019,201905,DEP,12226,12226,151800.89999999892,115307.5566666681,36493.34333333082,2.9848963956593177
LSZH,2019,201906,ARR,12341,12341,66334.66666666672,54030.713333333646,12303.95333333307,0.99699808227316
LSZH,2019,201906,DEP,12350,12350,149486.1999999999,114519.96000000124,34966.23999999865,2.831274493927016
LSZH,2019,201907,ARR,12852,12852,70179.71666666686,56397.310000000376,13782.406666666488,1.0723939205311614
LSZH,2019,201907,DEP,12886,12886,160274.8500000007,120711.2166666681,39563.63333333261,3.0702804076775263
LSZH,2019,201908,ARR,12607,12607,70047.51666666684,55687.04666666699,14360.469999999848,1.1390870151503012
LSZH,2019,201908,DEP,12622,12622,157502.36666666673,119144.13666666827,38358.22999999844,3.038997781650962
LSZH,2019,201909,ARR,12170,12170,67239.68333333345,53454.42666666718,13785.256666666268,1.1327244590522816
LSZH,2019,201909,DEP,12180,12180,152157.94999999923,114596.31000000073,37561.639999998544,3.0838784893266458
LSZH,2019,201910,ARR,11980,11980,64367.76666666692,52699.7700000004,11667.99666666652,0.9739563160823472
LSZH,2019,201910,DEP,12025,12025,145108.94999999992,113028.66333333432,32080.28666666559,2.6677993069992176
LSZH,2019,201911,ARR,9886,9886,53012.766666666656,43923.43000000003,9089.336666666626,0.919414997639756
LSZH,2019,201911,DEP,9914,9914,119414.6000000004,93595.28000000028,25819.320000000123,2.604329231389966
LSZH,2019,201912,ARR,10063,10063,54016.30000000015,43681.69666666679,10334.603333333362,1.026990294478124
LSZH,2019,201912,DEP,10100,10100,127448.39999999978,95827.79666666644,31620.603333333333,3.130752805280528
LSZH,2020,202001,ARR,10277,10277,56678.7499999996,45700.23000000017,10978.51999999943,1.068261165709782
LSZH,2020,202001,DEP,10295,10295,134821.3333333326,95822.80666666687,38998.5266666657,3.7881036101666536
LSZH,2020,202002,ARR,9302,9302,46966.59999999995,37979.56666666669,8987.03333333326,0.9661398982297636
LSZH,2020,202002,DEP,9328,9328,119725.45000000036,87610.69666666658,32114.753333333763,3.442833762149846
LSZH,2020,202003,ARR,5475,5475,28663.18333333336,23706.99999999988,4956.18333333348,0.9052389649924164
LSZH,2020,202003,DEP,5572,5572,61597.04999999997,51736.06999999961,9860.98000000036,1.7697379755923115
LSZH,2020,202004,ARR,928,928,5984,4477.96,1506.04,1.6228879310344828
LSZH,2020,202004,DEP,958,958,8083.283333333335,7701.400000000038,381.8833333332968,0.39862560890740795
LSZH,2020,202005,ARR,1499,1499,8948.466666666667,6847.6399999999885,2100.826666666678,1.4014854347342751
LSZH,2020,202005,DEP,1533,1533,12911.1833333333,11223.24666666666,1687.9366666666392,1.1010676233963723
LSZH,2020,202006,ARR,2517,2517,14256.449999999988,11506.979999999989,2749.4699999999993,1.0923599523241951
LSZH,2020,202006,DEP,2502,2502,20728.850000000028,18573.686666666526,2155.163333333501,0.8613762323475225
LSZH,2020,202007,ARR,4909,4909,26982.61666666672,21810.103333333125,5172.513333333594,1.053679636042696
LSZH,2020,202007,DEP,4957,4957,45572.96666666668,40776.7866666663,4796.180000000379,0.9675569901150652
LSZH,2020,202008,ARR,5415,5415,30009.666666666715,24549.25333333318,5460.413333333534,1.0083865804863406
LSZH,2020,202008,DEP,5419,5419,49860.06666666648,44974.44999999969,4885.616666666785,0.9015716306821896
LSZH,2020,202009,ARR,4759,4759,28074.700000000008,21702.33333333315,6372.366666666854,1.3390137984170738
LSZH,2020,202009,DEP,4810,4810,43194.96666666678,39469.35666666642,3725.610000000365,0.7745550935551693
LSZH,2020,202010,ARR,4174,4174,23690.00000000004,18957.199999999903,4732.8000000001375,1.1338763775755
LSZH,2020,202010,DEP,4220,4220,39166.416666666686,35541.693333332856,3624.72333333383,0.8589391785151256
LSZH,2020,202011,ARR,2795,2795,17657.166666666664,13332.84999999998,4324.316666666684,1.5471615980918367
LSZH,2020,202011,DEP,2830,2830,25468.716666666653,21923.769999999768,3544.946666666885,1.252631330977698
LSZH,2020,202012,ARR,3196,3196,19563.59999999998,15080.226666666606,4483.373333333375,1.4028076762620072
LSZH,2020,202012,DEP,3239,3239,32696.450000000023,25778.519999999873,6917.930000000153,2.135822784810174
LSZH,2021,202101,ARR,2746,2746,18018.90000000005,12421.09999999996,5597.80000000009,2.038528769118751
LSZH,2021,202101,DEP,2778,2778,34078.21666666663,22672.67666666648,11405.54000000015,4.105665946724316
LSZH,2021,202102,ARR,2321,2321,14172.666666666668,10882.0233333333,3290.643333333368,1.417769639523209
LSZH,2021,202102,DEP,2363,2363,22942.783333333344,18696.603333333263,4246.18000000008,1.7969445619974949
LSZH,2021,202103,ARR,2871,2871,17509.000000000025,13184.856666666588,4324.143333333437,1.5061453616626392
LSZH,2021,202103,DEP,2882,2882,25802.33333333334,22091.976666666535,3710.356666666805,1.2874242424242903
LSZH,2021,202104,ARR,3352,3352,19749.233333333348,15287.37999999993,4461.853333333418,1.3311018297534063
LSZH,2021,202104,DEP,3393,3393,31808.116666666705,27943.053333333144,3865.063333333561,1.1391285980941823
LSZH,2021,202105,ARR,3998,3998,22771.416666666628,17543.08666666655,5228.330000000078,1.3077363681841117
LSZH,2021,202105,DEP,4014,4014,35311.58333333337,32097.573333333068,3214.010000000304,0.8007000498256861
LSZH,2021,202106,ARR,5105,5105,29327.416666666613,22540.50999999988,6786.906666666735,1.3294626183480382
LSZH,2021,202106,DEP,5113,5113,47263.61666666657,40835.62999999978,6427.986666666788,1.2571849533868156
LSZH,2021,202107,ARR,7607,7607,41714.76666666668,33411.326666666224,8303.440000000453,1.091552517418227
LSZH,2021,202107,DEP,7652,7652,90968.7000000004,67655.44666666651,23313.253333333894,3.0466875762328667
LSZH,2021,202108,ARR,8115,8115,54394.23333333339,35283.36333333319,19110.8700000002,2.355005545286531
LSZH,2021,202108,DEP,8098,8098,86826.46666666704,70838.65333333338,15987.81333333366,1.9742915946324595
LSZH,2021,202109,ARR,8001,8001,53913.04999999997,35318.95999999983,18594.090000000135,2.32397075365581
LSZH,2021,202109,DEP,8037,8037,83611.56666666712,69115.65333333344,14495.91333333368,1.8036472979138585
LSZH,2021,202110,ARR,8320,8320,46119.916666666664,36683.45666666648,9436.460000000188,1.1341899038461765
LSZH,2021,202110,DEP,8369,8369,91146.01666666652,73169.666666667,17976.349999999526,2.147968693989667
LSZH,2021,202111,ARR,6597,6597,46841.83333333343,29564.83666666622,17276.99666666721,2.6189171845789314
LSZH,2021,202111,DEP,6623,6623,71801.84999999993,57735.25666666641,14066.59333333352,2.1239005485933142
LSZH,2021,202112,ARR,6926,6926,48766.50000000006,30647.30999999958,18119.19000000048,2.616111752815547
LSZH,2021,202112,DEP,6971,6971,80200.35000000033,62315.779999999744,17884.57000000058,2.5655673504519556
LSZH,2022,202201,ARR,6343,6343,44755.14999999988,27513.726666666396,17241.42333333348,2.718181197120208
LSZH,2022,202201,DEP,6372,6372,72720.81666666658,56667.84999999975,16052.966666666827,2.519297970286696
LSZH,2022,202202,ARR,5770,5770,30872.2666666667,23992.573333333297,6879.6933333334055,1.1923212016175746
LSZH,2022,202202,DEP,5774,5774,63413.13333333341,51848.133333332946,11565.000000000466,2.0029442327676596
LSZH,2022,202203,ARR,7295,7295,60046.00000000003,31855.079999999547,28190.92000000048,3.8644167237834792
LSZH,2022,202203,DEP,7322,7322,78702.91666666664,65945.18999999935,12757.726666667297,1.742382773377123
LSZH,2022,202204,ARR,8902,8902,47243.616666666974,37687.66666666643,9555.950000000545,1.0734610199955676
LSZH,2022,202204,DEP,8932,8932,102083.39999999978,81471.23666666694,20612.163333332835,2.3076761456933315
LSZH,2022,202205,ARR,10103,10103,54995.516666666714,42721.043333333546,12274.473333333168,1.2149335180969183
LSZH,2022,202205,DEP,10106,10106,119535.60000000018,88412.73000000049,31122.86999999969,3.0796427864634563
LSZH,2022,202206,ARR,10019,10019,55193.48333333328,42736.56333333342,12456.91999999986,1.2433296736201078
LSZH,2022,202206,DEP,10049,10049,112048.48333333332,89151.39333333388,22897.089999999444,2.278544133744596
LSZH,2022,202207,ARR,10794,10794,59053.400000000045,46617.65333333344,12435.746666666608,1.1520980791797857
LSZH,2022,202207,DEP,10833,10833,121686.08333333324,98500.25333333504,23185.829999998197,2.1402963168095814
