ICAO,MOF,SRC_PHASE,N,TOT_ADD_FUEL,TOT_TXX_FUEL
EDDF,2019-01-01T00:00:00Z,ARR,18794,777117.9415914799,3515011.134366834
EDDF,2019-01-01T00:00:00Z,DEP,18882,1612967.7966932557,5830218.732868701
EDDF,2019-02-01T00:00:00Z,ARR,18416,690699.7477923215,3280135.0944097703
EDDF,2019-02-01T00:00:00Z,DEP,18429,1031527.448667755,5062838.889828254
EDDF,2019-03-01T00:00:00Z,ARR,21030,775189.649417048,3809065.691578664
EDDF,2019-03-01T00:00:00Z,DEP,21022,1345513.877726532,6015456.646902351
EDDF,2019-04-01T00:00:00Z,ARR,21847,790676.5577008221,3702031.397301693
EDDF,2019-04-01T00:00:00Z,DEP,21828,1306814.772395656,5994344.203138843
EDDF,2019-05-01T00:00:00Z,ARR,23080,935280.2706564186,4164499.508367043
EDDF,2019-05-01T00:00:00Z,DEP,23087,1470616.9626140231,6388300.839609313
EDDF,2019-06-01T00:00:00Z,ARR,22930,929911.0826455796,4103309.331654349
EDDF,2019-06-01T00:00:00Z,DEP,22938,1398131.8408151644,6302138.790253857
EDDF,2019-07-01T00:00:00Z,ARR,23556,891614.7957279934,4206541.035557529
EDDF,2019-07-01T00:00:00Z,DEP,23561,1114413.4137810485,6203890.579686629
EDDF,2019-08-01T00:00:00Z,ARR,23197,790519.5178636172,4127988.132426856
EDDF,2019-08-01T00:00:00Z,DEP,23196,1049382.648834952,6088575.5707839485
EDDF,2019-09-01T00:00:00Z,ARR,23354,954237.1479161786,4296683.847906802
EDDF,2019-09-01T00:00:00Z,DEP,23349,1477724.2007301494,6450860.9554795595
EDDF,2019-10-01T00:00:00Z,ARR,22970,976986.5413562136,4248296.333692582
EDDF,2019-10-01T00:00:00Z,DEP,22966,1570184.373228626,6500199.681405322
EDDF,2019-11-01T00:00:00Z,ARR,19381,811398.1881913055,3553549.6890985854
EDDF,2019-11-01T00:00:00Z,DEP,19401,1197082.1355671892,5463729.818056068
EDDF,2019-12-01T00:00:00Z,ARR,18373,805667.2778962874,3476022.428468674
EDDF,2019-12-01T00:00:00Z,DEP,18258,1186091.2024616378,5280240.125983526
EDDF,2020-01-01T00:00:00Z,ARR,18145,739248.6839204918,3395645.781410772
EDDF,2020-01-01T00:00:00Z,DEP,18244,942159.8525252496,5049286.0887795
EDDF,2020-02-01T00:00:00Z,ARR,17930,679346.9010443958,3242846.1696544853
EDDF,2020-02-01T00:00:00Z,DEP,17927,999554.451992144,4901252.398878686
EDDF,2020-03-01T00:00:00Z,ARR,11443,354547.1279557665,2080814.8003997216
EDDF,2020-03-01T00:00:00Z,DEP,11396,314886.5032150835,3040008.8905069083
EDDF,2020-04-01T00:00:00Z,ARR,3244,166031.0942760465,732459.1861148686
EDDF,2020-04-01T00:00:00Z,DEP,3260,73070.59112288135,1173613.564121239
EDDF,2020-05-01T00:00:00Z,ARR,3885,106172.7112644078,780924.8183270294
EDDF,2020-05-01T00:00:00Z,DEP,3871,87525.57855475634,1287946.9123592428
EDDF,2020-06-01T00:00:00Z,ARR,4662,93823.82459746148,764296.1669208031
EDDF,2020-06-01T00:00:00Z,DEP,4665,52919.29941247512,1256254.084909064
EDDF,2020-07-01T00:00:00Z,ARR,7667,169417.51910088764,1100287.4869752042
EDDF,2020-07-01T00:00:00Z,DEP,7697,128139.80768944554,1770446.334666253
EDDF,2020-08-01T00:00:00Z,ARR,8844,258755.20187836597,1372402.992470377
EDDF,2020-08-01T00:00:00Z,DEP,8842,237264.8968848211,2106294.5371571747
EDDF,2020-09-01T00:00:00Z,ARR,8458,225879.11973086305,1275869.2494365023
EDDF,2020-09-01T00:00:00Z,DEP,8465,198159.8140813324,1997308.912092919
EDDF,2020-10-01T00:00:00Z,ARR,8544,250510.56906362143,1327761.8977740668
EDDF,2020-10-01T00:00:00Z,DEP,8551,204959.41048725435,2094293.6656731665
EDDF,2020-11-01T00:00:00Z,ARR,6397,245232.59931054545,1222146.4473831742
EDDF,2020-11-01T00:00:00Z,DEP,6405,146458.13768614753,1845417.874282056
EDDF,2020-12-01T00:00:00Z,ARR,6832,282450.088280449,1297821.4057697146
EDDF,2020-12-01T00:00:00Z,DEP,6795,146245.4820813063,1976295.630142729
EDDF,2021-01-01T00:00:00Z,ARR,6579,237018.88556556363,1206234.963240869
EDDF,2021-01-01T00:00:00Z,DEP,6618,334005.6131396295,2096254.664954601
EDDF,2021-02-01T00:00:00Z,ARR,5559,205281.86972774664,1081886.1015547002
EDDF,2021-02-01T00:00:00Z,DEP,5556,200364.5844736518,1810968.5347064468
EDDF,2021-03-01T00:00:00Z,ARR,6834,233822.67393973868,1250389.041965595
EDDF,2021-03-01T00:00:00Z,DEP,6834,85010.65751643565,1936388.8652723683
EDDF,2021-04-01T00:00:00Z,ARR,7739,230225.96051223812,1320530.755846535
EDDF,2021-04-01T00:00:00Z,DEP,7737,95628.21833366198,2049732.5866960173
EDDF,2021-05-01T00:00:00Z,ARR,8496,285321.63094582356,1420600.217409128
EDDF,2021-05-01T00:00:00Z,DEP,8473,111409.32110989348,2224072.2312011216
EDDF,2021-06-01T00:00:00Z,ARR,9995,295732.88528370694,1605450.9598858648
EDDF,2021-06-01T00:00:00Z,DEP,10007,122836.90437984093,2442662.5528421807
EDDF,2021-07-01T00:00:00Z,ARR,13791,390576.471444029,2096606.736819946
EDDF,2021-07-01T00:00:00Z,DEP,13788,181437.11627662665,3152541.1336432467
EDDF,2021-08-01T00:00:00Z,ARR,14449,476314.4647344595,2281902.603219711
EDDF,2021-08-01T00:00:00Z,DEP,14440,276226.5877335753,3374563.5271161157
EDDF,2021-09-01T00:00:00Z,ARR,14060,443309.47419989336,2297778.6663786215
EDDF,2021-09-01T00:00:00Z,DEP,14063,348710.1468804264,3514573.868757735
EDDF,2021-10-01T00:00:00Z,ARR,14992,576034.8871854283,2542410.3952236343
EDDF,2021-10-01T00:00:00Z,DEP,15000,338886.82579399523,3624961.2190378527
EDDF,2021-11-01T00:00:00Z,ARR,14440,601802.3025178482,2531869.539980033
EDDF,2021-11-01T00:00:00Z,DEP,14438,375148.7192815472,3535673.643232739
EDDF,2021-12-01T00:00:00Z,ARR,13991,586144.2578737501,2486869.3665871383
EDDF,2021-12-01T00:00:00Z,DEP,13960,433686.5437410356,3607724.046865564
EDDM,2019-01-01T00:00:00Z,ARR,15605,364080.486931748,1335061.5410445791
EDDM,2019-01-01T00:00:00Z,DEP,15680,1836471.661961632,3913167.456010374
EDDM,2019-02-01T00:00:00Z,ARR,14940,337288.44382135384,1242884.6747973105
EDDM,2019-02-01T00:00:00Z,DEP,14932,1026194.763835094,2987927.146342571
EDDM,2019-03-01T00:00:00Z,ARR,17116,313985.40548831807,1368108.574375564
EDDM,2019-03-01T00:00:00Z,DEP,17114,722414.5768842152,2971956.574099452
EDDM,2019-04-01T00:00:00Z,ARR,17059,315454.3433875682,1366166.1274967885
EDDM,2019-04-01T00:00:00Z,DEP,17026,581609.3387360761,2985606.7228355845
EDDM,2019-05-01T00:00:00Z,ARR,18726,395514.4650752923,1548091.3958296287
EDDM,2019-05-01T00:00:00Z,DEP,18739,720792.8570035605,3231208.7326934515
EDDM,2019-06-01T00:00:00Z,ARR,18177,422819.87165788666,1562865.508271344
EDDM,2019-06-01T00:00:00Z,DEP,18191,750435.3056766777,3276825.701880711
EDDM,2019-07-01T00:00:00Z,ARR,18807,410119.6830206884,1598728.3531475551
EDDM,2019-07-01T00:00:00Z,DEP,18810,780353.4767649969,3317208.610187279
EDDM,2019-08-01T00:00:00Z,ARR,18042,426368.5769060352,1579395.645072316
EDDM,2019-08-01T00:00:00Z,DEP,18040,726252.8126576903,3219315.635520719
EDDM,2019-09-01T00:00:00Z,ARR,18928,356034.4665487524,1536240.136822284
EDDM,2019-09-01T00:00:00Z,DEP,18929,758935.5867020508,3307286.730425053
EDDM,2019-10-01T00:00:00Z,ARR,18659,356091.2109250268,1523582.633782137
EDDM,2019-10-01T00:00:00Z,DEP,18642,789670.4754652703,3324567.07686034
EDDM,2019-11-01T00:00:00Z,ARR,15755,297157.989920412,1276580.659018865
EDDM,2019-11-01T00:00:00Z,DEP,15761,684194.523605738,2828173.3575106747
EDDM,2019-12-01T00:00:00Z,ARR,15263,310936.0180927766,1272259.4554807798
EDDM,2019-12-01T00:00:00Z,DEP,15199,897606.0990566065,2988507.8335711733
EDDM,2020-01-01T00:00:00Z,ARR,15291,284130.52523695637,1247784.168005085
EDDM,2020-01-01T00:00:00Z,DEP,15368,969497.9976771754,3038973.988582774
EDDM,2020-02-01T00:00:00Z,ARR,14694,260347.26662240695,1175930.5689386337
EDDM,2020-02-01T00:00:00Z,DEP,14678,706271.0275948849,2628751.001659468
EDDM,2020-03-01T00:00:00Z,ARR,8674,135808.3670250786,667359.6265363105
EDDM,2020-03-01T00:00:00Z,DEP,8632,246556.2906029696,1378984.7211455302
EDDM,2020-04-01T00:00:00Z,ARR,889,9072.488961228688,63424.38547265046
EDDM,2020-04-01T00:00:00Z,DEP,900,10756.15293478692,121915.5239958012
EDDM,2020-05-01T00:00:00Z,ARR,1028,21311.80180482048,110628.11780482042
EDDM,2020-05-01T00:00:00Z,DEP,1035,18295.552428939412,169305.47742383028
EDDM,2020-06-01T00:00:00Z,ARR,2269,34045.092982392925,159233.8853721562
EDDM,2020-06-01T00:00:00Z,DEP,2289,26388.153414903343,276604.6585323984
EDDM,2020-07-01T00:00:00Z,ARR,4973,64902.198164632275,324038.85586366616
EDDM,2020-07-01T00:00:00Z,DEP,4961,43797.66707338892,548535.734339299
EDDM,2020-08-01T00:00:00Z,ARR,6131,67879.00922509455,372039.2359742691
EDDM,2020-08-01T00:00:00Z,DEP,6125,40946.62425655745,670508.9980030911
EDDM,2020-09-01T00:00:00Z,ARR,6347,72284.0148744518,372804.6555745796
EDDM,2020-09-01T00:00:00Z,DEP,6357,43513.71185388165,666666.3332123929
EDDM,2020-10-01T00:00:00Z,ARR,5668,58053.07411685312,335664.86996001564
EDDM,2020-10-01T00:00:00Z,DEP,5670,44123.94281662969,587461.1875852065
EDDM,2020-11-01T00:00:00Z,ARR,3247,39983.65516765669,197932.87345126155
EDDM,2020-11-01T00:00:00Z,DEP,3260,58581.76652240898,388042.253101775
EDDM,2020-12-01T00:00:00Z,ARR,2846,48194.90041957029,189175.029582124
EDDM,2020-12-01T00:00:00Z,DEP,2844,120585.22933076456,418205.81395296456
EDDM,2021-01-01T00:00:00Z,ARR,2448,54735.2251938433,189440.4406648662
EDDM,2021-01-01T00:00:00Z,DEP,2457,202648.8604122383,479577.2679727905
EDDM,2021-02-01T00:00:00Z,ARR,1707,30181.323746482456,123908.73416201926
EDDM,2021-02-01T00:00:00Z,DEP,1700,69050.12434427883,276238.8938063673
EDDM,2021-03-01T00:00:00Z,ARR,2546,38528.58962041277,179540.18305256637
EDDM,2021-03-01T00:00:00Z,DEP,2548,86333.72611240212,363059.5404693041
EDDM,2021-04-01T00:00:00Z,ARR,3268,44238.96230024869,203230.36799902772
EDDM,2021-04-01T00:00:00Z,DEP,3261,63789.96036576665,404777.643175211
EDDM,2021-05-01T00:00:00Z,ARR,4097,65975.01035671771,263187.04502173397
EDDM,2021-05-01T00:00:00Z,DEP,4099,67244.69228794446,517575.1725910493
EDDM,2021-06-01T00:00:00Z,ARR,5528,98832.40011206368,376232.2252627388
EDDM,2021-06-01T00:00:00Z,DEP,5537,127990.70899600202,719947.2732936484
EDDM,2021-07-01T00:00:00Z,ARR,7919,117380.8764974633,556575.759120081
EDDM,2021-07-01T00:00:00Z,DEP,7942,293726.1100658047,1222046.8718022394
EDDM,2021-08-01T00:00:00Z,ARR,8770,128400.39336598822,642270.8453463992
EDDM,2021-08-01T00:00:00Z,DEP,8769,380649.34103986825,1385011.4614346318
EDDM,2021-09-01T00:00:00Z,ARR,9427,131447.18556599776,656645.3919339455
EDDM,2021-09-01T00:00:00Z,DEP,9426,362896.14347248897,1465796.668910559
EDDM,2021-10-01T00:00:00Z,ARR,10353,158772.34314098168,706284.4440367492
EDDM,2021-10-01T00:00:00Z,DEP,10356,237532.12518052472,1406048.8948900169
EDDM,2021-11-01T00:00:00Z,ARR,9613,146500.5228430708,669837.7321119308
EDDM,2021-11-01T00:00:00Z,DEP,9598,394416.963460195,1515857.2344245724
EDDM,2021-12-01T00:00:00Z,ARR,9478,161028.6957384932,702518.4617909883
EDDM,2021-12-01T00:00:00Z,DEP,9475,479947.5281723623,1657955.200375552
EDDM,NA,ARR,91,1439.8869850601686,6347.446880108551
EDDM,NA,DEP,3,8.778000995936157,67.0004901309715
EGKK,2019-01-01T00:00:00Z,ARR,9879,250044.47486187005,1198598.1613323097
EGKK,2019-01-01T00:00:00Z,DEP,9892,416963.34874995274,2424831.934610794
EGKK,2019-02-01T00:00:00Z,ARR,9959,263935.72808407835,1172243.939239386
EGKK,2019-02-01T00:00:00Z,DEP,9963,753182.8307003072,2758531.477586637
EGKK,2019-03-01T00:00:00Z,ARR,11328,290097.47484867513,1374318.5893817758
EGKK,2019-03-01T00:00:00Z,DEP,11342,992403.3497015736,3207384.2178932754
EGKK,2019-04-01T00:00:00Z,ARR,12003,242676.88111786227,1118033.9094359584
EGKK,2019-04-01T00:00:00Z,DEP,11998,817686.7237916369,3388797.5539391264
EGKK,2019-05-01T00:00:00Z,ARR,13037,285363.7673892064,1412787.5037686098
EGKK,2019-05-01T00:00:00Z,DEP,13044,1179354.5413333403,3779633.077611161
EGKK,2019-06-01T00:00:00Z,ARR,13275,352988.4259684681,1506873.2298221309
EGKK,2019-06-01T00:00:00Z,DEP,13291,1460123.0339947315,4160631.4618832334
EGKK,2019-07-01T00:00:00Z,ARR,13789,482017.5623665549,1745907.5019704036
EGKK,2019-07-01T00:00:00Z,DEP,13777,1609418.3070561094,4403126.829898137
EGKK,2019-08-01T00:00:00Z,ARR,14058,431150.61909800366,1760441.0324086936
EGKK,2019-08-01T00:00:00Z,DEP,14087,1627917.9612200053,4438896.773500572
EGKK,2019-09-01T00:00:00Z,ARR,13080,403245.7129356965,1589657.652442037
EGKK,2019-09-01T00:00:00Z,DEP,13053,1446613.701312938,4042054.958161469
EGKK,2019-10-01T00:00:00Z,ARR,12207,284368.2870472907,1363101.938248881
EGKK,2019-10-01T00:00:00Z,DEP,12223,1078859.3313784918,3517819.809406237
EGKK,2019-11-01T00:00:00Z,ARR,9233,224591.5400001,1018278.2040415304
EGKK,2019-11-01T00:00:00Z,DEP,9223,339638.23167076596,2304742.348811889
EGKK,2019-12-01T00:00:00Z,ARR,10522,320420.5649640092,1362848.2110980286
EGKK,2019-12-01T00:00:00Z,DEP,10529,736416.5345341507,2812443.2176262424
EGKK,2020-01-01T00:00:00Z,ARR,9330,238729.45796556128,1180624.8865557427
EGKK,2020-01-01T00:00:00Z,DEP,9336,381876.5714639395,2229578.7213020194
EGKK,2020-02-01T00:00:00Z,ARR,9449,239382.504082896,1203991.9597609795
EGKK,2020-02-01T00:00:00Z,DEP,9452,717842.7395560503,2538751.3469411205
EGKK,2020-03-01T00:00:00Z,ARR,6912,177768.1516442206,860144.217880851
EGKK,2020-03-01T00:00:00Z,DEP,6892,356462.76975198486,1773958.4327858596
EGKK,2020-04-01T00:00:00Z,ARR,155,2959.063264995326,14000.035284636915
EGKK,2020-04-01T00:00:00Z,DEP,155,-2107.1695206580735,23918.406151430452
EGKK,2020-05-01T00:00:00Z,ARR,124,2318.0005979879256,11019.863999999996
EGKK,2020-05-01T00:00:00Z,DEP,121,4113.474411556535,16528.661079999998
EGKK,2020-06-01T00:00:00Z,ARR,287,5278.7363769835365,26310.57711234646
EGKK,2020-06-01T00:00:00Z,DEP,284,-9247.420005741871,36908.60430320643
EGKK,2020-07-01T00:00:00Z,ARR,1562,13752.428663301604,143157.32234693805
EGKK,2020-07-01T00:00:00Z,DEP,1567,-51744.55369325382,197931.6462400007
EGKK,2020-08-01T00:00:00Z,ARR,4069,49940.306462525565,368398.31146302173
EGKK,2020-08-01T00:00:00Z,DEP,4067,-129961.4228472019,582606.4127813914
EGKK,2020-09-01T00:00:00Z,ARR,3737,35975.13727507857,337825.98515933595
EGKK,2020-09-01T00:00:00Z,DEP,3742,-130637.86635129648,513076.069252807
EGKK,2020-10-01T00:00:00Z,ARR,2288,23465.359472732205,240321.03942749512
EGKK,2020-10-01T00:00:00Z,DEP,2287,-79801.29999370096,352917.2187609467
EGKK,2020-11-01T00:00:00Z,ARR,762,11701.240279711104,80600.20290593333
EGKK,2020-11-01T00:00:00Z,DEP,749,-19798.31032390995,118965.54463000016
EGKK,2020-12-01T00:00:00Z,ARR,1440,21594.68653711695,160092.29329865135
EGKK,2020-12-01T00:00:00Z,DEP,1459,-41836.5524073907,244871.93606977488
EGKK,2021-01-01T00:00:00Z,ARR,864,12522.832401948035,94525.06603952328
EGKK,2021-01-01T00:00:00Z,DEP,854,-20673.50020675436,156399.67259077853
EGKK,2021-02-01T00:00:00Z,ARR,370,5254.583069013705,43719.3086300674
EGKK,2021-02-01T00:00:00Z,DEP,364,-11440.55169558096,78365.78168622887
EGKK,2021-03-01T00:00:00Z,ARR,455,4252.535843806286,52373.67916903849
EGKK,2021-03-01T00:00:00Z,DEP,435,-18698.492679408864,84709.12816536264
EGKK,2021-04-01T00:00:00Z,ARR,518,7062.1434817269665,50020.28301148449
EGKK,2021-04-01T00:00:00Z,DEP,512,-10393.607563691934,95026.93546087
EGKK,2021-05-01T00:00:00Z,ARR,943,10680.906432902224,92957.51807142852
EGKK,2021-05-01T00:00:00Z,DEP,949,-20876.96899827032,162724.66325175547
EGKK,2021-06-01T00:00:00Z,ARR,1330,13054.28638175526,121935.90626197233
EGKK,2021-06-01T00:00:00Z,DEP,1324,-30954.10555884064,212440.5342702174
EGKK,2021-07-01T00:00:00Z,ARR,2472,31615.828488292045,230471.146092041
EGKK,2021-07-01T00:00:00Z,DEP,2488,-23375.376908961425,421960.84329702274
EGKK,2021-08-01T00:00:00Z,ARR,4099,50515.34789615281,363155.9878141777
EGKK,2021-08-01T00:00:00Z,DEP,4109,8063.407271003573,728101.9904350721
EGKK,2021-09-01T00:00:00Z,ARR,4085,49813.00903721438,355631.2304604622
EGKK,2021-09-01T00:00:00Z,DEP,4087,-43542.48929631244,664299.2927263781
EGKK,2021-10-01T00:00:00Z,ARR,4070,60373.00019898088,413530.27911234426
EGKK,2021-10-01T00:00:00Z,DEP,4094,-66540.91953260884,657201.586897069
EGKK,2021-11-01T00:00:00Z,ARR,3620,53093.2841527602,381255.2482246915
EGKK,2021-11-01T00:00:00Z,DEP,3613,-85077.81078351653,572183.2339695103
EGKK,2021-12-01T00:00:00Z,ARR,5068,75590.31871384189,517901.7974172799
EGKK,2021-12-01T00:00:00Z,DEP,5067,-42086.25206420729,921106.364387432
EGLL,2019-01-01T00:00:00Z,ARR,18920,1246470.6533692875,3733761.176847411
EGLL,2019-01-01T00:00:00Z,DEP,18914,1438845.7916737923,8947506.593784459
EGLL,2019-02-01T00:00:00Z,ARR,17625,1200947.3581517893,3479859.283390294
EGLL,2019-02-01T00:00:00Z,DEP,17631,1645523.7438930126,8498873.630517652
EGLL,2019-03-01T00:00:00Z,ARR,19946,1290574.2512706693,3807341.4224829976
EGLL,2019-03-01T00:00:00Z,DEP,19974,2360863.1245349157,10082649.605581356
EGLL,2019-04-01T00:00:00Z,ARR,20172,1207761.0931065972,3973879.950282007
EGLL,2019-04-01T00:00:00Z,DEP,20165,2121368.776369832,9849201.362786263
EGLL,2019-05-01T00:00:00Z,ARR,20840,1136617.8853898123,3773762.427657709
EGLL,2019-05-01T00:00:00Z,DEP,20846,2276850.188285476,10210442.396625483
EGLL,2019-06-01T00:00:00Z,ARR,20453,1283817.9268150523,3958723.752961981
EGLL,2019-06-01T00:00:00Z,DEP,20458,2603795.4140812666,10458100.95582074
EGLL,2019-07-01T00:00:00Z,ARR,21059,1602009.4438989053,4344069.432301676
EGLL,2019-07-01T00:00:00Z,DEP,21049,2765358.4097923087,10908653.853688912
EGLL,2019-08-01T00:00:00Z,ARR,21021,1457339.7272450873,4126475.249835204
EGLL,2019-08-01T00:00:00Z,DEP,21020,2666972.3338488145,10779808.69262276
EGLL,2019-09-01T00:00:00Z,ARR,19528,1138412.1142674729,3667591.2239704872
EGLL,2019-09-01T00:00:00Z,DEP,19518,2133834.5335569326,9663778.988609502
EGLL,2019-10-01T00:00:00Z,ARR,20681,1247774.952677633,3923384.1447810256
EGLL,2019-10-01T00:00:00Z,DEP,20673,2402109.818655621,10355995.615096366
EGLL,2019-11-01T00:00:00Z,ARR,19073,1305518.6652119134,3820959.658081107
EGLL,2019-11-01T00:00:00Z,DEP,19092,1759622.2052389805,9125543.45045049
EGLL,2019-12-01T00:00:00Z,ARR,18577,1136011.4587341065,3532337.2625293285
EGLL,2019-12-01T00:00:00Z,DEP,18557,1864860.5570389184,9115539.708616734
EGLL,2020-01-01T00:00:00Z,ARR,19024,1059915.6760323152,3490053.4887815895
EGLL,2020-01-01T00:00:00Z,DEP,19023,1502520.8766028862,8916244.243735706
EGLL,2020-02-01T00:00:00Z,ARR,17636,1092648.968622114,3289953.949718154
EGLL,2020-02-01T00:00:00Z,DEP,17655,1682348.5945040488,8452801.499196315
EGLL,2020-03-01T00:00:00Z,ARR,13066,637268.2499908273,2402122.425998317
EGLL,2020-03-01T00:00:00Z,DEP,13014,365184.0838296878,5532152.084311627
EGLL,2020-04-01T00:00:00Z,ARR,2624,107432.62008137551,552564.3696148559
EGLL,2020-04-01T00:00:00Z,DEP,2634,-72440.7949650623,1060160.073023325
EGLL,2020-05-01T00:00:00Z,ARR,3409,168417.412796959,738878.3821903788
EGLL,2020-05-01T00:00:00Z,DEP,3439,-182778.97525855192,1459554.10036408
EGLL,2020-06-01T00:00:00Z,ARR,3751,158146.79363312238,771873.601156995
EGLL,2020-06-01T00:00:00Z,DEP,3738,-175731.22978490972,1568033.5538552443
EGLL,2020-07-01T00:00:00Z,ARR,6092,195985.6526477431,999815.9750517756
EGLL,2020-07-01T00:00:00Z,DEP,6051,-24018.650082441673,2232779.948373718
EGLL,2020-08-01T00:00:00Z,ARR,7702,223072.2629394216,1123379.877366887
EGLL,2020-08-01T00:00:00Z,DEP,7693,-257325.08967494036,2345432.906854564
EGLL,2020-09-01T00:00:00Z,ARR,7322,272690.39323175634,1187717.469470783
EGLL,2020-09-01T00:00:00Z,DEP,7335,-304910.9984307156,2360303.7485134094
EGLL,2020-10-01T00:00:00Z,ARR,9076,464608.7795963656,1558152.447408973
EGLL,2020-10-01T00:00:00Z,DEP,9099,-304173.3992790621,2962377.854447315
EGLL,2020-11-01T00:00:00Z,ARR,5793,344050.6305463919,1240283.0113552555
EGLL,2020-11-01T00:00:00Z,DEP,5838,-134605.68892382918,2479966.4778975537
EGLL,2020-12-01T00:00:00Z,ARR,6487,455751.2509403824,1455461.9998520133
EGLL,2020-12-01T00:00:00Z,DEP,6426,3313.7928183362924,2831613.7198990765
EGLL,2021-01-01T00:00:00Z,ARR,5039,302001.08092303603,1148953.6271491772
EGLL,2021-01-01T00:00:00Z,DEP,5071,127119.18442466944,2452830.936359355
EGLL,2021-02-01T00:00:00Z,ARR,4075,221947.45256620308,900840.8303410404
EGLL,2021-02-01T00:00:00Z,DEP,4065,29623.268507185316,2006902.880038876
EGLL,2021-03-01T00:00:00Z,ARR,4919,233036.81491003305,1031348.393245258
EGLL,2021-03-01T00:00:00Z,DEP,4926,-101344.07471059344,2289512.297050624
EGLL,2021-04-01T00:00:00Z,ARR,5168,234665.43142560768,1016244.9910053984
EGLL,2021-04-01T00:00:00Z,DEP,5144,-15096.22968909162,2233212.342514445
EGLL,2021-05-01T00:00:00Z,ARR,5779,229002.44178310776,1059027.2229947918
EGLL,2021-05-01T00:00:00Z,DEP,5775,-32440.24699464238,2459532.409405879
EGLL,2021-06-01T00:00:00Z,ARR,6771,279558.5365451026,1195168.9944889608
EGLL,2021-06-01T00:00:00Z,DEP,6772,151635.1590984386,2803811.444854339
EGLL,2021-07-01T00:00:00Z,ARR,8349,362347.35109616973,1425307.0373378536
EGLL,2021-07-01T00:00:00Z,DEP,8343,-143082.03506332292,2945553.4067827556
EGLL,2021-08-01T00:00:00Z,ARR,9694,354192.3959261069,1518232.7042496365
EGLL,2021-08-01T00:00:00Z,DEP,9705,-136378.2973486404,3357594.463545133
EGLL,2021-09-01T00:00:00Z,ARR,10811,600395.9065985065,1896062.2029800543
EGLL,2021-09-01T00:00:00Z,DEP,10812,-102993.87128491524,3834501.0447107162
EGLL,2021-10-01T00:00:00Z,ARR,12164,698335.3971495319,2131938.706016739
EGLL,2021-10-01T00:00:00Z,DEP,12149,-38089.376496798934,4435179.278210868
EGLL,2021-11-01T00:00:00Z,ARR,12009,953205.2331634574,2427343.576282409
EGLL,2021-11-01T00:00:00Z,DEP,12024,10128.964745553109,4565125.807318198
EGLL,2021-12-01T00:00:00Z,ARR,12540,1026982.810226575,2643872.857968588
EGLL,2021-12-01T00:00:00Z,DEP,12505,90467.42280481246,4959768.830622227
EGLL,NA,ARR,5,402.9870254178879,1279.4316540709754
EHAM,2019-01-01T00:00:00Z,ARR,19033,546596.296037247,2625736.2761595505
EHAM,2019-01-01T00:00:00Z,DEP,19035,1259863.4628586404,4606482.292424805
EHAM,2019-02-01T00:00:00Z,ARR,18048,665130.1486671926,3099108.240933182
EHAM,2019-02-01T00:00:00Z,DEP,18069,771721.3870026792,3465439.1687201653
EHAM,2019-03-01T00:00:00Z,ARR,20394,783749.9865055283,3166122.2139915302
EHAM,2019-03-01T00:00:00Z,DEP,20378,855530.2265672274,4010992.426839099
EHAM,2019-04-01T00:00:00Z,ARR,21511,522777.080792453,2488414.200002236
EHAM,2019-04-01T00:00:00Z,DEP,21513,782826.2985273171,4775102.305294775
EHAM,2019-05-01T00:00:00Z,ARR,23015,626003.9933931379,2925231.7512250254
EHAM,2019-05-01T00:00:00Z,DEP,23017,1036805.5715529948,5296137.9556809915
EHAM,2019-06-01T00:00:00Z,ARR,22384,819007.1572231768,3516765.953209061
EHAM,2019-06-01T00:00:00Z,DEP,22364,922971.9576741372,4684232.16266819
EHAM,2019-07-01T00:00:00Z,ARR,22981,637259.0547026118,3098077.9483132903
EHAM,2019-07-01T00:00:00Z,DEP,22989,763935.0171877696,4717378.678623486
EHAM,2019-08-01T00:00:00Z,ARR,23089,594867.636818778,3554870.988834366
EHAM,2019-08-01T00:00:00Z,DEP,23104,660909.4939203452,4100069.8378684698
EHAM,2019-09-01T00:00:00Z,ARR,22687,923679.7637406908,3320103.028755241
EHAM,2019-09-01T00:00:00Z,DEP,22666,992249.176738878,4803462.013082435
EHAM,2019-10-01T00:00:00Z,ARR,22791,687479.9061434495,3460169.1168767815
EHAM,2019-10-01T00:00:00Z,DEP,22817,858604.8363707049,4414121.659846084
EHAM,2019-11-01T00:00:00Z,ARR,19427,735369.6090422425,3328391.5647560144
EHAM,2019-11-01T00:00:00Z,DEP,19427,750515.5514471129,3825724.751385386
EHAM,2019-12-01T00:00:00Z,ARR,19650,614449.6683220225,3156971.7704502484
EHAM,2019-12-01T00:00:00Z,DEP,19645,760530.7514207022,3690917.960665874
EHAM,2020-01-01T00:00:00Z,ARR,19218,529192.7164544761,3086022.7585128755
EHAM,2020-01-01T00:00:00Z,DEP,19223,586486.2036997599,3340535.966023058
EHAM,2020-02-01T00:00:00Z,ARR,17978,475219.5879542208,2602455.6286656777
EHAM,2020-02-01T00:00:00Z,DEP,17972,603064.9577541007,3121951.4496825817
EHAM,2020-03-01T00:00:00Z,ARR,13002,283169.8778624235,1958798.7964497544
EHAM,2020-03-01T00:00:00Z,DEP,12906,300079.8728321903,2463815.8598435586
EHAM,2020-04-01T00:00:00Z,ARR,2324,51804.64673628538,465139.0651394853
EHAM,2020-04-01T00:00:00Z,DEP,2330,1758.9296334513303,790769.5787729695
EHAM,2020-05-01T00:00:00Z,ARR,3183,96276.32496928892,665276.5942363509
EHAM,2020-05-01T00:00:00Z,DEP,3196,13673.030753935343,1049747.6234687364
EHAM,2020-06-01T00:00:00Z,ARR,4427,76424.13238791679,854079.3432159686
EHAM,2020-06-01T00:00:00Z,DEP,4421,13717.830794311749,1176301.1183969982
EHAM,2020-07-01T00:00:00Z,ARR,8406,101022.64009813948,1357340.393963809
EHAM,2020-07-01T00:00:00Z,DEP,8439,69284.16987362273,1632179.0374689505
EHAM,2020-08-01T00:00:00Z,ARR,12068,128441.23852419482,1569703.0259577069
EHAM,2020-08-01T00:00:00Z,DEP,12094,140265.86957654738,2159944.0045994422
EHAM,2020-09-01T00:00:00Z,ARR,11538,202364.5989420179,1435309.6708326614
EHAM,2020-09-01T00:00:00Z,DEP,11532,172058.66355032366,2096351.6710101876
EHAM,2020-10-01T00:00:00Z,ARR,10150,228367.64506630672,1736707.3736990143
EHAM,2020-10-01T00:00:00Z,DEP,10168,175664.40318538042,1854618.4906326444
EHAM,2020-11-01T00:00:00Z,ARR,7722,163193.36313418607,1520268.0623047345
EHAM,2020-11-01T00:00:00Z,DEP,7705,126411.45449441478,1546570.86638329
EHAM,2020-12-01T00:00:00Z,ARR,8328,181682.9771144125,1628168.307057247
EHAM,2020-12-01T00:00:00Z,DEP,8322,232764.1910074893,1753699.7619041912
EHAM,2021-01-01T00:00:00Z,ARR,7620,223565.07200025403,1163217.4377977443
EHAM,2021-01-01T00:00:00Z,DEP,7316,353021.58222496917,1947157.1321128788
EHAM,2021-02-01T00:00:00Z,ARR,5556,576947.5014976811,1204954.2707268368
EHAM,2021-02-01T00:00:00Z,DEP,5562,399364.11971353303,1609163.9056451374
EHAM,2021-03-01T00:00:00Z,ARR,6469,212072.87985377593,902153.1203256062
EHAM,2021-03-01T00:00:00Z,DEP,6455,234452.9469587677,1493583.1130082964
EHAM,2021-04-01T00:00:00Z,ARR,7252,128058.0839487722,770910.4335756295
EHAM,2021-04-01T00:00:00Z,DEP,7261,358613.2850545505,1764723.8004003495
EHAM,2021-05-01T00:00:00Z,ARR,8342,168745.61219267955,1167615.306678911
EHAM,2021-05-01T00:00:00Z,DEP,8334,149198.81011614774,1634721.9772024313
EHAM,2021-06-01T00:00:00Z,ARR,10283,200320.66854991863,1283185.2411336857
EHAM,2021-06-01T00:00:00Z,DEP,10281,227618.9200473478,2336671.461791233
EHAM,2021-07-01T00:00:00Z,ARR,15272,308170.8777899507,1960923.5476184837
EHAM,2021-07-01T00:00:00Z,DEP,15286,302628.9450956789,2878476.533071146
EHAM,2021-08-01T00:00:00Z,ARR,16597,316133.0797074993,2163651.681994193
EHAM,2021-08-01T00:00:00Z,DEP,16582,340600.3379225075,3023014.1404246646
EHAM,2021-09-01T00:00:00Z,ARR,15942,315605.98704396235,2027000.4626920728
EHAM,2021-09-01T00:00:00Z,DEP,15945,349090.7667856599,2946435.4206789434
EHAM,2021-10-01T00:00:00Z,ARR,16540,506563.0743359096,2639362.934537158
EHAM,2021-10-01T00:00:00Z,DEP,16564,474245.0508877065,3059761.6760666543
EHAM,2021-11-01T00:00:00Z,ARR,14896,368428.0755935053,2124607.750061945
EHAM,2021-11-01T00:00:00Z,DEP,14880,412919.3463071452,2865494.16319453
EHAM,2021-12-01T00:00:00Z,ARR,15677,465587.6825832935,2464414.6794455484
EHAM,2021-12-01T00:00:00Z,DEP,15674,601330.1606168279,3037913.5462152474
LEBL,2019-01-01T00:00:00Z,ARR,11914,122775.1558452441,601444.2834382898
LEBL,2019-01-01T00:00:00Z,DEP,11966,224533.34301521705,2125227.0903004427
LEBL,2019-02-01T00:00:00Z,ARR,11264,115040.95438819264,554213.1939376314
LEBL,2019-02-01T00:00:00Z,DEP,11324,52101.39236751721,1867958.061697516
LEBL,2019-03-01T00:00:00Z,ARR,12730,138975.68064001983,681042.0316151431
LEBL,2019-03-01T00:00:00Z,DEP,12880,104452.29414304173,2136208.2733967407
LEBL,2019-04-01T00:00:00Z,ARR,14764,155134.25874487718,797994.0370628488
LEBL,2019-04-01T00:00:00Z,DEP,14835,690518.4812551831,3039044.8604235407
LEBL,2019-05-01T00:00:00Z,ARR,15430,183261.73872532765,799966.1836635543
LEBL,2019-05-01T00:00:00Z,DEP,15521,812260.8456938486,3337391.4896598742
LEBL,2019-06-01T00:00:00Z,ARR,15875,203621.528187838,916394.8014382496
LEBL,2019-06-01T00:00:00Z,DEP,15973,993401.1953365988,3585238.7972278157
LEBL,2019-07-01T00:00:00Z,ARR,16450,222764.1678160691,929847.7192736022
LEBL,2019-07-01T00:00:00Z,DEP,16526,1027644.5460054128,3724835.8469422646
LEBL,2019-08-01T00:00:00Z,ARR,16198,200168.1233703784,903348.9200884508
LEBL,2019-08-01T00:00:00Z,DEP,16294,959294.352105518,3649870.901379141
LEBL,2019-09-01T00:00:00Z,ARR,15913,202602.07501447003,940561.2044657692
LEBL,2019-09-01T00:00:00Z,DEP,15969,1107663.3234213109,3724194.987957176
LEBL,2019-10-01T00:00:00Z,ARR,15268,193230.61858358476,816967.182687882
LEBL,2019-10-01T00:00:00Z,DEP,15335,795568.9807023428,3318985.5021999935
LEBL,2019-11-01T00:00:00Z,ARR,11735,132096.4544546138,589353.681470492
LEBL,2019-11-01T00:00:00Z,DEP,11873,448015.5234810015,2355377.164472756
LEBL,2019-12-01T00:00:00Z,ARR,12459,125324.46276392024,647272.8050595091
LEBL,2019-12-01T00:00:00Z,DEP,12520,488835.84229392145,2519116.0744401924
LEBL,2020-01-01T00:00:00Z,ARR,11642,119710.22445988738,624492.1389021024
LEBL,2020-01-01T00:00:00Z,DEP,11682,369942.444310413,2260051.34204828
LEBL,2020-02-01T00:00:00Z,ARR,11409,136316.19334086057,604058.9416074811
LEBL,2020-02-01T00:00:00Z,DEP,11438,369428.6065966509,2205394.768646997
LEBL,2020-03-01T00:00:00Z,ARR,6844,75027.87338286317,401080.0112326326
LEBL,2020-03-01T00:00:00Z,DEP,6897,224882.45352561376,1343798.63828403
LEBL,2020-04-01T00:00:00Z,ARR,707,7735.2128809288415,61111.821273453126
LEBL,2020-04-01T00:00:00Z,DEP,741,-2775.035434466222,105270.30905699238
LEBL,2020-05-01T00:00:00Z,ARR,821,8340.528561981415,64068.863257462246
LEBL,2020-05-01T00:00:00Z,DEP,876,-6507.543875637209,119656.20954750324
LEBL,2020-06-01T00:00:00Z,ARR,1318,12842.658931750992,96941.26631740984
LEBL,2020-06-01T00:00:00Z,DEP,1350,-6697.125928222923,177468.71378033716
LEBL,2020-07-01T00:00:00Z,ARR,5102,59000.62524016665,357149.3061063367
LEBL,2020-07-01T00:00:00Z,DEP,5169,25673.3673928052,705593.0593666786
LEBL,2020-08-01T00:00:00Z,ARR,6973,60469.08012342392,450964.7583097195
LEBL,2020-08-01T00:00:00Z,DEP,7007,-7096.731276570273,1002714.316520644
LEBL,2020-09-01T00:00:00Z,ARR,5186,50263.53581555226,347686.0933622399
LEBL,2020-09-01T00:00:00Z,DEP,5237,-28090.24484718426,736696.761172217
LEBL,2020-10-01T00:00:00Z,ARR,4403,45416.76336170682,305025.10278732993
LEBL,2020-10-01T00:00:00Z,DEP,4447,-13998.55020478234,622896.2210140913
LEBL,2020-11-01T00:00:00Z,ARR,2596,32097.18293057152,191739.60894705524
LEBL,2020-11-01T00:00:00Z,DEP,2653,-16227.41454868172,358298.05825844663
LEBL,2020-12-01T00:00:00Z,ARR,3520,42346.26934226052,255072.0906415093
LEBL,2020-12-01T00:00:00Z,DEP,3558,22950.659578170955,479492.2105635158
LEBL,2021-01-01T00:00:00Z,ARR,2719,38440.10690431312,217716.1910281807
LEBL,2021-01-01T00:00:00Z,DEP,2763,9236.009651938944,368989.7647479346
LEBL,2021-02-01T00:00:00Z,ARR,1939,23783.843880827804,146973.24949548062
LEBL,2021-02-01T00:00:00Z,DEP,1962,4163.540128216101,260184.47074090535
LEBL,2021-03-01T00:00:00Z,ARR,2490,33320.131324046015,185006.57007561153
LEBL,2021-03-01T00:00:00Z,DEP,2562,9740.372427621242,333278.8933675828
LEBL,2021-04-01T00:00:00Z,ARR,3114,46546.28507476309,251618.61135574168
LEBL,2021-04-01T00:00:00Z,DEP,3152,26187.494555257123,417446.9316688724
LEBL,2021-05-01T00:00:00Z,ARR,4596,52777.05730011724,315417.2242605359
LEBL,2021-05-01T00:00:00Z,DEP,4642,53672.68971987407,630874.7265052424
LEBL,2021-06-01T00:00:00Z,ARR,6611,74572.73052988142,425198.2801193414
LEBL,2021-06-01T00:00:00Z,DEP,6640,105781.76680381452,984059.7795361364
LEBL,2021-07-01T00:00:00Z,ARR,9749,96603.74752482644,483156.8884441246
LEBL,2021-07-01T00:00:00Z,DEP,9838,178582.53463059792,1607226.69289558
LEBL,2021-08-01T00:00:00Z,ARR,10812,95538.14326437331,561442.4037120237
LEBL,2021-08-01T00:00:00Z,DEP,10853,226022.953952782,1802918.1182356935
LEBL,2021-09-01T00:00:00Z,ARR,10288,91835.9735281805,527648.9134635995
LEBL,2021-09-01T00:00:00Z,DEP,10383,223027.73331315583,1751624.009269637
LEBL,2021-10-01T00:00:00Z,ARR,9892,95913.08887017464,489293.9429692867
LEBL,2021-10-01T00:00:00Z,DEP,9967,193037.1399417648,1685733.9140582676
LEBL,2021-11-01T00:00:00Z,ARR,8811,88120.40838113724,455818.8128610428
LEBL,2021-11-01T00:00:00Z,DEP,8875,168999.42839687745,1515486.9768290182
LEBL,2021-12-01T00:00:00Z,ARR,9626,84819.526861566,470695.2287066277
LEBL,2021-12-01T00:00:00Z,DEP,9684,163237.00457840075,1639181.4699418591
LEMD,2019-01-01T00:00:00Z,ARR,16285,278869.38376836956,1777980.7615158765
LEMD,2019-01-01T00:00:00Z,DEP,16396,725894.1336136679,4011846.016328426
LEMD,2019-02-01T00:00:00Z,ARR,14955,245609.7817842606,1683488.2101501897
LEMD,2019-02-01T00:00:00Z,DEP,15035,616486.4699979991,3618322.801353543
LEMD,2019-03-01T00:00:00Z,ARR,16843,269159.4687461185,1713846.5527408505
LEMD,2019-03-01T00:00:00Z,DEP,17075,930233.5268753484,4235230.882269823
LEMD,2019-04-01T00:00:00Z,ARR,17235,351175.2362859117,2105985.4671733496
LEMD,2019-04-01T00:00:00Z,DEP,17352,784222.6896599461,4261911.958602201
LEMD,2019-05-01T00:00:00Z,ARR,18413,345845.16626117285,2176375.8146094712
LEMD,2019-05-01T00:00:00Z,DEP,18551,782263.3677474632,4483209.658386322
LEMD,2019-06-01T00:00:00Z,ARR,18749,390170.3349278735,2421781.153027542
LEMD,2019-06-01T00:00:00Z,DEP,18896,928576.263284361,4714684.519774422
LEMD,2019-07-01T00:00:00Z,ARR,19252,402134.2650007988,2444308.4642659975
LEMD,2019-07-01T00:00:00Z,DEP,19390,958907.6072575046,4885744.743392605
LEMD,2019-08-01T00:00:00Z,ARR,18326,385648.0974736236,2374962.522897597
LEMD,2019-08-01T00:00:00Z,DEP,18472,901248.7482649848,4723691.575996819
LEMD,2019-09-01T00:00:00Z,ARR,18413,345099.34893634217,2201255.7573042456
LEMD,2019-09-01T00:00:00Z,DEP,18516,871129.7159527201,4628315.46974745
LEMD,2019-10-01T00:00:00Z,ARR,18407,341645.155468329,2197044.6048668073
LEMD,2019-10-01T00:00:00Z,DEP,18526,764766.358327104,4460652.745616102
LEMD,2019-11-01T00:00:00Z,ARR,15879,356527.6974804661,2020854.4592139511
LEMD,2019-11-01T00:00:00Z,DEP,16080,731455.8073051344,3901308.428791153
LEMD,2019-12-01T00:00:00Z,ARR,16961,375783.2737028289,2132203.768279074
LEMD,2019-12-01T00:00:00Z,DEP,17041,808136.6682996128,4256040.580161359
LEMD,2020-01-01T00:00:00Z,ARR,16469,324211.71307676984,1980509.4025634248
LEMD,2020-01-01T00:00:00Z,DEP,16574,688778.9602605746,4020022.065213756
LEMD,2020-02-01T00:00:00Z,ARR,15488,274012.3432414681,1789516.5385367356
LEMD,2020-02-01T00:00:00Z,DEP,15556,541168.5411288297,3617836.690132246
LEMD,2020-03-01T00:00:00Z,ARR,9822,181485.62583943567,1145595.1568727137
LEMD,2020-03-01T00:00:00Z,DEP,9843,401582.3509698302,2361815.4268493704
LEMD,2020-04-01T00:00:00Z,ARR,1164,34410.47538797641,181432.20269577432
LEMD,2020-04-01T00:00:00Z,DEP,1240,29149.132483117603,307367.5291502866
LEMD,2020-05-01T00:00:00Z,ARR,1369,47901.36400788803,228389.25299988533
LEMD,2020-05-01T00:00:00Z,DEP,1479,48268.42938046227,417474.6718693312
LEMD,2020-06-01T00:00:00Z,ARR,1772,48212.48981972365,259617.77060143888
LEMD,2020-06-01T00:00:00Z,DEP,1852,42734.46233951871,382942.11976035783
LEMD,2020-07-01T00:00:00Z,ARR,5212,113316.16486116138,688462.4415381054
LEMD,2020-07-01T00:00:00Z,DEP,5327,136076.7654146238,1088031.2694917144
LEMD,2020-08-01T00:00:00Z,ARR,7497,115879.28954175457,856143.8883270671
LEMD,2020-08-01T00:00:00Z,DEP,7557,174446.91300395926,1499734.4700198015
LEMD,2020-09-01T00:00:00Z,ARR,6105,107840.06292754968,718462.768775551
LEMD,2020-09-01T00:00:00Z,DEP,6190,96486.05102893295,1212017.97578373
LEMD,2020-10-01T00:00:00Z,ARR,5549,104926.31337099122,668548.5541130716
LEMD,2020-10-01T00:00:00Z,DEP,5649,82583.59835743002,1117294.4223001609
LEMD,2020-11-01T00:00:00Z,ARR,4874,100600.46640897974,590536.1550937155
LEMD,2020-11-01T00:00:00Z,DEP,4958,92960.69491683782,1019268.6962114008
LEMD,2020-12-01T00:00:00Z,ARR,5920,113206.32488238004,707143.0563291523
LEMD,2020-12-01T00:00:00Z,DEP,6031,119886.5004173404,1244121.2310084947
LEMD,2021-01-01T00:00:00Z,ARR,4962,153971.71637929906,596040.634815619
LEMD,2021-01-01T00:00:00Z,DEP,4952,366728.3708440866,1256741.661571415
LEMD,2021-02-01T00:00:00Z,ARR,4752,93188.21335921924,595065.1954010326
LEMD,2021-02-01T00:00:00Z,DEP,4792,90177.44952534186,969819.77669676
LEMD,2021-03-01T00:00:00Z,ARR,5536,143974.55740815282,690659.467902612
LEMD,2021-03-01T00:00:00Z,DEP,5587,157253.73508463064,1164654.8329188162
LEMD,2021-04-01T00:00:00Z,ARR,5960,114394.19286308564,692779.4383601774
LEMD,2021-04-01T00:00:00Z,DEP,6039,127670.07239636188,1204415.3633598385
LEMD,2021-05-01T00:00:00Z,ARR,6894,161284.71771871808,814994.7094764224
LEMD,2021-05-01T00:00:00Z,DEP,6972,159748.7324652205,1386814.2762464008
LEMD,2021-06-01T00:00:00Z,ARR,8667,187406.06946629836,1027044.6954091784
LEMD,2021-06-01T00:00:00Z,DEP,8730,260549.19632907404,1855161.54693006
LEMD,2021-07-01T00:00:00Z,ARR,10966,234727.35558441197,1343606.9927138498
LEMD,2021-07-01T00:00:00Z,DEP,11168,345423.9583315924,2533128.9800235913
LEMD,2021-08-01T00:00:00Z,ARR,11502,201267.54592974143,1407546.7804632825
LEMD,2021-08-01T00:00:00Z,DEP,11626,316487.79553687037,2614356.8833981613
LEMD,2021-09-01T00:00:00Z,ARR,11355,194526.73587005143,1361252.2070029497
LEMD,2021-09-01T00:00:00Z,DEP,11407,340571.87875702203,2562967.2206263505
LEMD,2021-10-01T00:00:00Z,ARR,11614,262298.25818949396,1466369.4531096013
LEMD,2021-10-01T00:00:00Z,DEP,11712,366137.6540058463,2683048.356117489
LEMD,2021-11-01T00:00:00Z,ARR,11870,281808.2385180659,1454044.526395172
LEMD,2021-11-01T00:00:00Z,DEP,11893,386256.2349938728,2760977.723423876
LEMD,2021-12-01T00:00:00Z,ARR,12514,282906.1205672349,1576322.4576596469
LEMD,2021-12-01T00:00:00Z,DEP,12384,419271.1913029103,2927511.4938113266
LFPG,2019-01-01T00:00:00Z,ARR,19031,661555.1872158707,3481762.8916704548
LFPG,2019-01-01T00:00:00Z,DEP,19062,1885561.363438108,6397803.434393672
LFPG,2019-02-01T00:00:00Z,ARR,17616,537478.5563420217,3063766.914495749
LFPG,2019-02-01T00:00:00Z,DEP,17609,926890.361939991,5019897.180251854
LFPG,2019-03-01T00:00:00Z,ARR,20038,577329.4610539083,3493903.7811150234
LFPG,2019-03-01T00:00:00Z,DEP,20083,1056311.5775235123,5709182.371548787
LFPG,2019-04-01T00:00:00Z,ARR,21411,665578.7900769203,3659145.724575349
LFPG,2019-04-01T00:00:00Z,DEP,21402,1164360.0541693596,6155321.295097074
LFPG,2019-05-01T00:00:00Z,ARR,21954,658178.1676473058,3791606.247760141
LFPG,2019-05-01T00:00:00Z,DEP,21990,1267988.1915242737,6316492.766774183
LFPG,2019-06-01T00:00:00Z,ARR,22154,703923.7952146372,3882339.894033706
LFPG,2019-06-01T00:00:00Z,DEP,22171,1335855.9222707502,6576380.536079071
LFPG,2019-07-01T00:00:00Z,ARR,23517,785900.8863307515,4192962.7062119455
LFPG,2019-07-01T00:00:00Z,DEP,23540,1426938.9364868838,7095775.893773195
LFPG,2019-08-01T00:00:00Z,ARR,23586,795143.9068985946,4233792.274156686
LFPG,2019-08-01T00:00:00Z,DEP,23645,1374877.8316268425,6958688.160306086
LFPG,2019-09-01T00:00:00Z,ARR,22567,775147.6512575304,4027405.5345110926
LFPG,2019-09-01T00:00:00Z,DEP,22548,1241450.8388485687,6423255.97592419
LFPG,2019-10-01T00:00:00Z,ARR,22213,802634.4914585635,4007312.68095756
LFPG,2019-10-01T00:00:00Z,DEP,22239,1271718.499819115,6329212.078329936
LFPG,2019-11-01T00:00:00Z,ARR,19224,705362.5895188856,3483011.086455606
LFPG,2019-11-01T00:00:00Z,DEP,19253,1145012.4725489584,5735758.195256969
LFPG,2019-12-01T00:00:00Z,ARR,19487,776623.9897944084,3638583.8463584
LFPG,2019-12-01T00:00:00Z,DEP,19443,1361587.37769964,5973763.345429703
LFPG,2020-01-01T00:00:00Z,ARR,18930,687285.4262149674,3461967.174604889
LFPG,2020-01-01T00:00:00Z,DEP,18934,1365149.867537058,5848475.702949456
LFPG,2020-02-01T00:00:00Z,ARR,17931,594443.5512904301,3154494.3552703364
LFPG,2020-02-01T00:00:00Z,DEP,17934,911465.661772042,4928353.401777184
LFPG,2020-03-01T00:00:00Z,ARR,11877,328777.0352599973,2187005.810260261
LFPG,2020-03-01T00:00:00Z,DEP,11830,423528.5155594302,3325598.686545521
LFPG,2020-04-01T00:00:00Z,ARR,2124,98117.62931746972,635792.2425555736
LFPG,2020-04-01T00:00:00Z,DEP,2119,47475.86919860214,886807.4319557553
LFPG,2020-05-01T00:00:00Z,ARR,2926,130648.84655257816,901500.9713494204
LFPG,2020-05-01T00:00:00Z,DEP,2938,75318.35817945602,1283353.5456508887
LFPG,2020-06-01T00:00:00Z,ARR,4944,167152.19700515145,1162355.1053048945
LFPG,2020-06-01T00:00:00Z,DEP,4926,99949.96031832724,1610443.7165762775
LFPG,2020-07-01T00:00:00Z,ARR,9560,320396.00183531194,1823835.4924427804
LFPG,2020-07-01T00:00:00Z,DEP,9594,NA,NA
LFPG,2020-08-01T00:00:00Z,ARR,11556,329164.9862348722,1801384.524559729
LFPG,2020-08-01T00:00:00Z,DEP,11488,259574.9070329828,2628747.0219735266
LFPG,2020-09-01T00:00:00Z,ARR,9483,NA,NA
LFPG,2020-09-01T00:00:00Z,DEP,9426,NA,NA
LFPG,2020-10-01T00:00:00Z,ARR,8472,NA,NA
LFPG,2020-10-01T00:00:00Z,DEP,8465,NA,NA
LFPG,2020-11-01T00:00:00Z,ARR,5997,NA,NA
LFPG,2020-11-01T00:00:00Z,DEP,5930,174133.2910463189,1951770.904725985
LFPG,2020-12-01T00:00:00Z,ARR,6992,NA,NA
LFPG,2020-12-01T00:00:00Z,DEP,6957,NA,NA
LFPG,2021-01-01T00:00:00Z,ARR,7143,284790.27094273764,1399834.4512009523
LFPG,2021-01-01T00:00:00Z,DEP,7126,523719.3336130197,2421620.738687273
LFPG,2021-02-01T00:00:00Z,ARR,6122,298286.67321248056,1314900.46956498
LFPG,2021-02-01T00:00:00Z,DEP,6136,NA,NA
LFPG,2021-03-01T00:00:00Z,ARR,7088,277680.85222942336,1513667.626638182
LFPG,2021-03-01T00:00:00Z,DEP,7078,NA,NA
LFPG,2021-04-01T00:00:00Z,ARR,7141,271013.28508649475,1474096.7204016112
LFPG,2021-04-01T00:00:00Z,DEP,7133,184864.79801193933,2058766.0878308795
LFPG,2021-05-01T00:00:00Z,ARR,7590,NA,NA
LFPG,2021-05-01T00:00:00Z,DEP,7600,NA,NA
LFPG,2021-06-01T00:00:00Z,ARR,9360,NA,NA
LFPG,2021-06-01T00:00:00Z,DEP,9389,NA,NA
LFPG,2021-07-01T00:00:00Z,ARR,13675,NA,NA
LFPG,2021-07-01T00:00:00Z,DEP,13702,NA,NA
LFPG,2021-08-01T00:00:00Z,ARR,14706,NA,NA
LFPG,2021-08-01T00:00:00Z,DEP,14716,NA,NA
LFPG,2021-09-01T00:00:00Z,ARR,12886,NA,NA
LFPG,2021-09-01T00:00:00Z,DEP,12844,NA,NA
LFPG,2021-10-01T00:00:00Z,ARR,13405,NA,NA
LFPG,2021-10-01T00:00:00Z,DEP,13405,NA,NA
LFPG,2021-11-01T00:00:00Z,ARR,13979,NA,NA
LFPG,2021-11-01T00:00:00Z,DEP,13981,NA,NA
LFPG,2021-12-01T00:00:00Z,ARR,14843,NA,NA
LFPG,2021-12-01T00:00:00Z,DEP,14856,NA,NA
LIRF,2019-01-01T00:00:00Z,ARR,11485,414211.2495686358,1640074.1519999416
LIRF,2019-01-01T00:00:00Z,DEP,11448,602513.2522845854,2674634.5315999463
LIRF,2019-02-01T00:00:00Z,ARR,10732,3314630.3428937537,4420249.387200068
LIRF,2019-02-01T00:00:00Z,DEP,10675,554742.4071798024,2475182.8987999484
LIRF,2019-03-01T00:00:00Z,ARR,11939,443782.25419552246,1652513.2798974323
LIRF,2019-03-01T00:00:00Z,DEP,11884,668570.4029557006,2833047.0822873353
LIRF,2019-04-01T00:00:00Z,ARR,13133,514940.13906619063,1856749.042569052
LIRF,2019-04-01T00:00:00Z,DEP,13065,911226.9637488708,3364853.068409974
LIRF,2019-05-01T00:00:00Z,ARR,13600,556396.6002864201,1982142.272275304
LIRF,2019-05-01T00:00:00Z,DEP,13515,1120072.792220288,3657275.1311353
LIRF,2019-06-01T00:00:00Z,ARR,14194,632939.3268754231,2152284.5553642204
LIRF,2019-06-01T00:00:00Z,DEP,14022,1317481.476289665,3998399.964672545
LIRF,2019-07-01T00:00:00Z,ARR,14945,692183.8304555236,2315210.5244298754
LIRF,2019-07-01T00:00:00Z,DEP,14655,1554396.7152466788,4361121.580027161
LIRF,2019-08-01T00:00:00Z,ARR,14949,701144.2120781498,2304879.219221071
LIRF,2019-08-01T00:00:00Z,DEP,14741,1563073.2860690153,4396052.827012695
LIRF,2019-09-01T00:00:00Z,ARR,14006,667284.1557253257,2134972.374152129
LIRF,2019-09-01T00:00:00Z,DEP,13877,1413851.9527906196,4085100.0731599056
LIRF,2019-10-01T00:00:00Z,ARR,13157,636921.0198026116,1982710.501978512
LIRF,2019-10-01T00:00:00Z,DEP,13052,1277011.82985817,3831147.895321602
LIRF,2019-11-01T00:00:00Z,ARR,11174,377713.15345005214,1493527.6823999444
LIRF,2019-11-01T00:00:00Z,DEP,11123,900299.854366308,2957175.7978099654
LIRF,2019-12-01T00:00:00Z,ARR,11255,439219.9903918687,1610318.5952936416
LIRF,2019-12-01T00:00:00Z,DEP,11108,759020.9825228341,2810743.5574099664
LIRF,2020-01-01T00:00:00Z,ARR,10574,449533.3551665079,1489446.9839999585
LIRF,2020-01-01T00:00:00Z,DEP,10564,531232.6950548553,2415639.034124132
LIRF,2020-02-01T00:00:00Z,ARR,9664,362378.4847185219,1317765.011999984
LIRF,2020-02-01T00:00:00Z,DEP,9630,464730.8909687409,2127926.436649932
LIRF,2020-03-01T00:00:00Z,ARR,4300,156109.13183378577,579175.6819200773
LIRF,2020-03-01T00:00:00Z,DEP,4244,124965.65912655868,892190.3978355238
LIRF,2020-04-01T00:00:00Z,ARR,1166,57855.23470900796,180242.83481035812
LIRF,2020-04-01T00:00:00Z,DEP,1123,30376.21295722646,234740.6088018717
LIRF,2020-05-01T00:00:00Z,ARR,1341,51278.069204871055,170020.25297784747
LIRF,2020-05-01T00:00:00Z,DEP,1316,22802.98796193577,284245.52832000033
LIRF,2020-06-01T00:00:00Z,ARR,1768,67137.33057110348,214707.32719087027
LIRF,2020-06-01T00:00:00Z,DEP,1743,25458.592446848237,323359.7896249598
LIRF,2020-07-01T00:00:00Z,ARR,3889,107945.42458487266,477325.6935728829
LIRF,2020-07-01T00:00:00Z,DEP,3878,1143.923437796102,693661.8421773764
LIRF,2020-08-01T00:00:00Z,ARR,5048,170420.9160314804,640040.3716825746
LIRF,2020-08-01T00:00:00Z,DEP,5037,-3076.0849686269103,867289.7933982097
LIRF,2020-09-01T00:00:00Z,ARR,4330,143244.1240578353,520989.86653228867
LIRF,2020-09-01T00:00:00Z,DEP,4312,-2197.672424947641,718803.1059025034
LIRF,2020-10-01T00:00:00Z,ARR,4105,172272.07019734077,508467.2632867878
LIRF,2020-10-01T00:00:00Z,DEP,4093,14965.217361495075,702234.8460884942
LIRF,2020-11-01T00:00:00Z,ARR,2634,115566.01199902514,324707.712
LIRF,2020-11-01T00:00:00Z,DEP,2618,4144.735386102837,434510.86085000035
LIRF,2020-12-01T00:00:00Z,ARR,2711,102116.70162402547,316931.0063999991
LIRF,2020-12-01T00:00:00Z,DEP,2691,28953.948324201167,470320.33208999987
LIRF,2021-01-01T00:00:00Z,ARR,2410,83189.45077058474,265493.6651214193
LIRF,2021-01-01T00:00:00Z,DEP,2391,38317.89565006503,421838.4894649246
LIRF,2021-02-01T00:00:00Z,ARR,2102,98751.71118227336,269205.1559999999
LIRF,2021-02-01T00:00:00Z,DEP,2083,38373.85369074834,390809.07479000126
LIRF,2021-03-01T00:00:00Z,ARR,2465,93148.54047791532,285396.2399999995
LIRF,2021-03-01T00:00:00Z,DEP,2444,40162.76957941063,432777.54171000177
LIRF,2021-04-01T00:00:00Z,ARR,3116,92956.2274923042,332404.55672686244
LIRF,2021-04-01T00:00:00Z,DEP,3104,32390.137564711946,512008.979976957
LIRF,2021-05-01T00:00:00Z,ARR,3302,140278.07921197405,392448.3988036008
LIRF,2021-05-01T00:00:00Z,DEP,3298,14622.724847495056,590822.860684187
LIRF,2021-06-01T00:00:00Z,ARR,4319,137020.37057228637,498323.4723014726
LIRF,2021-06-01T00:00:00Z,DEP,4288,42510.39515265399,775571.8441327802
LIRF,2021-07-01T00:00:00Z,ARR,6219,228830.42158813885,825929.5585951906
LIRF,2021-07-01T00:00:00Z,DEP,6187,151865.81270483657,1241137.6519693793
LIRF,2021-08-01T00:00:00Z,ARR,7289,209635.90759881993,905596.6934242313
LIRF,2021-08-01T00:00:00Z,DEP,7235,161079.10189282708,1405942.6253696913
LIRF,2021-09-01T00:00:00Z,ARR,6455,161418.54175170555,761396.7940957774
LIRF,2021-09-01T00:00:00Z,DEP,6434,141607.34878999402,1273824.8493824117
LIRF,2021-10-01T00:00:00Z,ARR,6136,174461.81201016292,803605.0912940493
LIRF,2021-10-01T00:00:00Z,DEP,6094,139235.9388497165,1238408.6387583318
LIRF,2021-11-01T00:00:00Z,ARR,6298,159728.01661037304,776204.3268000031
LIRF,2021-11-01T00:00:00Z,DEP,6272,145535.87762843995,1274008.9676299775
LIRF,2021-12-01T00:00:00Z,ARR,6641,207890.93441027257,869442.9405777706
LIRF,2021-12-01T00:00:00Z,DEP,6599,153552.40878055795,1323468.7341787182
LSZH,2019-01-01T00:00:00Z,ARR,10659,165274.30423173806,805001.9087253179
LSZH,2019-01-01T00:00:00Z,DEP,10682,911196.6047091454,2340818.471356878
LSZH,2019-02-01T00:00:00Z,ARR,9674,135828.68913883917,711054.3463765427
LSZH,2019-02-01T00:00:00Z,DEP,9714,559301.0922563213,1852797.7598579105
LSZH,2019-03-01T00:00:00Z,ARR,10889,139009.887205018,744349.2811214754
LSZH,2019-03-01T00:00:00Z,DEP,10906,438896.7496967457,1878210.6441989313
LSZH,2019-04-01T00:00:00Z,ARR,11495,141596.31483832592,811050.7737818366
LSZH,2019-04-01T00:00:00Z,DEP,11507,466103.12815645593,1988746.02265212
LSZH,2019-05-01T00:00:00Z,ARR,12101,150599.23622764496,851043.2006935088
LSZH,2019-05-01T00:00:00Z,DEP,12133,449906.6084501715,2042756.0940037156
LSZH,2019-06-01T00:00:00Z,ARR,12210,152642.94618174847,862748.7261956476
LSZH,2019-06-01T00:00:00Z,DEP,12216,454594.0429249325,2049288.324225862
LSZH,2019-07-01T00:00:00Z,ARR,12725,176253.18044098117,927214.2883067824
LSZH,2019-07-01T00:00:00Z,DEP,12754,535813.3559898853,2234367.5955583216
LSZH,2019-08-01T00:00:00Z,ARR,12455,188642.9422451,932708.1275024202
LSZH,2019-08-01T00:00:00Z,DEP,12470,520017.7319836514,2192682.231102594
LSZH,2019-09-01T00:00:00Z,ARR,12057,173669.14118786898,882656.6555180786
LSZH,2019-09-01T00:00:00Z,DEP,12064,495155.67254429107,2088937.4893205024
LSZH,2019-10-01T00:00:00Z,ARR,11894,155271.2504320975,859931.3006893691
LSZH,2019-10-01T00:00:00Z,DEP,11931,434052.5044360981,2021530.0488787976
LSZH,2019-11-01T00:00:00Z,ARR,9831,123727.67268956498,717545.2843693808
LSZH,2019-11-01T00:00:00Z,DEP,9850,348877.62848288467,1685255.116381212
LSZH,2019-12-01T00:00:00Z,ARR,10004,140770.844981134,746231.1393730685
LSZH,2019-12-01T00:00:00Z,DEP,10040,449133.2398156297,1822995.5863304893
LSZH,2020-01-01T00:00:00Z,ARR,10104,138546.20241658133,767335.6353446061
LSZH,2020-01-01T00:00:00Z,DEP,10121,534860.3769654388,1930984.088047241
LSZH,2020-02-01T00:00:00Z,ARR,9194,119229.84166417064,650724.6101929352
LSZH,2020-02-01T00:00:00Z,DEP,9214,456008.6369871351,1680884.9600002116
LSZH,2020-03-01T00:00:00Z,ARR,5428,71786.78010446207,398706.167395152
LSZH,2020-03-01T00:00:00Z,DEP,5518,133025.06345184392,860203.9762217778
LSZH,2020-04-01T00:00:00Z,ARR,894,15525.154810821005,74165.74540262598
LSZH,2020-04-01T00:00:00Z,DEP,923,12360.130347577118,101524.51027422438
LSZH,2020-05-01T00:00:00Z,ARR,1386,22533.760916100324,111538.09198488123
LSZH,2020-05-01T00:00:00Z,DEP,1419,23590.45272672018,152866.98382794543
LSZH,2020-06-01T00:00:00Z,ARR,2418,32055.32804702224,163117.58982203045
LSZH,2020-06-01T00:00:00Z,DEP,2401,34126.14252128145,240834.28836022376
LSZH,2020-07-01T00:00:00Z,ARR,4765,62771.71604078757,318729.845079773
LSZH,2020-07-01T00:00:00Z,DEP,4810,69233.81982254393,544225.3394672563
LSZH,2020-08-01T00:00:00Z,ARR,5282,70336.72472410958,357192.33275539876
LSZH,2020-08-01T00:00:00Z,DEP,5284,71164.00197973529,591614.3402319875
LSZH,2020-09-01T00:00:00Z,ARR,4611,54734.96017124279,305093.1449256934
LSZH,2020-09-01T00:00:00Z,DEP,4655,60615.11017397498,513236.0166042714
LSZH,2020-10-01T00:00:00Z,ARR,4086,61111.1540267585,299411.5561629492
LSZH,2020-10-01T00:00:00Z,DEP,4130,60245.95204851503,499456.8420177696
LSZH,2020-11-01T00:00:00Z,ARR,2730,54779.691205112584,238358.02585555025
LSZH,2020-11-01T00:00:00Z,DEP,2760,57420.88414415655,341312.82344722253
LSZH,2020-12-01T00:00:00Z,ARR,3143,58803.83350597731,261730.49581785663
LSZH,2020-12-01T00:00:00Z,DEP,3182,102641.38649686046,451827.3365447275
LSZH,2021-01-01T00:00:00Z,ARR,2708,61594.53866953444,244075.6941508427
LSZH,2021-01-01T00:00:00Z,DEP,2739,151355.4746377006,502101.8380652564
LSZH,2021-02-01T00:00:00Z,ARR,2214,42803.27211098157,194160.4357029241
LSZH,2021-02-01T00:00:00Z,DEP,2252,62356.56138166838,317073.6497515831
LSZH,2021-03-01T00:00:00Z,ARR,2751,52640.725332094866,225420.56465641237
LSZH,2021-03-01T00:00:00Z,DEP,2762,56121.02303045187,339294.35252255405
LSZH,2021-04-01T00:00:00Z,ARR,3242,52638.86424636661,251507.1439568935
LSZH,2021-04-01T00:00:00Z,DEP,3283,61390.31133297051,405706.77032347594
LSZH,2021-05-01T00:00:00Z,ARR,3882,66312.1937402238,295871.49737986893
LSZH,2021-05-01T00:00:00Z,DEP,3896,58886.862795012195,451639.65754924726
LSZH,2021-06-01T00:00:00Z,ARR,4937,67672.40030787792,335694.4253790293
LSZH,2021-06-01T00:00:00Z,DEP,4939,85046.80230716214,566859.7618017758
LSZH,2021-07-01T00:00:00Z,ARR,7489,93890.83076949268,492216.444500527
LSZH,2021-07-01T00:00:00Z,DEP,7530,128333.72884948112,990599.7411203792
LSZH,2021-08-01T00:00:00Z,ARR,7935,99307.8412241729,523529.07618389145
LSZH,2021-08-01T00:00:00Z,DEP,7918,124741.72701619184,1029920.8801143536
LSZH,2021-09-01T00:00:00Z,ARR,7832,89299.82330645324,486058.7650201131
LSZH,2021-09-01T00:00:00Z,DEP,7866,146734.22625891567,997676.6363582588
LSZH,2021-10-01T00:00:00Z,ARR,8174,106383.20254597253,540477.4693687459
LSZH,2021-10-01T00:00:00Z,DEP,8222,187199.92554591093,1142404.7530718783
LSZH,2021-11-01T00:00:00Z,ARR,6545,82021.87198938573,437969.30019115313
LSZH,2021-11-01T00:00:00Z,DEP,6566,177824.02311229098,947576.3728578988
LSZH,2021-12-01T00:00:00Z,ARR,6871,93566.0230944138,470174.8740327632
LSZH,2021-12-01T00:00:00Z,DEP,6913,230509.44282709892,1073585.7791019832
