ICAO,MOF,N,N_VALID,TXIT,REF,ADD_TXIT,AVG_ADD_TXIT
SBBR,2019-01-01T00:00:00Z,5283,5283,36349.099999999926,22696.500000000175,14480.45000000004,2.7409521105432595
SBBR,2019-02-01T00:00:00Z,4710,4710,34887.0999999999,21537.500000000065,13953.730000000032,2.962575371549901
SBBR,2019-03-01T00:00:00Z,5119,5119,36558.6,22311.500000000065,14977.100000000048,2.925786286384069
SBBR,2019-04-01T00:00:00Z,4803,4803,30672.300000000014,20911.50000000012,10493.280000000002,2.1847345409119305
SBBR,2019-05-01T00:00:00Z,4807,4807,27617.099999999995,20466.400000000052,7771.910000000029,1.6167900977740854
SBBR,2019-06-01T00:00:00Z,4426,4426,23895.699999999993,18703.800000000076,5904.249999999999,1.3339923181201987
SBBR,2019-07-01T00:00:00Z,2671,2671,15036.700000000008,11862.500000000013,3588.600000000002,1.3435417446649203
SBBR,2019-08-01T00:00:00Z,4775,4775,33603.69999999998,19900.600000000086,14610.390000000067,3.0597675392670296
SBBR,2019-09-01T00:00:00Z,4848,4848,26790.500000000062,20550.70000000019,7127.430000000005,1.4701794554455456
SBBR,2019-10-01T00:00:00Z,5116,5116,39848.699999999975,22227.90000000016,18600.68999999998,3.6357877247849846
SBBR,2019-11-01T00:00:00Z,5125,5125,32603.00000000004,23350.200000000154,10064.420000000018,1.9637892682926865
SBBR,2019-12-01T00:00:00Z,5192,5192,39700.59999999987,23225.80000000021,17237.420000000035,3.3199961479198836
SBBR,2020-01-01T00:00:00Z,5314,5314,49205.80000000003,25167.200000000226,25674.78999999992,4.831537448249891
SBBR,2020-02-01T00:00:00Z,4669,4669,28798.300000000054,20658.10000000012,8887.860000000008,1.903589633754553
SBBR,2020-03-01T00:00:00Z,3676,3676,22653.300000000014,15970.099999999975,7304.700000000014,1.987132752992387
SBBR,2020-04-01T00:00:00Z,512,512,2996.4000000000033,2592.200000000006,570.48,1.11421875
SBBR,2020-05-01T00:00:00Z,290,290,1616.1999999999978,1205.3000000000006,487.80000000000007,1.6820689655172416
SBBR,2020-06-01T00:00:00Z,486,486,2783.700000000002,2469.400000000001,449.4499999999998,0.9247942386831272
SBBR,2020-07-01T00:00:00Z,1099,1099,6010.800000000002,5015.099999999985,1162.0100000000002,1.0573339399454051
SBBR,2020-08-01T00:00:00Z,1622,1622,8995.999999999998,7150.899999999979,2030.9899999999966,1.2521516646115884
SBBR,2020-09-01T00:00:00Z,2451,2451,13922.599999999997,10422.799999999994,3748.4500000000025,1.5293553651570797
SBBR,2020-10-01T00:00:00Z,3103,3103,18557.80000000004,13685.199999999935,5204.260000000001,1.6771704801804708
SBBR,2020-11-01T00:00:00Z,3103,3103,19118.699999999993,13696.499999999955,5705.93000000001,1.8388430551079633
SBBR,2020-12-01T00:00:00Z,3719,3719,22624.400000000034,16191.19999999996,6824.69000000002,1.835087389083092
SBBR,2021-01-01T00:00:00Z,3666,3666,21645.7,15715.699999999952,6287.9600000000055,1.7152100381887632
SBBR,2021-02-01T00:00:00Z,2796,2796,17387.800000000007,12666.999999999969,5011.269999999996,1.7922997138769656
SBBR,2021-03-01T00:00:00Z,2399,2399,13405.09999999999,10402.899999999974,3286.9600000000073,1.3701375573155512
SBBR,2021-04-01T00:00:00Z,1679,1679,9359.099999999975,7514.399999999993,2074.09,1.2353126861226922
SBBR,2021-05-01T00:00:00Z,2318,2318,12672.500000000033,10089.199999999977,2922.1200000000026,1.260621225194134
SBBR,2021-06-01T00:00:00Z,2666,2666,14875.800000000021,11458.399999999963,3730.3099999999936,1.399216054013501
SBBR,2021-07-01T00:00:00Z,3481,3481,19479.300000000014,14968.600000000015,4894.279999999999,1.4059982763573682
SBBR,2021-08-01T00:00:00Z,3522,3522,20056.400000000016,14898.700000000033,5520.390000000008,1.5674020442930174
SBBR,2021-09-01T00:00:00Z,3912,3912,22797.099999999984,16788.600000000006,6380.979999999976,1.6311298568507095
SBBR,2021-10-01T00:00:00Z,4031,4031,25047.799999999977,17707.89999999997,7712.039999999998,1.9131828330439093
SBBR,2021-11-01T00:00:00Z,4181,4181,26269.499999999975,19111.099999999926,7594.730000000011,1.8164864864864891
SBBR,2021-12-01T00:00:00Z,4680,4680,29570.700000000023,21060.700000000063,8984.090000000024,1.9196773504273554
SBBR,2022-01-01T00:00:00Z,4528,4528,27653.89999999995,20421.40000000007,7711.010000000022,1.7029615724381675
SBBR,2022-02-01T00:00:00Z,3520,3520,21983.900000000012,15925.599999999939,6385.15,1.8139630681818182
SBBR,2022-03-01T00:00:00Z,3859,3859,22097.300000000047,16179.899999999996,6289.120000000007,1.629727908784661
SBBR,2022-04-01T00:00:00Z,3607,3607,20554.599999999995,15082.90000000002,5857.320000000007,1.6238757970612716
SBBR,2022-05-01T00:00:00Z,3921,3921,22765.4,16668.8,6512.790000000013,1.6610022953328265
SBBR,2022-06-01T00:00:00Z,3711,3711,20618.700000000004,15195.5,5804.21000000001,1.564055510644034
SBCF,2019-01-01T00:00:00Z,4243,4243,16308.499999999987,10138.699999999959,6607.8100000000095,1.5573438604760805
SBCF,2019-02-01T00:00:00Z,3810,3810,15925.299999999981,9156.499999999982,7188.76999999999,1.8868162729658768
SBCF,2019-03-01T00:00:00Z,3997,3997,16361.999999999996,9606.199999999963,7217.3500000000195,1.8056917688266247
SBCF,2019-04-01T00:00:00Z,3875,3875,15212.99999999998,9372.299999999963,6314.0300000000025,1.6294270967741942
SBCF,2019-05-01T00:00:00Z,4002,4002,14953.300000000008,9616.999999999976,5776.6500000000005,1.4434407796101951
SBCF,2019-06-01T00:00:00Z,3961,3961,14790.199999999995,9456.29999999996,5781.4300000000085,1.4595884877556193
SBCF,2019-07-01T00:00:00Z,2314,2314,8506.500000000011,5573.500000000005,3225.1400000000076,1.393751080380297
SBCF,2019-08-01T00:00:00Z,4228,4228,20164.09999999996,10074.29999999992,10546.800000000012,2.4945127719962183
SBCF,2019-09-01T00:00:00Z,4076,4076,15840.100000000031,9687.499999999973,6522.940000000018,1.600328753680083
SBCF,2019-10-01T00:00:00Z,4236,4236,18103.099999999995,10082.99999999997,8580.350000000011,2.025578375826254
SBCF,2019-11-01T00:00:00Z,3975,3975,14489.399999999987,9651.399999999978,5360.229999999993,1.3484855345911932
SBCF,2019-12-01T00:00:00Z,4104,4104,17469.099999999995,10076.699999999977,7905.29999999999,1.926242690058477
SBCF,2020-01-01T00:00:00Z,4272,4272,22218.199999999964,10606.999999999976,12224.779999999988,2.861605805243443
SBCF,2020-02-01T00:00:00Z,3766,3766,13984.599999999997,9259.399999999983,5094.460000000016,1.3527509293680342
SBCF,2020-03-01T00:00:00Z,2816,2816,10382.400000000003,6793.800000000024,3863.499999999995,1.3719815340909074
SBCF,2020-04-01T00:00:00Z,496,496,1752.8000000000004,1099.1999999999964,760.2,1.5326612903225807
SBCF,2020-05-01T00:00:00Z,290,290,1024.2000000000005,624.3999999999992,430.80000000000024,1.4855172413793112
SBCF,2020-06-01T00:00:00Z,334,334,981.6000000000001,707.9999999999986,310.7700000000001,0.9304491017964075
SBCF,2020-07-01T00:00:00Z,472,472,1493.4,1044.8999999999967,478.01000000000005,1.0127330508474577
SBCF,2020-08-01T00:00:00Z,746,746,2305.1000000000013,1621.3000000000015,758.0599999999994,1.0161662198391412
SBCF,2020-09-01T00:00:00Z,1147,1147,3677.6999999999994,2530.600000000008,1245.9600000000016,1.0862772449869238
SBCF,2020-10-01T00:00:00Z,1814,1814,6313.500000000005,4219.400000000018,2212.900000000001,1.2199007717750832
SBCF,2020-11-01T00:00:00Z,2249,2249,8031.399999999986,5306.499999999998,2882.8400000000033,1.281831925300135
SBCF,2020-12-01T00:00:00Z,2743,2743,9694.699999999983,6386.300000000012,3510.7000000000107,1.2798760481224976
SBCF,2021-01-01T00:00:00Z,3018,3018,11213.60000000004,6866.599999999993,4506.409999999995,1.4931776010603033
SBCF,2021-02-01T00:00:00Z,2149,2149,8096.099999999989,5040.000000000005,3177.8800000000065,1.4787715216379742
SBCF,2021-03-01T00:00:00Z,2161,2161,7657.5999999999985,5003.300000000001,2784.669999999995,1.288602498843126
SBCF,2021-04-01T00:00:00Z,1681,1681,5322.100000000012,3693.100000000016,1764.5700000000004,1.0497144556811424
SBCF,2021-05-01T00:00:00Z,1919,1919,6265.399999999989,4395.500000000017,2013.5700000000013,1.0492808754559673
SBCF,2021-06-01T00:00:00Z,2113,2113,6976.900000000009,4767.100000000015,2351.5699999999993,1.1129058211074299
SBCF,2021-07-01T00:00:00Z,2761,2761,9499.499999999982,6306.6000000000095,3374.129999999996,1.2220680912712771
SBCF,2021-08-01T00:00:00Z,2760,2760,9046.599999999984,6194.700000000009,3030.7500000000064,1.098097826086959
SBCF,2021-09-01T00:00:00Z,2998,2998,10310.499999999985,6931.100000000005,3576.360000000001,1.1929152768512346
SBCF,2021-10-01T00:00:00Z,3067,3067,14165.500000000007,7122.700000000002,7127.979999999983,2.3240886860123844
SBCF,2021-11-01T00:00:00Z,3097,3097,12826.199999999986,7824.2000000000035,5197.260000000002,1.6781595092024546
SBCF,2021-12-01T00:00:00Z,3588,3588,14302.399999999994,9178.299999999983,5483.449999999997,1.5282748049052388
SBCF,2022-01-01T00:00:00Z,3385,3385,11442.500000000024,8684.70000000004,3814.8000000000084,1.126971935007388
SBCF,2022-02-01T00:00:00Z,2799,2799,11119.10000000003,7130.900000000036,4163.130000000003,1.487363344051448
SBCF,2022-03-01T00:00:00Z,3210,3210,12015.600000000039,8148.20000000005,4110.480000000003,1.2805233644859824
SBCF,2022-04-01T00:00:00Z,3426,3426,12855.500000000004,8659.200000000023,4436.310000000005,1.2948949211908947
SBCF,2022-05-01T00:00:00Z,3728,3728,13808.39999999995,9427.499999999949,4650.310000000003,1.2474007510729621
SBCF,2022-06-01T00:00:00Z,3605,3605,13350.499999999995,9145.200000000004,4489.329999999997,1.2453065187239938
SBCF,2022-07-01T00:00:00Z,1,1,7.9,2.3,5.6,5.6
SBCT,2019-01-01T00:00:00Z,2438,2438,10624.200000000004,6453.900000000013,4434.800000000005,1.8190319934372456
SBCT,2019-02-01T00:00:00Z,2396,2396,9788.399999999981,5564.8999999999705,4478.630000000003,1.8692111853088493
SBCT,2019-03-01T00:00:00Z,2491,2491,10192.19999999998,5799.900000000011,4722.390000000003,1.8957808109193108
SBCT,2019-04-01T00:00:00Z,2396,2396,8613.600000000004,5580.19999999998,3361.250000000002,1.4028589315525883
SBCT,2019-05-01T00:00:00Z,2392,2392,8999.400000000018,5980.599999999976,3365.109999999997,1.4068185618729083
SBCT,2019-06-01T00:00:00Z,2306,2306,8501.69999999999,5747.699999999975,3048.1100000000015,1.321816999132698
SBCT,2019-07-01T00:00:00Z,1320,1320,5437.100000000009,3763.599999999995,1854.5199999999998,1.4049393939393937
SBCT,2019-08-01T00:00:00Z,2575,2575,12196.800000000008,5939.800000000046,6630.190000000001,2.5748310679611657
SBCT,2019-09-01T00:00:00Z,2589,2589,10136.4,5910.200000000048,4584.030000000003,1.7705793742757834
SBCT,2019-10-01T00:00:00Z,2668,2668,12679.899999999998,5935.599999999978,7124.379999999992,2.6703073463268336
SBCT,2019-11-01T00:00:00Z,2605,2605,8496.200000000015,5360.700000000009,3475.309999999997,1.3340921305182332
SBCT,2019-12-01T00:00:00Z,2673,2673,11595.200000000004,5980.599999999984,6064.520000000001,2.2688065843621406
SBCT,2020-01-01T00:00:00Z,2582,2582,14508.69999999998,6046.300000000005,8946.770000000002,3.4650542215336957
SBCT,2020-02-01T00:00:00Z,2278,2278,7649.700000000003,4901.600000000007,3040.5800000000017,1.3347585601404748
SBCT,2020-03-01T00:00:00Z,1703,1703,5452,3490.599999999987,2171.420000000002,1.2750557839107468
SBCT,2020-04-01T00:00:00Z,268,268,966.6000000000001,591.3999999999999,391.94000000000005,1.4624626865671644
SBCT,2020-05-01T00:00:00Z,144,144,501.90000000000003,391.7000000000003,128.90000000000003,0.8951388888888892
SBCT,2020-06-01T00:00:00Z,218,218,855.3000000000001,587.3000000000002,284.98999999999995,1.3072935779816512
SBCT,2020-07-01T00:00:00Z,251,251,1388.0999999999988,704.1999999999999,688.4399999999999,2.7427888446215136
SBCT,2020-08-01T00:00:00Z,344,344,1291.0999999999995,811.8000000000004,503.02999999999986,1.4622965116279065
SBCT,2020-09-01T00:00:00Z,506,506,1807.2000000000007,1158.0000000000005,675.3099999999995,1.334604743083003
SBCT,2020-10-01T00:00:00Z,904,904,2734.4000000000024,1916.2999999999965,872.1199999999994,0.9647345132743357
SBCT,2020-11-01T00:00:00Z,1098,1098,3510.1000000000054,2363.499999999991,1216.779999999999,1.1081785063752267
SBCT,2020-12-01T00:00:00Z,1202,1202,4088.9000000000037,2858.8999999999996,1319.5599999999986,1.0978036605657226
SBCT,2021-01-01T00:00:00Z,1193,1193,4254.800000000005,2839.7999999999984,1489.98,1.2489354568315172
SBCT,2021-02-01T00:00:00Z,962,962,3055.1999999999975,2163.699999999996,952.5399999999995,0.9901663201663197
SBCT,2021-03-01T00:00:00Z,754,754,2662.200000000002,1871.2999999999993,842.8599999999997,1.1178514588859412
SBCT,2021-04-01T00:00:00Z,519,519,1487.9999999999998,1020.9000000000012,496.09,0.9558574181117533
SBCT,2021-05-01T00:00:00Z,708,708,2405.2,1678.3999999999944,775.5500000000004,1.0954096045197745
SBCT,2021-06-01T00:00:00Z,903,903,3199.3000000000006,2171.2,1073.6799999999994,1.1890143964562563
SBCT,2021-07-01T00:00:00Z,1100,1100,4151.9,2926.899999999997,1293.789999999999,1.1761727272727265
SBCT,2021-08-01T00:00:00Z,1219,1219,4034.599999999999,2813.499999999985,1284.54,1.0537653814602133
SBCT,2021-09-01T00:00:00Z,1487,1487,5686.900000000006,3577.9999999999845,2184.720000000001,1.469213180901144
SBCT,2021-10-01T00:00:00Z,1508,1508,5274.700000000005,3221.399999999986,2122.229999999998,1.407314323607426
SBCT,2021-11-01T00:00:00Z,1688,1688,5141.599999999996,3504.799999999995,1740.180000000002,1.0309123222748828
SBCT,2021-12-01T00:00:00Z,1807,1807,5465.100000000011,3575.3999999999833,2008.610000000001,1.1115716657443282
SBCT,2022-01-01T00:00:00Z,1548,1548,5086.600000000002,3425.2999999999897,1781.730000000001,1.1509883720930238
SBCT,2022-02-01T00:00:00Z,1393,1393,4524.199999999998,3112.1999999999834,1515.6099999999994,1.0880186647523327
SBCT,2022-03-01T00:00:00Z,1785,1785,6428.899999999999,4406.199999999983,2152.8300000000013,1.206067226890757
SBCT,2022-04-01T00:00:00Z,1970,1970,6797.000000000001,4784.199999999982,2200.3100000000013,1.116908629441625
SBCT,2022-05-01T00:00:00Z,2248,2248,8652.000000000011,5906.0999999999885,2899.489999999999,1.2898087188612095
SBCT,2022-06-01T00:00:00Z,2073,2073,7789.899999999998,5528.699999999984,2410.190000000002,1.1626579835986501
SBGL,2019-01-01T00:00:00Z,4432,4432,32577.000000000004,17206.899999999452,16127.47999999998,3.63887184115523
SBGL,2019-02-01T00:00:00Z,3498,3498,27857.699999999993,13953.99999999933,14534.259999999978,4.1550200114350995
SBGL,2019-03-01T00:00:00Z,3676,3676,32038.30000000001,14996.499999999436,17592.07999999995,4.785658324265492
SBGL,2019-04-01T00:00:00Z,3001,3001,20876.89999999999,11543.499999999383,9810.52000000002,3.2690836387870776
SBGL,2019-05-01T00:00:00Z,3023,3023,19174.899999999998,11379.399999999736,8269.170000000011,2.7354184584849524
SBGL,2019-06-01T00:00:00Z,2906,2906,18938.30000000003,11102.09999999942,8288.33000000001,2.8521438403303545
SBGL,2019-07-01T00:00:00Z,1904,1904,13412.599999999968,8034.79999999959,5689.100000000006,2.9879726890756335
SBGL,2019-08-01T00:00:00Z,4250,4250,35480.4,16954.799999999443,19418.379999999932,4.569030588235278
SBGL,2019-09-01T00:00:00Z,5704,5704,36943.09999999999,23026.500000001415,14808.009999999964,2.5960746844319713
SBGL,2019-10-01T00:00:00Z,3545,3545,31510.599999999977,14598.099999999531,17891.229999999974,5.046891396332856
SBGL,2019-11-01T00:00:00Z,3507,3507,25889.400000000034,14443.199999999551,12061.719999999994,3.4393270601653816
SBGL,2019-12-01T00:00:00Z,3966,3966,28672.299999999977,15810.39999999928,13563.779999999955,3.4200151285930294
SBGL,2020-01-01T00:00:00Z,3485,3485,29672.699999999997,13801.89999999941,16606.199999999964,4.765050215208024
SBGL,2020-02-01T00:00:00Z,3109,3109,20983.8,12705.199999999812,8792.84000000001,2.828189128337089
SBGL,2020-03-01T00:00:00Z,2066,2066,12732.600000000015,8350.799999999654,4751.240000000003,2.2997289448209117
SBGL,2020-04-01T00:00:00Z,247,247,1031.3000000000002,848.1999999999966,302.15000000000003,1.2232793522267207
SBGL,2020-05-01T00:00:00Z,159,159,657.0999999999997,543.5999999999985,191.41999999999996,1.203899371069182
SBGL,2020-06-01T00:00:00Z,280,280,1229.0999999999995,953.7999999999957,363.82,1.2993571428571429
SBGL,2020-07-01T00:00:00Z,472,472,2090.7000000000007,1625.8000000000116,583.5400000000003,1.2363135593220345
SBGL,2020-08-01T00:00:00Z,709,709,3281.6000000000013,2455.6000000000254,942.2499999999993,1.328984485190408
SBGL,2020-09-01T00:00:00Z,753,753,3632.9000000000024,2748.900000000034,1025.2100000000003,1.3615006640106244
SBGL,2020-10-01T00:00:00Z,1039,1039,5585.600000000004,3925.700000000075,1824.22,1.7557459095283927
SBGL,2020-11-01T00:00:00Z,876,876,4324.699999999997,2983.8000000000466,1431.4400000000007,1.63406392694064
SBGL,2020-12-01T00:00:00Z,1135,1135,5752.999999999996,3881.8000000000684,1990.2600000000023,1.753533039647579
SBGL,2021-01-01T00:00:00Z,1150,1150,6051.700000000003,4325.600000000035,1859.4399999999985,1.6169043478260856
SBGL,2021-02-01T00:00:00Z,744,744,3537.699999999994,2531.400000000035,1117.1999999999987,1.5016129032258048
SBGL,2021-03-01T00:00:00Z,533,533,2435.6,1816.4000000000158,731.4499999999995,1.37232645403377
SBGL,2021-04-01T00:00:00Z,400,400,2196.699999999999,1459.6000000000076,821.1999999999995,2.0529999999999986
SBGL,2021-05-01T00:00:00Z,614,614,3019,2112.8000000000234,994.5499999999998,1.6197882736156348
SBGL,2021-06-01T00:00:00Z,685,685,3423.4999999999964,2345.8000000000293,1161.5799999999979,1.6957372262773691
SBGL,2021-07-01T00:00:00Z,1208,1208,6524.9999999999945,4547.300000000023,2079.8100000000004,1.72169701986755
SBGL,2021-08-01T00:00:00Z,1173,1173,5673.600000000005,4032.0000000000696,1805.0999999999974,1.538874680306903
SBGL,2021-09-01T00:00:00Z,1429,1429,6993.399999999989,4890.399999999999,2275.2799999999975,1.5922183344996483
SBGL,2021-10-01T00:00:00Z,1335,1335,7063.699999999987,5077.899999999947,2145.3300000000017,1.6069887640449452
SBGL,2021-11-01T00:00:00Z,1357,1357,6689.500000000003,4668.400000000008,2190.399999999998,1.614148857774501
SBGL,2021-12-01T00:00:00Z,1709,1709,8591.700000000003,5968.199999999887,2838.569999999997,1.6609537741369205
SBGL,2022-01-01T00:00:00Z,1786,1786,8939.800000000012,6224.499999999861,2919.1799999999935,1.634479283314666
SBGL,2022-02-01T00:00:00Z,1439,1439,7560.5999999999995,4985.199999999976,2696.0300000000025,1.8735441278665756
SBGL,2022-03-01T00:00:00Z,1476,1476,8435.30000000001,5597.099999999905,2958.909999999999,2.0046815718157176
SBGL,2022-04-01T00:00:00Z,1008,1008,5566.300000000006,3450.0000000000564,2172.1600000000003,2.1549206349206353
SBGL,2022-05-01T00:00:00Z,1009,1009,8983.599999999991,6148.399999999878,2919.090000000004,2.8930525272547114
SBGL,2022-06-01T00:00:00Z,982,982,5288.900000000002,3353.4000000000547,1974.579999999999,2.010773930753563
SBGR,2019-01-01T00:00:00Z,11923,11923,111304.20000000033,63894.400000002475,49672.80999999986,4.166133523442075
SBGR,2019-02-01T00:00:00Z,10469,10469,100720.7000000003,55738.20000000128,47593.8199999997,4.546166778106763
SBGR,2019-03-01T00:00:00Z,11106,11106,108839.40000000037,61174.200000002136,50452.89999999972,4.542850711327185
SBGR,2019-04-01T00:00:00Z,10350,10350,90919.10000000021,56631.90000000199,36959.13999999991,3.5709314009661752
SBGR,2019-05-01T00:00:00Z,9489,9489,78738.49999999974,50999.400000001064,29748.5700000001,3.1350584887764885
SBGR,2019-06-01T00:00:00Z,9571,9571,79118.90000000036,52222.30000000136,28969.05000000003,3.0267526904189768
SBGR,2019-07-01T00:00:00Z,5769,5769,45561.600000000115,30455.999999999687,16446.200000000037,2.850788698214602
SBGR,2019-08-01T00:00:00Z,11052,11052,101538.50000000044,62108.80000000241,42733.91999999997,3.866623235613461
SBGR,2019-09-01T00:00:00Z,10967,10967,90388.60000000008,61849.90000000243,31419.69000000001,2.8649302452812995
SBGR,2019-10-01T00:00:00Z,11057,11057,106070.1,63389.90000000258,46082.289999999666,4.167702812697808
SBGR,2019-11-01T00:00:00Z,10845,10845,90706.09999999918,60254.20000000162,32959.17999999998,3.039112955278928
SBGR,2019-12-01T00:00:00Z,12244,12244,121156.89999999956,65951.4000000021,57915.10999999979,4.730080855929418
SBGR,2020-01-01T00:00:00Z,11242,11242,127676.19999999966,58968.40000000126,71528.93999999994,6.36265255292652
SBGR,2020-02-01T00:00:00Z,9900,9900,77938.29999999986,52405.800000000876,27467.59000000016,2.7745040404040564
SBGR,2020-03-01T00:00:00Z,7864,7864,62354.59999999988,44671.10000000066,19512.649999999947,2.481262716174968
SBGR,2020-04-01T00:00:00Z,2464,2464,15877.199999999975,13059.300000000001,3791.0900000000033,1.5385917207792221
SBGR,2020-05-01T00:00:00Z,1512,1512,9309.499999999993,7317.499999999953,2397.270000000001,1.5854960317460323
SBGR,2020-06-01T00:00:00Z,1847,1847,11928.800000000005,9810.999999999987,2718.4900000000034,1.471840822956147
SBGR,2020-07-01T00:00:00Z,2860,2860,17812.500000000022,14962.400000000025,3765.5999999999995,1.3166433566433564
SBGR,2020-08-01T00:00:00Z,3865,3865,25436.699999999917,21789.8999999998,4930.170000000012,1.2755937904269112
SBGR,2020-09-01T00:00:00Z,4793,4793,31798.699999999975,26521.799999999857,6689.370000000004,1.3956540788650125
SBGR,2020-10-01T00:00:00Z,5879,5879,38937.00000000006,32122.39999999971,8460.52000000003,1.4391086919544192
SBGR,2020-11-01T00:00:00Z,6262,6262,44087.7,35101.59999999981,10572.30000000002,1.688326413286493
SBGR,2020-12-01T00:00:00Z,7391,7391,54648.50000000002,39642.09999999996,16577.330000000027,2.242907590312546
SBGR,2021-01-01T00:00:00Z,7414,7414,53204.59999999995,39694.59999999996,14997.9,2.0229161046668462
SBGR,2021-02-01T00:00:00Z,5783,5783,39837.49999999976,31865.49999999966,9400.820000000043,1.6255957115683977
SBGR,2021-03-01T00:00:00Z,4948,4948,32779.600000000035,26577.599999999762,7484.819999999976,1.5126960388035522
SBGR,2021-04-01T00:00:00Z,3905,3905,26280.300000000017,21911.59999999991,5464.369999999985,1.3993265044814303
SBGR,2021-05-01T00:00:00Z,5005,5005,32999.09999999993,26608.099999999802,7769.359999999998,1.55231968031968
SBGR,2021-06-01T00:00:00Z,5684,5684,39250.19999999985,31477.799999999737,9338.990000000007,1.643031315974667
SBGR,2021-07-01T00:00:00Z,7286,7286,50590.99999999994,40345.20000000015,12209.830000000004,1.6757933022234428
SBGR,2021-08-01T00:00:00Z,6780,6780,48578.50000000003,39037.40000000015,11268.399999999989,1.6620058997050131
SBGR,2021-09-01T00:00:00Z,7129,7129,51068.29999999982,40262.600000000304,12585.040000000003,1.7653303408612713
SBGR,2021-10-01T00:00:00Z,7362,7362,53914.399999999834,41763.10000000042,13949.589999999973,1.8948098342841582
SBGR,2021-11-01T00:00:00Z,7953,7953,57769.19999999996,43575.80000000058,15889.859999999986,1.9979705771407
SBGR,2021-12-01T00:00:00Z,8709,8709,67557.6000000001,49489.500000000786,20015.999999999993,2.2983120909404056
SBGR,2022-01-01T00:00:00Z,8227,8227,60346.59999999986,43195.59999999993,18593.06000000002,2.260004862039628
SBGR,2022-02-01T00:00:00Z,7019,7019,52084.0000000001,38772.0000000003,14727.490000000029,2.098231941872066
SBGR,2022-03-01T00:00:00Z,7638,7638,57489.40000000045,41162.200000000375,17652.829999999954,2.3111848651479385
SBGR,2022-04-01T00:00:00Z,7212,7212,54022.900000000045,40387.80000000017,14997.85999999998,2.0795701608430366
SBGR,2022-05-01T00:00:00Z,7663,7663,54445.20000000009,40127.50000000012,15615.290000000014,2.037751533342035
SBGR,2022-06-01T00:00:00Z,7528,7528,56688.800000000214,41560.20000000031,16336.180000000011,2.170055791710947
SBGR,2022-07-01T00:00:00Z,4,4,36.099999999999994,22.799999999999997,14.89,3.7225
SBKP,2019-01-01T00:00:00Z,4716,4716,28366.00000000006,18150.4000000002,11574.729999999998,2.4543532654792193
SBKP,2019-02-01T00:00:00Z,4408,4408,26907.899999999994,17205.40000000014,11089.029999999972,2.5156601633393767
SBKP,2019-03-01T00:00:00Z,4605,4605,28908.299999999974,18519.300000000345,11735.560000000023,2.5484386536373558
SBKP,2019-04-01T00:00:00Z,4576,4576,28015.199999999983,18286.900000000158,11093.53,2.4242854020979023
SBKP,2019-05-01T00:00:00Z,4680,4680,29377.600000000002,18656.500000000193,11907.860000000019,2.5444145299145338
SBKP,2019-06-01T00:00:00Z,4511,4511,28596.600000000017,17752.700000000168,11993.689999999999,2.658765240523165
SBKP,2019-07-01T00:00:00Z,2486,2486,16635.9,9956.699999999943,7346.010000000007,2.9549517296862455
SBKP,2019-08-01T00:00:00Z,4768,4768,30026.300000000007,19670.500000000346,11966.94999999998,2.5098468959731504
SBKP,2019-09-01T00:00:00Z,4532,4532,28513.400000000027,18815.600000000373,11180.279999999997,2.466963812886142
SBKP,2019-10-01T00:00:00Z,4673,4673,27941.299999999985,19457.30000000024,10265.580000000013,2.196785790712607
SBKP,2019-11-01T00:00:00Z,4314,4314,26020.10000000004,17794.700000000226,9790.72000000001,2.2695224849327795
SBKP,2019-12-01T00:00:00Z,4221,4221,25418.50000000006,17217.30000000022,9522.299999999997,2.25593461265103
SBKP,2020-01-01T00:00:00Z,4158,4158,25794.400000000027,16604.70000000021,10399.629999999996,2.501113516113515
SBKP,2020-02-01T00:00:00Z,3818,3818,23920.500000000033,15340.600000000106,9502.449999999977,2.488855421686741
SBKP,2020-03-01T00:00:00Z,2817,2817,18586.299999999985,12059.600000000006,7058.4100000000035,2.5056478523251697
SBKP,2020-04-01T00:00:00Z,1303,1303,8286.800000000007,5784.299999999991,2623.1499999999987,2.013161933998464
SBKP,2020-05-01T00:00:00Z,815,815,4400.600000000001,3087.7999999999965,1437.4099999999992,1.7636932515337413
SBKP,2020-06-01T00:00:00Z,595,595,3014.2999999999993,2281.2999999999975,908.5599999999997,1.526991596638655
SBKP,2020-07-01T00:00:00Z,778,778,3502.200000000001,3031.499999999998,829.2499999999995,1.0658740359897165
SBKP,2020-08-01T00:00:00Z,948,948,5588.5999999999985,3972.199999999994,1789.1199999999985,1.8872573839662432
SBKP,2020-09-01T00:00:00Z,1995,1995,13046.099999999991,8147.0999999999185,4986.980000000007,2.4997393483709307
SBKP,2020-10-01T00:00:00Z,3289,3289,21605.00000000002,13337.900000000001,8410.79000000001,2.5572484037701457
SBKP,2020-11-01T00:00:00Z,3754,3754,24144.30000000002,15187.800000000097,9129.669999999984,2.431984549813528
SBKP,2020-12-01T00:00:00Z,3972,3972,25092.100000000035,15326.30000000012,10002.919999999995,2.5183585095669674
SBKP,2021-01-01T00:00:00Z,4051,4051,25300.49999999998,15681.100000000099,9847.370000000014,2.430849173043696
SBKP,2021-02-01T00:00:00Z,3443,3443,21262.50000000001,13763.50000000007,7711.199999999997,2.2396747022945096
SBKP,2021-03-01T00:00:00Z,3688,3688,23024.399999999965,14606.000000000058,8636.799999999988,2.341865509761385
SBKP,2021-04-01T00:00:00Z,3054,3054,18343.6,13026.900000000023,5533.740000000002,1.8119646365422402
SBKP,2021-05-01T00:00:00Z,3571,3571,21330.19999999997,14495.300000000076,7079.050000000011,1.9823718846261582
SBKP,2021-06-01T00:00:00Z,3774,3774,22130.500000000015,15488.10000000012,6959.900000000004,1.8441706412294658
SBKP,2021-07-01T00:00:00Z,4173,4173,23424.60000000005,16924.900000000107,7058.089999999993,1.6913707165109018
SBKP,2021-08-01T00:00:00Z,4600,4600,28075.399999999983,18952.100000000315,9412.350000000008,2.0461630434782627
SBKP,2021-09-01T00:00:00Z,4347,4347,26918.900000000085,17834.70000000014,9317.899999999996,2.143524269611225
SBKP,2021-10-01T00:00:00Z,4561,4561,28382.099999999937,18688.700000000143,9957.36000000001,2.1831528173646153
SBKP,2021-11-01T00:00:00Z,4516,4516,27637.799999999967,18305.00000000032,9642.230000000029,2.135126217891946
SBKP,2021-12-01T00:00:00Z,4614,4614,29178.99999999997,18740.900000000194,10741.060000000029,2.327928045080197
SBKP,2022-01-01T00:00:00Z,3816,3816,23036.099999999962,14917.100000000095,8448.92000000001,2.2140775681341744
SBKP,2022-02-01T00:00:00Z,4127,4127,24909.699999999997,16509.3000000001,8840.720000000016,2.1421662224376097
SBKP,2022-03-01T00:00:00Z,4738,4738,28636.700000000037,18562.300000000236,10512.939999999982,2.2188560574081855
SBKP,2022-04-01T00:00:00Z,4975,4975,31387.800000000057,20029.300000000316,11809.439999999973,2.3737567839195926
SBKP,2022-05-01T00:00:00Z,5473,5473,34660.89999999996,21217.000000000175,13881.75999999997,2.53640782020829
SBKP,2022-06-01T00:00:00Z,4821,4821,30486.39999999996,19311.00000000024,11635.399999999985,2.4134826799419176
SBKP,2022-07-01T00:00:00Z,2,2,11,9,2.11,1.055
SBPA,2019-01-01T00:00:00Z,2798,2798,13353.200000000006,7552.49999999995,6196.050000000014,2.2144567548248797
SBPA,2019-02-01T00:00:00Z,2634,2634,13519.700000000012,7437.299999999958,6503.490000000007,2.4690546697038753
SBPA,2019-03-01T00:00:00Z,2645,2645,12552.300000000005,7295.299999999971,5692.600000000007,2.1522117202268456
SBPA,2019-04-01T00:00:00Z,2594,2594,13420.400000000001,7603.399999999967,6270.27,2.4172205088666154
SBPA,2019-05-01T00:00:00Z,2581,2581,14108.800000000003,7822.599999999996,6544.299999999999,2.5355676094537
SBPA,2019-06-01T00:00:00Z,2514,2514,11933.899999999992,6977.600000000045,5245.979999999993,2.0867064439140783
SBPA,2019-07-01T00:00:00Z,1478,1478,6457.899999999995,3686.200000000001,2989.050000000002,2.0223612990527755
SBPA,2019-08-01T00:00:00Z,2886,2886,16684.30000000002,7876.200000000024,9295.970000000012,3.2210568260568304
SBPA,2019-09-01T00:00:00Z,2768,2768,13101.400000000003,7835.500000000101,5749.410000000015,2.077098988439312
SBPA,2019-10-01T00:00:00Z,2892,2892,16092.100000000006,7939.10000000005,8665.920000000022,2.996514522821584
SBPA,2019-11-01T00:00:00Z,2764,2764,11699.500000000004,7724.300000000088,4403.600000000009,1.5931982633863997
SBPA,2019-12-01T00:00:00Z,3020,3020,14839.60000000001,7797.000000000068,7467.279999999994,2.472609271523177
SBPA,2020-01-01T00:00:00Z,2935,2935,18084.19999999999,7658.2000000000635,10962.179999999997,3.734984667802384
SBPA,2020-02-01T00:00:00Z,2581,2581,9802.700000000004,6916.600000000023,3396.0199999999986,1.3157768306857802
SBPA,2020-03-01T00:00:00Z,1914,1914,7620.900000000014,5381.700000000009,2651.980000000003,1.3855694879832827
SBPA,2020-04-01T00:00:00Z,302,302,1177.6000000000004,732.1999999999994,470.65999999999974,1.558476821192052
SBPA,2020-05-01T00:00:00Z,157,157,551.8000000000001,379.50000000000045,189.22,1.2052229299363058
SBPA,2020-06-01T00:00:00Z,226,226,889.6999999999996,583.4000000000002,325.22999999999996,1.4390707964601768
SBPA,2020-07-01T00:00:00Z,357,357,1241.2000000000005,890.3999999999992,391.14000000000027,1.0956302521008412
SBPA,2020-08-01T00:00:00Z,398,398,1523.6000000000006,1081.1000000000024,468.58000000000004,1.1773366834170855
SBPA,2020-09-01T00:00:00Z,640,640,2344.800000000001,1708.2999999999984,701.7199999999991,1.0964374999999986
SBPA,2020-10-01T00:00:00Z,1075,1075,4100.899999999994,2931.4999999999955,1269.1599999999976,1.18061395348837
SBPA,2020-11-01T00:00:00Z,1402,1402,5537.400000000002,4000.8999999999787,1668.2000000000005,1.189871611982882
SBPA,2020-12-01T00:00:00Z,1703,1703,6876.300000000004,4711.8999999999805,2280.6900000000005,1.33921902524956
SBPA,2021-01-01T00:00:00Z,1781,1781,6905.000000000004,4794.0999999999995,2275.6599999999976,1.277742841100504
SBPA,2021-02-01T00:00:00Z,1316,1316,4568.000000000002,3317.0999999999904,1360.0799999999992,1.0334954407294827
SBPA,2021-03-01T00:00:00Z,1035,1035,3795.700000000006,2685.0999999999963,1185.7700000000013,1.1456714975845423
SBPA,2021-04-01T00:00:00Z,687,687,2684.0999999999985,1859.3999999999967,882.9299999999986,1.2851965065502162
SBPA,2021-05-01T00:00:00Z,930,930,3300.700000000003,2231.7999999999984,1138.5800000000004,1.2242795698924736
SBPA,2021-06-01T00:00:00Z,1265,1265,4916.400000000004,3196.199999999994,1803.6699999999992,1.4258260869565211
SBPA,2021-07-01T00:00:00Z,1662,1662,6480.89999999999,4203.1999999999825,2406.2999999999997,1.4478339350180505
SBPA,2021-08-01T00:00:00Z,1822,1822,7455.499999999982,5232.59999999999,2382.409999999999,1.30757958287596
SBPA,2021-09-01T00:00:00Z,1798,1798,7001.300000000003,4769.19999999998,2366.480000000001,1.3161735261401561
SBPA,2021-10-01T00:00:00Z,1826,1826,6940.7999999999975,5050.599999999991,2026.2299999999952,1.1096549835706435
SBPA,2021-11-01T00:00:00Z,2214,2214,8765.099999999993,6063.900000000011,2872.380000000003,1.2973712737127383
SBPA,2021-12-01T00:00:00Z,2423,2423,9832.500000000005,7066.199999999999,2954.700000000004,1.2194387123400758
SBPA,2022-01-01T00:00:00Z,2229,2229,8857.600000000004,6138.5999999999995,2913.9699999999984,1.3072992373261545
SBPA,2022-02-01T00:00:00Z,1798,1798,6733.600000000016,4836.299999999988,2050.599999999998,1.1404894327030022
SBPA,2022-03-01T00:00:00Z,2090,2090,7813.89999999999,5449.099999999978,2520.959999999996,1.2062009569377972
SBPA,2022-04-01T00:00:00Z,2206,2206,8752.900000000003,6128.800000000009,2790.870000000003,1.265126926563918
SBPA,2022-05-01T00:00:00Z,2466,2466,9957.699999999986,6477.800000000027,3623.0999999999976,1.469221411192213
SBPA,2022-06-01T00:00:00Z,2300,2300,9233.300000000016,6010.799999999999,3323.94,1.4451913043478262
SBRJ,2019-01-01T00:00:00Z,3704,3704,15371.599999999997,8955.199999999997,6879.120000000001,1.8572138228941686
SBRJ,2019-02-01T00:00:00Z,3373,3373,14257.4,8178.100000000046,6488.880000000019,1.9237711236288229
SBRJ,2019-03-01T00:00:00Z,3562,3562,15108.500000000033,8698.400000000005,6829.050000000019,1.9171953958450363
SBRJ,2019-04-01T00:00:00Z,3605,3605,15485.999999999933,8860.8,7049.0999999999995,1.9553675450762829
SBRJ,2019-05-01T00:00:00Z,3655,3655,14774.59999999995,9014.199999999992,6182.329999999993,1.691471956224348
SBRJ,2019-06-01T00:00:00Z,3289,3289,11751.700000000024,8247.500000000038,3945.5699999999997,1.1996260261477651
SBRJ,2019-07-01T00:00:00Z,1851,1851,6537.200000000007,4640.70000000002,2127.199999999998,1.1492166396542398
SBRJ,2019-08-01T00:00:00Z,2851,2851,16329.800000000037,7009.700000000028,9709.219999999994,3.4055489301999278
SBRJ,2019-09-01T00:00:00Z,1574,1574,5224.500000000004,3484.800000000016,1916.1799999999973,1.2173951715374824
SBRJ,2019-10-01T00:00:00Z,4117,4117,20859.200000000026,9559.399999999996,11782.880000000014,2.8620063152781183
SBRJ,2019-11-01T00:00:00Z,4060,4060,14442.499999999995,9191.200000000013,5635.929999999998,1.388160098522167
SBRJ,2019-12-01T00:00:00Z,4388,4388,21439.399999999998,10239.199999999959,11590.990000000014,2.641520054694625
SBRJ,2020-01-01T00:00:00Z,4567,4567,29207.400000000023,10857.199999999964,18856.379999999994,4.12883293190278
SBRJ,2020-02-01T00:00:00Z,4047,4047,15396.899999999998,9857.000000000015,5911.4000000000215,1.4606869285890836
SBRJ,2020-03-01T00:00:00Z,2898,2898,10217.599999999993,6862.700000000041,3631.6199999999985,1.2531469979296062
SBRJ,2020-04-01T00:00:00Z,378,378,1110.0000000000005,954.7999999999998,248.54000000000002,0.6575132275132276
SBRJ,2020-05-01T00:00:00Z,236,236,667.0000000000002,604.8999999999996,120.28999999999998,0.5097033898305083
SBRJ,2020-06-01T00:00:00Z,370,370,1130.999999999999,950.3999999999984,237.65999999999988,0.642324324324324
SBRJ,2020-07-01T00:00:00Z,613,613,1937.399999999999,1528.9999999999989,486.2500000000001,0.7932300163132139
SBRJ,2020-08-01T00:00:00Z,831,831,2661.9000000000024,2022.299999999998,767.4100000000003,0.9234777376654637
SBRJ,2020-09-01T00:00:00Z,1439,1439,4951.700000000001,3362.2000000000094,1698.4399999999978,1.1802918693537163
SBRJ,2020-10-01T00:00:00Z,2042,2042,6864.299999999995,4658.700000000023,2339.4600000000005,1.1456709108716947
SBRJ,2020-11-01T00:00:00Z,2332,2332,8205.799999999994,5376.500000000017,3011.4799999999973,1.2913722126929663
SBRJ,2020-12-01T00:00:00Z,2839,2839,10423.200000000006,6818.900000000031,3844.5,1.3541740049313138
SBRJ,2021-01-01T00:00:00Z,2809,2809,10188.200000000019,6707.500000000025,3698.4,1.316625133499466
SBRJ,2021-02-01T00:00:00Z,2154,2154,7934.200000000001,5313.40000000002,2804.199999999994,1.3018570102135534
SBRJ,2021-03-01T00:00:00Z,1837,1837,6119.900000000014,4412.300000000016,1864.4400000000012,1.0149373979314105
SBRJ,2021-04-01T00:00:00Z,1320,1320,4275.200000000003,3139.0000000000077,1262.2899999999997,0.9562803030303029
SBRJ,2021-05-01T00:00:00Z,1757,1757,5905.100000000001,4356.3000000000175,1759.1999999999985,1.0012521343198626
SBRJ,2021-06-01T00:00:00Z,2036,2036,6926.500000000001,5057.600000000022,2037.9899999999996,1.000977406679764
SBRJ,2021-07-01T00:00:00Z,2591,2591,9065.600000000004,6294.900000000026,2982.310000000001,1.1510266306445391
SBRJ,2021-08-01T00:00:00Z,2649,2649,9446.199999999997,6397.700000000027,3253.6900000000037,1.2282710456776156
SBRJ,2021-09-01T00:00:00Z,2847,2847,9649.400000000018,6465.000000000027,3412.3400000000024,1.198573937478048
SBRJ,2021-10-01T00:00:00Z,2881,2881,10133.999999999993,6601.20000000003,3717.1999999999994,1.2902464422075666
SBRJ,2021-11-01T00:00:00Z,3141,3141,11528.600000000062,7225.800000000044,4493.820000000008,1.4306972301814733
SBRJ,2021-12-01T00:00:00Z,3452,3452,12904.499999999995,8026.600000000039,5077.589999999997,1.4709125144843562
SBRJ,2022-01-01T00:00:00Z,3065,3065,11302.299999999974,7202.700000000025,4321.600000000003,1.4099836867862978
SBRJ,2022-02-01T00:00:00Z,2761,2761,10301.500000000016,6701.500000000031,3762.020000000001,1.3625570445490767
SBRJ,2022-03-01T00:00:00Z,3352,3352,12351.3,7937.4000000000415,4627.980000000008,1.3806622911694535
SBRJ,2022-04-01T00:00:00Z,3868,3868,15711.30000000001,9296.200000000008,6590.670000000005,1.7038960703205803
SBRJ,2022-05-01T00:00:00Z,4251,4251,17424.59999999998,10814.19999999997,6851.170000000013,1.611660785697486
SBRJ,2022-06-01T00:00:00Z,3923,3923,15616.700000000019,9773.199999999997,6089.749999999997,1.552319653326535
SBRJ,2022-07-01T00:00:00Z,1,1,2.8,2.1,0.77,0.77
SBSP,2019-01-01T00:00:00Z,7739,7739,39743.40000000004,21888.999999999658,18561.180000000004,2.3983951414911493
SBSP,2019-02-01T00:00:00Z,6918,6918,38067.90000000014,19510.2999999999,19193.890000000036,2.7744854004047466
SBSP,2019-03-01T00:00:00Z,7302,7302,37150.599999999846,20612.49999999969,17366.890000000036,2.378374417967685
SBSP,2019-04-01T00:00:00Z,7151,7151,33712.200000000106,20131.099999999777,14325.160000000098,2.0032387078730385
SBSP,2019-05-01T00:00:00Z,7181,7181,31259.6000000001,20193.89999999976,11754.639999999928,1.636908508564257
SBSP,2019-06-01T00:00:00Z,6552,6552,26782.699999999997,18433.799999999825,8946.679999999995,1.3654884004883996
SBSP,2019-07-01T00:00:00Z,3686,3686,14504.899999999969,10392.000000000004,4527.230000000002,1.2282230059685302
SBSP,2019-08-01T00:00:00Z,7091,7091,40249.399999999965,20120.399999999674,21077.469999999987,2.972425609928076
SBSP,2019-09-01T00:00:00Z,7326,7326,29331.199999999913,20775.799999999614,9426.190000000013,1.2866762216762235
SBSP,2019-10-01T00:00:00Z,7565,7565,45455.49999999994,21541.299999999737,24966.759999999984,3.3002987442167857
SBSP,2019-11-01T00:00:00Z,7440,7440,33384.30000000004,21015.999999999647,13246.790000000034,1.780482526881725
SBSP,2019-12-01T00:00:00Z,7658,7658,43444.300000000054,21471.899999999634,22898.05999999997,2.9900835727343913
SBSP,2020-01-01T00:00:00Z,7819,7819,58333.800000000076,21738.3999999996,37724.5799999998,4.824732062923622
SBSP,2020-02-01T00:00:00Z,7045,7045,30189.000000000007,19754.099999999737,11313.350000000017,1.6058694109297398
SBSP,2020-03-01T00:00:00Z,5029,5029,20558.899999999998,14166.6,7136.15000000001,1.4189998011533127
SBSP,2020-04-01T00:00:00Z,112,112,306,311.2000000000002,44.8,0.39999999999999997
SBSP,2020-05-01T00:00:00Z,31,31,89.60000000000001,79.10000000000001,15.22,0.49096774193548387
SBSP,2020-06-01T00:00:00Z,344,344,1054.3999999999992,913.7000000000007,223.11000000000007,0.648575581395349
SBSP,2020-07-01T00:00:00Z,619,619,1853.2999999999986,1659.5,341.6400000000002,0.551922455573506
SBSP,2020-08-01T00:00:00Z,514,514,2574.7999999999984,388.6000000000017,2200.5499999999975,4.281225680933847
SBSP,2020-09-01T00:00:00Z,886,886,2909.300000000001,2302.399999999999,792.1300000000002,0.8940519187358918
SBSP,2020-10-01T00:00:00Z,1924,1924,6791.699999999996,5500.3000000000275,1666.9599999999996,0.8664033264033262
SBSP,2020-11-01T00:00:00Z,2449,2449,8999.599999999988,7108.800000000031,2250.7999999999975,0.9190690077582676
SBSP,2020-12-01T00:00:00Z,2989,2989,11221.599999999984,8160.900000000051,3439.91,1.1508564737370357
SBSP,2021-01-01T00:00:00Z,3442,3442,12549.999999999996,9360.400000000018,3670.060000000005,1.066257989540966
SBSP,2021-02-01T00:00:00Z,2607,2607,8961.79999999998,7281.60000000004,2199.4199999999987,0.843659378596087
SBSP,2021-03-01T00:00:00Z,2124,2124,6985.400000000008,5945.600000000035,1610.22,0.7581073446327684
SBSP,2021-04-01T00:00:00Z,1157,1157,3857.300000000004,3464.700000000012,695.6000000000003,0.6012100259291273
SBSP,2021-05-01T00:00:00Z,1728,1728,5330.800000000001,4728.60000000002,995.1100000000002,0.5758738425925928
SBSP,2021-06-01T00:00:00Z,2136,2136,7229.8000000000075,6052.9000000000315,1556.6799999999987,0.7287827715355799
SBSP,2021-07-01T00:00:00Z,3361,3361,11711.599999999997,9322.70000000004,2919.8099999999968,0.8687325200833076
SBSP,2021-08-01T00:00:00Z,3221,3221,11184.20000000001,9074.900000000001,2640.28,0.8197081651660976
SBSP,2021-09-01T00:00:00Z,3747,3747,13535.799999999981,10642.100000000008,3559.1299999999915,0.94986122231118
SBSP,2021-10-01T00:00:00Z,4068,4068,15327.800000000005,11634.699999999913,4320.249999999997,1.062008357915437
SBSP,2021-11-01T00:00:00Z,4411,4411,16168.900000000018,12658.999999999902,4243.760000000001,0.9620856948537749
SBSP,2021-12-01T00:00:00Z,5225,5225,19833.89999999993,14883.499999999858,5731.830000000014,1.0970009569378016
SBSP,2022-01-01T00:00:00Z,5264,5264,21727.30000000002,14648.000000000011,7614.480000000021,1.4465197568389099
SBSP,2022-02-01T00:00:00Z,4108,4108,15427.099999999971,11636.099999999991,4393.0700000000015,1.0693938656280433
SBSP,2022-03-01T00:00:00Z,4581,4581,17396.59999999997,12591.600000000028,5346.19,1.1670355817507094
SBSP,2022-04-01T00:00:00Z,5608,5608,21319.500000000044,15801.1,6240.7200000000075,1.1128245363766063
SBSP,2022-05-01T00:00:00Z,6412,6412,24106.70000000004,17747.59999999996,7210.07000000001,1.1244650655021848
SBSP,2022-06-01T00:00:00Z,5995,5995,23263.100000000046,16750.600000000013,7276.270000000009,1.2137231025854893
SBSP,2022-07-01T00:00:00Z,2,2,8.5,4.9,3.62,1.81
SBSV,2019-01-01T00:00:00Z,2898,2898,19184.199999999986,10639.49999999999,9269.500000000027,3.1985852311939365
SBSV,2019-02-01T00:00:00Z,2271,2271,17518.10000000002,8892.500000000044,9271.5899999999765,4.082602377807123
SBSV,2019-03-01T00:00:00Z,2454,2454,20386.999999999996,9791.799999999945,11147.009999999998,4.542383863080684
SBSV,2019-04-01T00:00:00Z,1946,1946,15375.699999999964,8060.500000000055,7751.840000000003,3.983473792394657
SBSV,2019-05-01T00:00:00Z,1725,1725,10575.399999999981,6361.300000000038,4551.779999999994,2.6387130434782575
SBSV,2019-06-01T00:00:00Z,1804,1804,10853.100000000004,6754.700000000049,4430.309999999994,2.4558259423503292
SBSV,2019-07-01T00:00:00Z,1270,1270,7185.79999999999,4703.80000000004,2683.1999999999994,2.1127559055118104
SBSV,2019-08-01T00:00:00Z,2178,2178,15104.099999999993,8192.500000000085,7357.630000000008,3.378158861340683
SBSV,2019-09-01T00:00:00Z,2124,2124,12202.000000000015,8004.300000000067,4544.649999999996,2.139665725047079
SBSV,2019-10-01T00:00:00Z,2265,2265,14781.600000000002,8736.000000000084,6588.770000000007,2.9089492273730713
SBSV,2019-11-01T00:00:00Z,2405,2405,12846.399999999996,9545.000000000058,3897.4799999999973,1.6205738045738034
SBSV,2019-12-01T00:00:00Z,2685,2685,16375.299999999983,10637.199999999986,6360.7199999999975,2.368983240223463
SBSV,2020-01-01T00:00:00Z,2737,2737,19315.600000000024,10704.69999999999,9270.060000000032,3.3869419071976736
SBSV,2020-02-01T00:00:00Z,2441,2441,13934.399999999972,9733.000000000055,4601.570000000014,1.885116755428109
SBSV,2020-03-01T00:00:00Z,1770,1770,10397.600000000019,6715.500000000008,3992.0299999999993,2.2553841807909603
SBSV,2020-04-01T00:00:00Z,324,324,1711.2000000000003,1173.6000000000063,599.8799999999999,1.851481481481481
SBSV,2020-05-01T00:00:00Z,208,208,1187.0000000000002,752.1000000000021,475.59999999999997,2.2865384615384614
SBSV,2020-06-01T00:00:00Z,230,230,1163.1999999999994,852.1999999999982,376.3000000000003,1.6360869565217404
SBSV,2020-07-01T00:00:00Z,404,404,1819.900000000001,1444.2999999999977,499.1100000000005,1.2354207920792093
SBSV,2020-08-01T00:00:00Z,525,525,2307.0000000000005,1873.1000000000015,552.7899999999993,1.052933333333332
SBSV,2020-09-01T00:00:00Z,835,835,4175.7999999999965,3266.099999999986,1065.6999999999991,1.2762874251496996
SBSV,2020-10-01T00:00:00Z,1363,1363,7356.200000000009,5327.4999999999945,2301.769999999995,1.6887527512839289
SBSV,2020-11-01T00:00:00Z,1478,1478,9733.799999999985,5546.200000000013,4323.040000000002,2.9249255751014895
SBSV,2020-12-01T00:00:00Z,2022,2022,10907.200000000008,7847.3000000000175,3287.229999999996,1.6257319485657744
SBSV,2021-01-01T00:00:00Z,2396,2396,12403.300000000028,9301.700000000037,3465.550000000002,1.446389816360602
SBSV,2021-02-01T00:00:00Z,1657,1657,8425.199999999999,6395.500000000011,2242.290000000001,1.3532226916113463
SBSV,2021-03-01T00:00:00Z,1456,1456,7965.0000000000055,5733.900000000005,2434.7500000000005,1.672218406593407
SBSV,2021-04-01T00:00:00Z,861,861,7259.899999999997,3383.6999999999966,3955.8,4.594425087108014
SBSV,2021-05-01T00:00:00Z,1080,1080,6547.900000000005,4211.89999999999,2545.2,2.3566666666666665
SBSV,2021-06-01T00:00:00Z,1424,1424,7148.599999999991,5339.299999999996,2025.7299999999989,1.4225632022471901
SBSV,2021-07-01T00:00:00Z,1945,1945,10068,7433.500000000006,2933.9499999999985,1.508457583547557
SBSV,2021-08-01T00:00:00Z,1715,1715,8614.299999999997,6595.200000000016,2302.490000000002,1.3425597667638496
SBSV,2021-09-01T00:00:00Z,1949,1949,10350.299999999983,7671.400000000014,2947.490000000007,1.5123088763468482
SBSV,2021-10-01T00:00:00Z,2021,2021,10709.999999999987,7879.900000000025,3092.789999999995,1.5303265710044507
SBSV,2021-11-01T00:00:00Z,2129,2129,11355.599999999995,8132.999999999975,3473.4299999999994,1.6314842649131045
SBSV,2021-12-01T00:00:00Z,2602,2602,13873.39999999999,10118.400000000072,4115.540000000001,1.5816833205226752
SBSV,2022-01-01T00:00:00Z,2595,2595,13757.699999999993,10072.900000000025,4023.9699999999984,1.550662813102119
SBSV,2022-02-01T00:00:00Z,2065,2065,10366.399999999987,7988.400000000011,2714.6399999999944,1.3145956416464863
SBSV,2022-03-01T00:00:00Z,2313,2313,12168.399999999987,8938.099999999999,3503.079999999991,1.5145179420665762
SBSV,2022-04-01T00:00:00Z,2154,2154,11144.899999999992,8110.399999999975,3320.9300000000053,1.541750232126279
SBSV,2022-05-01T00:00:00Z,2074,2074,10477.50000000002,7535.100000000013,3203.6199999999985,1.5446576663452258
SBSV,2022-06-01T00:00:00Z,1984,1984,10253.500000000002,7156.09999999998,3360.7300000000073,1.693916330645165
