ICAO,MOF,N,N_VALID,TXOT,REF,ADD_TXOT,AVG_ADD_TXOT
SBBR,2019-01-01T00:00:00Z,5282,5282,81884.9999999999,65537.99999999978,19275.87000000004,3.6493506247633545
SBBR,2019-02-01T00:00:00Z,4668,4668,73253.99999999993,57121.89999999992,18322.739999999998,3.9251799485861176
SBBR,2019-03-01T00:00:00Z,5094,5094,81898.09999999998,62729.09999999994,21189.38000000003,4.159674126423249
SBBR,2019-04-01T00:00:00Z,4742,4742,77435.50000000019,58804.79999999981,19827.86999999998,4.181330662167857
SBBR,2019-05-01T00:00:00Z,4762,4762,75504.50000000025,59531.29999999984,17085.10000000002,3.587799244015124
SBBR,2019-06-01T00:00:00Z,4405,4405,68342.29999999994,55142.199999999924,14250.600000000024,3.235096481271288
SBBR,2019-07-01T00:00:00Z,5206,5206,81084.89999999975,65016.599999999766,17117.01000000002,3.287938916634656
SBBR,2019-08-01T00:00:00Z,4730,4730,78464.29999999999,58917.60000000015,21710.57,4.589972515856236
SBBR,2019-09-01T00:00:00Z,4824,4824,76911.5999999999,59552.500000000044,18517.769999999997,3.8386753731343277
SBBR,2019-10-01T00:00:00Z,5071,5071,84644.49999999996,62194.79999999977,25421.37999999998,5.013090120291851
SBBR,2019-11-01T00:00:00Z,5040,5040,82925.6999999996,61465.89999999961,22393.820000000032,4.4432182539682605
SBBR,2019-12-01T00:00:00Z,5082,5082,81920.10000000006,62063.09999999951,22571.090000000022,4.441379378197564
SBBR,2020-01-01T00:00:00Z,5264,5264,90816.89999999982,63249.49999999972,31493.39999999997,5.982788753799386
SBBR,2020-02-01T00:00:00Z,4601,4601,74113.70000000036,56481.50000000002,18573.099999999966,4.03675287980873
SBBR,2020-03-01T00:00:00Z,3630,3630,58607.39999999992,45059.79999999996,14547.800000000017,4.0076584022038615
SBBR,2020-04-01T00:00:00Z,240,240,3114.3000000000015,2832.1999999999985,463.59999999999974,1.9316666666666655
SBBR,2020-05-01T00:00:00Z,293,293,4173.499999999998,3607.500000000007,666.7599999999995,2.2756313993174047
SBBR,2020-06-01T00:00:00Z,480,480,6161.400000000004,5567.200000000004,845.1099999999998,1.7606458333333328
SBBR,2020-07-01T00:00:00Z,1093,1093,15739.79999999998,12752.80000000002,3421.450000000002,3.1303293687099742
SBBR,2020-08-01T00:00:00Z,1618,1618,24869.199999999993,19016.10000000002,6297.160000000002,3.89194066749073
SBBR,2020-09-01T00:00:00Z,2421,2421,40406.300000000025,28460.900000000092,12422.369999999968,5.131090458488215
SBBR,2020-10-01T00:00:00Z,3094,3094,52791.20000000016,36645.30000000015,16641.370000000014,5.3785940530058225
SBBR,2020-11-01T00:00:00Z,3051,3051,49238.60000000008,36253.400000000205,13643.569999999998,4.471835463782366
SBBR,2020-12-01T00:00:00Z,3645,3645,58826.499999999905,43282.99999999984,16090.680000000026,4.4144526748971264
SBBR,2021-01-01T00:00:00Z,3604,3604,56168.999999999935,42348.79999999999,14487.110000000011,4.019730854605997
SBBR,2021-02-01T00:00:00Z,2710,2710,40205.10000000005,32281.400000000252,8463.970000000025,3.123236162361633
SBBR,2021-03-01T00:00:00Z,2342,2342,35061.50000000004,28202.00000000005,7400.919999999998,3.160085397096498
SBBR,2021-04-01T00:00:00Z,1683,1683,25277.99999999994,20327.30000000007,5327.45,3.1654486036838976
SBBR,2021-05-01T00:00:00Z,2292,2292,34720.99999999996,28152.50000000014,7021.4999999999945,3.063481675392668
SBBR,2021-06-01T00:00:00Z,2595,2595,39415.899999999965,31627.50000000016,8313.07000000001,3.20349518304432
SBBR,2021-07-01T00:00:00Z,3434,3434,50967.699999999815,41174.80000000013,10546.970000000012,3.07133663366337
SBBR,2021-08-01T00:00:00Z,3482,3482,53103.19999999984,41955.19999999997,11851.710000000006,3.4037076392877674
SBBR,2021-09-01T00:00:00Z,3885,3885,59557.20000000005,46725.700000000055,13542.660000000049,3.4858841698841827
SBBR,2021-10-01T00:00:00Z,4003,4003,61322.40000000001,47588.40000000019,14464.57999999995,3.6134349238071324
SBBR,2021-11-01T00:00:00Z,4154,4154,64785.69999999989,49515.90000000008,16011.279999999982,3.85442465093885
SBBR,2021-12-01T00:00:00Z,4626,4626,73000.79999999977,55562.00000000016,18185.10000000007,3.931063553826215
SBBR,2022-01-01T00:00:00Z,4492,4492,68269.39999999998,53749.700000000215,15437.349999999973,3.436631789848614
SBBR,2022-02-01T00:00:00Z,3465,3465,53636.699999999975,41458.700000000004,12736.56000000001,3.675774891774895
SBBR,2022-03-01T00:00:00Z,3827,3827,60570.500000000095,46627.69999999992,14497.230000000029,3.788144760909336
SBBR,2022-04-01T00:00:00Z,3581,3581,56494.99999999986,43780.199999999946,13496.030000000022,3.7687880480312823
SBBR,2022-05-01T00:00:00Z,3889,3889,62308.3999999999,47576.79999999985,15500.61000000003,3.9857572640781767
SBBR,2022-06-01T00:00:00Z,3675,3675,57912.500000000124,45208.299999999865,13450.030000000048,3.6598721088435506
SBCF,2019-01-01T00:00:00Z,4202,4202,61631.10000000008,44256.299999999515,18375.93999999999,4.373141361256542
SBCF,2019-02-01T00:00:00Z,3777,3777,57276.600000000064,39840.79999999966,18459.379999999965,4.88731268202276
SBCF,2019-03-01T00:00:00Z,3958,3958,56625.10000000005,41561.29999999981,16264.91999999997,4.109378473976748
SBCF,2019-04-01T00:00:00Z,3850,3850,56849.59999999972,40484.89999999975,17163.579999999998,4.458072727272727
SBCF,2019-05-01T00:00:00Z,3977,3977,58283.80000000006,41910.79999999977,17094.299999999967,4.298290168468687
SBCF,2019-06-01T00:00:00Z,3939,3939,58110.79999999993,41453.09999999963,17331.089999999986,4.399870525514086
SBCF,2019-07-01T00:00:00Z,4471,4471,67415.5999999999,47079.1999999996,21086.880000000045,4.716367702974736
SBCF,2019-08-01T00:00:00Z,4212,4212,61357.4000000001,44103.99999999974,19121.969999999965,4.539878917378909
SBCF,2019-09-01T00:00:00Z,4067,4067,55260.300000000185,42574.49999999973,14256.75999999998,3.505473321858859
SBCF,2019-10-01T00:00:00Z,4180,4180,57314.39999999985,43983.59999999962,15563.850000000011,3.7234090909090938
SBCF,2019-11-01T00:00:00Z,3920,3920,52165.20000000009,41082.19999999984,12594.209999999965,3.212808673469379
SBCF,2019-12-01T00:00:00Z,4039,4039,54985.50000000012,42167.09999999988,14801.629999999992,3.664676900222825
SBCF,2020-01-01T00:00:00Z,4207,4207,59862.59999999994,44080.099999999424,18249.37999999998,4.337860708343232
SBCF,2020-02-01T00:00:00Z,3698,3698,48991.20000000008,38622.99999999976,11672.040000000014,3.1563115197404037
SBCF,2020-03-01T00:00:00Z,2751,2751,34662.29999999998,28778.199999999964,7255.099999999996,2.637259178480551
SBCF,2020-04-01T00:00:00Z,257,257,2861.1000000000013,2790.1999999999994,359.45,1.3986381322957198
SBCF,2020-05-01T00:00:00Z,297,297,3423.500000000001,3206.399999999998,512.3599999999999,1.7251178451178448
SBCF,2020-06-01T00:00:00Z,336,336,3510.2,3695.899999999994,232.64000000000004,0.6923809523809525
SBCF,2020-07-01T00:00:00Z,489,489,5204.299999999999,5397.89999999999,371.01000000000005,0.7587116564417179
SBCF,2020-08-01T00:00:00Z,749,749,8299.499999999995,8383.199999999983,649.2399999999998,0.8668090787716953
SBCF,2020-09-01T00:00:00Z,1137,1137,12672.100000000006,12646.600000000017,1064.14,0.9359190853122252
SBCF,2020-10-01T00:00:00Z,1820,1820,21349.499999999953,19746.000000000116,2678.389999999998,1.4716428571428561
SBCF,2020-11-01T00:00:00Z,2217,2217,27307.5,24024.599999999966,4480.840000000004,2.0211276499774486
SBCF,2020-12-01T00:00:00Z,2702,2702,33430.700000000004,29367.3,5481.199999999998,2.028571428571428
SBCF,2021-01-01T00:00:00Z,3005,3005,37025.69999999994,32708.899999999954,5892.8499999999885,1.9610149750415935
SBCF,2021-02-01T00:00:00Z,2129,2129,25698.100000000017,23037.1,3805.160000000004,1.7872992015030549
SBCF,2021-03-01T00:00:00Z,2155,2155,25146.400000000085,23415.000000000036,3127.710000000002,1.4513735498839915
SBCF,2021-04-01T00:00:00Z,1674,1674,19205.699999999983,18411.60000000009,2010.4000000000008,1.200955794504182
SBCF,2021-05-01T00:00:00Z,1925,1925,22523.199999999997,20949.800000000087,2748.070000000004,1.427568831168833
SBCF,2021-06-01T00:00:00Z,2133,2133,25184.40000000005,23281.500000000087,3202.3300000000063,1.5013267698077855
SBCF,2021-07-01T00:00:00Z,2760,2760,33711.399999999994,29984.89999999992,5209.999999999995,1.8876811594202882
SBCF,2021-08-01T00:00:00Z,2751,2751,33085.90000000003,29876.100000000042,4741.12000000001,1.7234169392948055
SBCF,2021-09-01T00:00:00Z,2986,2986,36932.600000000006,32287.799999999992,6056.040000000006,2.0281446751507053
SBCF,2021-10-01T00:00:00Z,3047,3047,37221.499999999956,33005.79999999997,6156.170000000006,2.020403675746638
SBCF,2021-11-01T00:00:00Z,3076,3076,38115.49999999998,32175.199999999957,7519.569999999984,2.4445936280884215
SBCF,2021-12-01T00:00:00Z,3584,3584,47542.9,36935.59999999973,11634.349999999984,3.2461914062499955
SBCF,2022-01-01T00:00:00Z,3335,3335,46691.90000000003,34343.599999999664,12719.999999999965,3.814092953523228
SBCF,2022-02-01T00:00:00Z,2761,2761,35090.90000000002,28512.69999999982,7465.040000000013,2.7037450199203232
SBCF,2022-03-01T00:00:00Z,3193,3193,39113.60000000004,32945.49999999958,7546.440000000012,2.363432508612594
SBCF,2022-04-01T00:00:00Z,3394,3394,43158.50000000012,35045.69999999958,9457.879999999986,2.786647024160279
SBCF,2022-05-01T00:00:00Z,3715,3715,46927.399999999885,38380.49999999968,10111.759999999997,2.7218734858681013
SBCF,2022-06-01T00:00:00Z,3585,3585,43524.29999999991,36691.19999999935,8654.609999999991,2.4141171548117133
SBCT,2019-01-01T00:00:00Z,2414,2414,30729.30000000004,21851.30000000003,9705.549999999985,4.020526097763042
SBCT,2019-02-01T00:00:00Z,2345,2345,32435.2,21837.599999999966,11175.609999999988,4.765718550106604
SBCT,2019-03-01T00:00:00Z,2453,2453,33641.59999999999,22810.40000000001,11496.629999999976,4.686763147166725
SBCT,2019-04-01T00:00:00Z,2369,2369,32655.699999999946,22289.7,10771.650000000025,4.54691853102576
SBCT,2019-05-01T00:00:00Z,2372,2372,31725.3,21664.499999999978,10453.779999999986,4.40715851602023
SBCT,2019-06-01T00:00:00Z,2282,2282,30515.20000000003,20997.000000000004,9878.239999999983,4.328764241893069
SBCT,2019-07-01T00:00:00Z,2564,2564,33289.59999999996,23278.999999999985,10418.049999999974,4.063202028081113
SBCT,2019-08-01T00:00:00Z,2561,2561,33400.599999999955,23897.900000000096,10795.519999999993,4.215353377586878
SBCT,2019-09-01T00:00:00Z,2552,2552,31900.199999999975,23885.099999999977,8842.269999999993,3.4648393416927874
SBCT,2019-10-01T00:00:00Z,2637,2637,34108.09999999998,24385.199999999906,11094.870000000004,4.207383390216156
SBCT,2019-11-01T00:00:00Z,2570,2570,31292.499999999924,24505.89999999999,7775.160000000009,3.0253540856031162
SBCT,2019-12-01T00:00:00Z,2628,2628,30938.39999999996,24502.899999999918,8257.449999999995,3.1421042617960406
SBCT,2020-01-01T00:00:00Z,2555,2555,30388.199999999983,23684.700000000008,9104.740000000009,3.563499021526422
SBCT,2020-02-01T00:00:00Z,2248,2248,27527.599999999995,21459.199999999953,7020.7000000000035,3.123087188612101
SBCT,2020-03-01T00:00:00Z,1713,1713,20929.599999999977,16422.600000000024,5443.040000000001,3.1774897840046705
SBCT,2020-04-01T00:00:00Z,130,130,1300.3000000000002,1195.7999999999993,170.79999999999998,1.3138461538461537
SBCT,2020-05-01T00:00:00Z,149,149,1586.7,1280.3,344.96,2.315167785234899
SBCT,2020-06-01T00:00:00Z,219,219,2203.6999999999994,1897.4999999999973,381.8099999999999,1.743424657534246
SBCT,2020-07-01T00:00:00Z,246,246,2190.2999999999993,2205.4999999999955,243.1599999999998,0.9884552845528447
SBCT,2020-08-01T00:00:00Z,341,341,3728.0999999999976,3206.3999999999987,611.53999999999985,1.793372434017595
SBCT,2020-09-01T00:00:00Z,492,492,5443.699999999994,4717.099999999998,839.5199999999996,1.7063414634146334
SBCT,2020-10-01T00:00:00Z,892,892,10168.900000000005,8758.899999999996,1664.0400000000002,1.865515695067265
SBCT,2020-11-01T00:00:00Z,1095,1095,12608.200000000012,10687.300000000017,2176.659999999999,1.9878173515981725
SBCT,2020-12-01T00:00:00Z,1191,1191,13445.500000000002,11224.500000000002,2519.2399999999993,2.1152308984047012
SBCT,2021-01-01T00:00:00Z,1164,1164,12674.700000000008,11040.500000000007,1999.8500000000001,1.7180841924398627
SBCT,2021-02-01T00:00:00Z,965,965,10890.89999999999,9174.000000000002,1983.3999999999996,2.0553367875647663
SBCT,2021-03-01T00:00:00Z,762,762,8345.499999999998,7088.999999999998,1437.8500000000001,1.886942257217848
SBCT,2021-04-01T00:00:00Z,519,519,5858.999999999996,5185.1,808.2199999999998,1.5572639691714831
SBCT,2021-05-01T00:00:00Z,717,717,7808.600000000002,6835.300000000002,1140.479999999999,1.5906276150627603
SBCT,2021-06-01T00:00:00Z,911,911,10092.29999999999,8621.10000000002,1675.0199999999966,1.8386608122941785
SBCT,2021-07-01T00:00:00Z,1101,1101,12018.600000000006,10109.900000000014,2201.729999999999,1.9997547683923698
SBCT,2021-08-01T00:00:00Z,1215,1215,13993.200000000003,11578.000000000015,2705.7699999999986,2.2269711934156367
SBCT,2021-09-01T00:00:00Z,1462,1462,16920.100000000006,13756.60000000001,3475.869999999999,2.3774760601915177
SBCT,2021-10-01T00:00:00Z,1487,1487,17959.99999999998,14464.099999999999,3863.999999999996,2.598520511096164
SBCT,2021-11-01T00:00:00Z,1674,1674,20260.99999999998,16484.700000000048,4168.570000000008,2.4901851851851897
SBCT,2021-12-01T00:00:00Z,1794,1794,21589.699999999975,17801.50000000001,4282.229999999995,2.3869732441471543
SBCT,2022-01-01T00:00:00Z,1537,1537,18053.200000000004,14698.00000000004,3726.130000000001,2.4242875731945355
SBCT,2022-02-01T00:00:00Z,1380,1380,15906.699999999997,13161.30000000004,3169.8700000000063,2.297007246376816
SBCT,2022-03-01T00:00:00Z,1774,1774,20470.399999999998,16376.20000000004,4504.859999999996,2.5393799323562547
SBCT,2022-04-01T00:00:00Z,1927,1927,22676.799999999985,18053.80000000004,5151.780000000001,2.6734717176959006
SBCT,2022-05-01T00:00:00Z,2220,2220,25574.099999999962,20156.99999999998,6018.820000000001,2.7111801801801803
SBCT,2022-06-01T00:00:00Z,2054,2054,22937,18629.20000000003,4896.3499999999995,2.383812074001947
SBGL,2019-01-01T00:00:00Z,4422,4422,73917.79999999996,54435.799999996,21556.240000000005,4.874771596562643
SBGL,2019-02-01T00:00:00Z,3495,3495,59789.299999999996,43223.19999999776,18351.980000000007,5.250924177396282
SBGL,2019-03-01T00:00:00Z,3601,3601,63634.89999999987,44922.299999998286,20271.580000000027,5.629430713690649
SBGL,2019-04-01T00:00:00Z,2974,2974,51100.499999999905,37400.69999999954,14987.98,5.039670477471419
SBGL,2019-05-01T00:00:00Z,2982,2982,54850.299999999974,38831.29999999759,17151.360000000026,5.751629778672041
SBGL,2019-06-01T00:00:00Z,2862,2862,47330.79999999996,35237.79999999838,13072.429999999995,4.567585604472395
SBGL,2019-07-01T00:00:00Z,3718,3718,61463.100000000064,46497.69999999743,16101.530000000032,4.330696611081235
SBGL,2019-08-01T00:00:00Z,4200,4200,68991.50000000026,51793.79999999667,20009.68000000005,4.764209523809536
SBGL,2019-09-01T00:00:00Z,5640,5640,92859.09999999998,69584.09999999535,25100.740000000078,4.450485815602851
SBGL,2019-10-01T00:00:00Z,3492,3492,59232.39999999997,43501.89999999797,18274.20999999996,5.23316437571591
SBGL,2019-11-01T00:00:00Z,3476,3476,56570.599999999926,43405.19999999752,14673.930000000017,4.2214988492520185
SBGL,2019-12-01T00:00:00Z,3895,3895,63580.100000000086,48242.999999997046,17211.260000000006,4.418808729139925
SBGL,2020-01-01T00:00:00Z,3416,3416,54737.999999999985,42169.19999999755,15562.739999999993,4.5558372365339554
SBGL,2020-02-01T00:00:00Z,3055,3055,48686.99999999998,37920.59999999848,11921.660000000007,3.9023436988543394
SBGL,2020-03-01T00:00:00Z,2034,2034,30770.499999999978,25124.799999999537,6566.870000000007,3.228549655850544
SBGL,2020-04-01T00:00:00Z,125,125,1766.000000000001,1719.6000000000038,219.75,1.758
SBGL,2020-05-01T00:00:00Z,162,162,2217.3,2223.100000000006,231.4399999999999,1.4286419753086415
SBGL,2020-06-01T00:00:00Z,301,301,4469.500000000004,4165.000000000015,678.4499999999999,2.253986710963455
SBGL,2020-07-01T00:00:00Z,491,491,7572.399999999994,6783.599999999947,1158.6099999999988,2.3596945010183275
SBGL,2020-08-01T00:00:00Z,716,716,12834.899999999992,9904.099999999878,3258.9500000000007,4.551606145251398
SBGL,2020-09-01T00:00:00Z,778,778,14018.300000000005,10695.099999999893,3667.2700000000023,4.713714652956301
SBGL,2020-10-01T00:00:00Z,1040,1040,18971.700000000015,14366.099999999784,5194.170000000001,4.994394230769232
SBGL,2020-11-01T00:00:00Z,885,885,16377.400000000012,12260.19999999982,4626.030000000001,5.227152542372882
SBGL,2020-12-01T00:00:00Z,1127,1127,19544.49999999998,15482.099999999804,4672.900000000006,4.146317657497787
SBGL,2021-01-01T00:00:00Z,1146,1146,18678.7,15771.099999999742,3602.869999999999,3.143865619546247
SBGL,2021-02-01T00:00:00Z,740,740,11627.899999999987,10248.899999999876,1992.2599999999977,2.69224324324324
SBGL,2021-03-01T00:00:00Z,512,512,7067.299999999998,7081.099999999942,712.9299999999997,1.3924414062499995
SBGL,2021-04-01T00:00:00Z,385,385,5918,5446.499999999975,808.91,2.101064935064935
SBGL,2021-05-01T00:00:00Z,596,596,9203.200000000013,8226.799999999916,1475.1200000000003,2.4750335570469804
SBGL,2021-06-01T00:00:00Z,665,665,10703.200000000003,9194.499999999904,1960.009999999999,2.947383458646615
SBGL,2021-07-01T00:00:00Z,1174,1174,19320.29999999999,16069.799999999814,3999.0199999999995,3.4063202725724016
SBGL,2021-08-01T00:00:00Z,1157,1157,19145.9,16009.499999999774,3973.8100000000018,3.4345808124459825
SBGL,2021-09-01T00:00:00Z,1420,1420,23605.599999999933,19637.700000000084,4921.229999999999,3.4656549295774637
SBGL,2021-10-01T00:00:00Z,1337,1337,21643.199999999997,18325.59999999995,4248.660000000004,3.177756170531043
SBGL,2021-11-01T00:00:00Z,1348,1348,21190.100000000028,18593.799999999977,3669.3199999999983,2.722047477744806
SBGL,2021-12-01T00:00:00Z,1735,1735,28836.19999999995,23930.9000000005,6104.989999999992,3.518726224783857
SBGL,2022-01-01T00:00:00Z,1796,1796,30194.699999999953,24800.800000000574,6650.019999999995,3.702683741648104
SBGL,2022-02-01T00:00:00Z,1426,1426,23123.399999999965,19700.30000000002,4907.25,3.4412692847124826
SBGL,2022-03-01T00:00:00Z,1483,1483,24101.40000000005,20318.600000000195,5168.549999999993,3.485198921105862
SBGL,2022-04-01T00:00:00Z,1024,1024,15703.000000000036,14174.79999999979,2833.4800000000005,2.7670703125000005
SBGL,2022-05-01T00:00:00Z,1003,1003,15754.899999999983,14239.500000000038,2832.9900000000016,2.8245164506480576
SBGL,2022-06-01T00:00:00Z,982,982,14592.699999999988,13604.299999999796,2428.239999999997,2.4727494908350276
SBGR,2019-01-01T00:00:00Z,12096,12096,205573.79999999944,138806.5999999985,72450.06000000011,5.989588293650803
SBGR,2019-02-01T00:00:00Z,10496,10496,179951.2999999996,123244.79999999856,61600.82999999991,5.868981516768284
SBGR,2019-03-01T00:00:00Z,11035,11035,176714.6,122930.1999999985,58935.22000000009,5.340753964657915
SBGR,2019-04-01T00:00:00Z,10331,10331,165439.0000000001,116289.09999999887,53270.2300000001,5.156347885006301
SBGR,2019-05-01T00:00:00Z,9470,9470,141564.89999999985,107825.49999999971,37639.28999999997,3.974581837381201
SBGR,2019-06-01T00:00:00Z,9513,9513,140939.29999999993,106769.79999999952,38063.77999999985,4.001238305476701
SBGR,2019-07-01T00:00:00Z,11201,11201,170203.40000000037,123919.99999999843,49896.10999999985,4.454612088206397
SBGR,2019-08-01T00:00:00Z,11101,11101,166316.99999999997,119347.59999999884,52911.49999999991,4.766372398882976
SBGR,2019-09-01T00:00:00Z,10945,10945,162254.70000000062,118052.699999999,48216.74,4.405366834170854
SBGR,2019-10-01T00:00:00Z,11059,11059,163757.8000000005,116422.8999999985,52863.68,4.780150103987703
SBGR,2019-11-01T00:00:00Z,10874,10874,169159.39999999976,119568.09999999816,53213.24999999998,4.8936224020599575
SBGR,2019-12-01T00:00:00Z,12237,12237,216912.6000000006,140960.89999999758,81652.59000000011,6.672598676146124
SBGR,2020-01-01T00:00:00Z,11188,11188,206571.79999999958,131340.99999999814,81753.09000000024,7.307212191633916
SBGR,2020-02-01T00:00:00Z,9825,9825,165065.99999999997,113798.49999999888,53698.93000000002,5.465539949109417
SBGR,2020-03-01T00:00:00Z,7831,7831,110625.49999999994,84544.6,28959.22000000009,3.6980232409654055
SBGR,2020-04-01T00:00:00Z,1257,1257,15228.29999999999,14094.199999999977,2039.2399999999973,1.6223070803500377
SBGR,2020-05-01T00:00:00Z,1501,1501,19469.900000000023,17922.700000000008,2619.050000000001,1.7448700866089282
SBGR,2020-06-01T00:00:00Z,1844,1844,23578.40000000004,20406.400000000012,4075.6100000000006,2.2102006507592193
SBGR,2020-07-01T00:00:00Z,2875,2875,37934.499999999956,30897.100000000082,8137.969999999992,2.8305982608695626
SBGR,2020-08-01T00:00:00Z,3897,3897,50002.29999999991,40084.59999999992,11113.670000000011,2.8518527072106776
SBGR,2020-09-01T00:00:00Z,4796,4796,61819.2,50502.99999999969,12767.990000000003,2.662216430358633
SBGR,2020-10-01T00:00:00Z,5854,5854,80385.09999999979,62914.19999999936,19090.87000000004,3.261166723607796
SBGR,2020-11-01T00:00:00Z,6266,6266,83875.6000000001,65395.399999999594,20002.40999999995,3.1922135333546042
SBGR,2020-12-01T00:00:00Z,7373,7373,107691.90000000008,82578.99999999907,27072.84000000004,3.6718893259188987
SBGR,2021-01-01T00:00:00Z,7344,7344,106613.79999999961,82309.899999999,26371.829999999973,3.5909354575163364
SBGR,2021-02-01T00:00:00Z,5617,5617,76968.20000000014,60602.299999999515,18011.41999999997,3.2065907067829746
SBGR,2021-03-01T00:00:00Z,4742,4742,64545.60000000009,52065.49999999992,14199.939999999975,2.9945044285111715
SBGR,2021-04-01T00:00:00Z,3799,3799,49384.60000000005,39862.400000000045,10790.980000000009,2.8404790734403815
SBGR,2021-05-01T00:00:00Z,4731,4731,65420.8,52633.59999999984,14253.090000000031,3.0127013316423654
SBGR,2021-06-01T00:00:00Z,5455,5455,73547.50000000003,57836.299999999566,17109.65999999991,3.136509624197967
SBGR,2021-07-01T00:00:00Z,7128,7128,100691.00000000019,75601.09999999942,26783.39000000015,3.7574901795735336
SBGR,2021-08-01T00:00:00Z,6733,6733,90458.79999999989,67864.89999999966,24093.69000000008,3.578447942967485
SBGR,2021-09-01T00:00:00Z,7138,7138,98802.40000000031,74128.59999999953,26179.12999999997,3.6675721490613573
SBGR,2021-10-01T00:00:00Z,7363,7363,102222.7000000002,76824.39999999938,27268.28999999997,3.703421159853317
SBGR,2021-11-01T00:00:00Z,7956,7956,119575.19999999985,86380.39999999895,35643.000000000015,4.480015082956261
SBGR,2021-12-01T00:00:00Z,8760,8760,130848.20000000024,92060.69999999893,41294.04000000018,4.713931506849336
SBGR,2022-01-01T00:00:00Z,8282,8282,132208.10000000015,97014.5999999988,38061.15999999997,4.595648394107699
SBGR,2022-02-01T00:00:00Z,6988,6988,101236.30000000025,77289,26469.24000000001,3.7878133943903847
SBGR,2022-03-01T00:00:00Z,7633,7633,112438.40000000024,86219.19999999959,28970.11999999997,3.795377964103232
SBGR,2022-04-01T00:00:00Z,7193,7193,99462.30000000013,77714.79999999976,24630.110000000008,3.4241776727373847
SBGR,2022-05-01T00:00:00Z,7568,7568,112857.30000000015,88538.79999999952,27619.77999999995,3.649548097251579
SBGR,2022-06-01T00:00:00Z,7448,7448,108271.40000000007,81666.8999999995,29379.880000000037,3.9446670247046236
SBKP,2019-01-01T00:00:00Z,4700,4700,83924.90000000034,55436.29999999986,29636.56000000005,6.305651063829798
SBKP,2019-02-01T00:00:00Z,4387,4387,78455.69999999968,50678.79999999976,28619.969999999965,6.523813540004551
SBKP,2019-03-01T00:00:00Z,4587,4587,77795.10000000008,50275.59999999996,28285.41000000005,6.166429038587323
SBKP,2019-04-01T00:00:00Z,4539,4539,76889.69999999997,49621.30000000009,28002.899999999998,6.169398545935228
SBKP,2019-05-01T00:00:00Z,4666,4666,78197.79999999997,52192.90000000003,26779.570000000014,5.739299185597946
SBKP,2019-06-01T00:00:00Z,4495,4495,76634.9,50293.89999999994,27174.070000000094,6.045399332591789
SBKP,2019-07-01T00:00:00Z,4810,4810,80351.10000000002,52420.90000000014,28882.48000000005,6.004673596673607
SBKP,2019-08-01T00:00:00Z,4755,4755,67653.09999999986,50073.40000000019,20040.050000000047,4.214521556256582
SBKP,2019-09-01T00:00:00Z,4461,4461,59868.30000000006,47113.30000000019,15549.070000000002,3.4855570499887922
SBKP,2019-10-01T00:00:00Z,4626,4626,63706.30000000013,48430.70000000033,17752.810000000012,3.837615650670128
SBKP,2019-11-01T00:00:00Z,4266,4266,60849.79999999982,46464.800000000185,16551.88,3.8799531176746367
SBKP,2019-12-01T00:00:00Z,4202,4202,58207.100000000064,46274.90000000007,14173.65999999999,3.3730747263207976
SBKP,2020-01-01T00:00:00Z,4122,4122,59635.199999999946,47524.00000000014,14225.430000000026,3.4510989810771533
SBKP,2020-02-01T00:00:00Z,3762,3762,55981.70000000005,43644.00000000004,13974.610000000042,3.714675704412558
SBKP,2020-03-01T00:00:00Z,2793,2793,35672.099999999955,29235.900000000234,7966.000000000004,2.852130325814538
SBKP,2020-04-01T00:00:00Z,640,640,8093.2999999999975,6764.000000000002,1551.43,2.424109375
SBKP,2020-05-01T00:00:00Z,778,778,9580.300000000001,8621.299999999985,1486.7500000000002,1.9109897172236507
SBKP,2020-06-01T00:00:00Z,568,568,7513.500000000006,6094.499999999997,1753.9599999999998,3.0879577464788728
SBKP,2020-07-01T00:00:00Z,791,791,10935.900000000005,8650.09999999999,2581.6199999999985,3.2637420986093533
SBKP,2020-08-01T00:00:00Z,952,952,11679.200000000004,9712.599999999999,2480.850000000001,2.6059348739495807
SBKP,2020-09-01T00:00:00Z,1982,1982,24443.8,21226.300000000134,4116.369999999998,2.0768768920282534
SBKP,2020-10-01T00:00:00Z,3288,3288,43675.999999999956,35646.800000000374,9239.930000000006,2.810197688564479
SBKP,2020-11-01T00:00:00Z,3777,3777,52172.00000000013,41291.40000000014,12154.950000000024,3.2181493248610074
SBKP,2020-12-01T00:00:00Z,3959,3959,58325.500000000015,46450.99999999976,13113.679999999982,3.3123718110633953
SBKP,2021-01-01T00:00:00Z,4070,4070,58734.199999999975,47811.000000000095,12513.179999999973,3.074491400491394
SBKP,2021-02-01T00:00:00Z,3436,3436,45503.50000000012,38621.30000000021,8218.950000000004,2.3920110593713635
SBKP,2021-03-01T00:00:00Z,3645,3645,49318.49999999994,41674.20000000023,9056.600000000017,2.4846639231824463
SBKP,2021-04-01T00:00:00Z,3071,3071,35828.99999999999,31381.500000000433,5651.3400000000065,1.8402279387821578
SBKP,2021-05-01T00:00:00Z,3586,3586,45649.40000000002,39443.400000000074,7598.979999999996,2.119068600111544
SBKP,2021-06-01T00:00:00Z,3805,3805,48912.50000000007,41119.900000000176,9165.780000000024,2.4088777923784557
SBKP,2021-07-01T00:00:00Z,4187,4187,55326.200000000004,45633.799999999996,11028.699999999993,2.6340339144972518
SBKP,2021-08-01T00:00:00Z,4606,4606,59051.29999999992,48606.10000000021,12062.85000000001,2.618942683456363
SBKP,2021-09-01T00:00:00Z,4323,4323,56712.200000000084,45900.30000000022,12073.699999999988,2.7928984501503558
SBKP,2021-10-01T00:00:00Z,4543,4543,60926.59999999987,48371.300000000156,13821.730000000049,3.042423508694706
SBKP,2021-11-01T00:00:00Z,4550,4550,61129.99999999997,49029.9999999999,13405.359999999995,2.946232967032966
SBKP,2021-12-01T00:00:00Z,4617,4617,62060.70000000011,50143.90000000004,13450.93999999998,2.9133506606021182
SBKP,2022-01-01T00:00:00Z,3817,3817,54318.40000000009,44844.79999999984,10935.27999999999,2.864888656012573
SBKP,2022-02-01T00:00:00Z,4065,4065,54076.700000000026,44915.59999999998,10533.929999999993,2.5913726937269357
SBKP,2022-03-01T00:00:00Z,4747,4747,67392.20000000004,54846.29999999964,14202.12000000002,2.991809563935121
SBKP,2022-04-01T00:00:00Z,4927,4927,65114.39999999983,52593.1999999999,14060.050000000025,2.853673635072057
SBKP,2022-05-01T00:00:00Z,5414,5414,78500.80000000038,63198.59999999935,17287.79,3.193164019209457
SBKP,2022-06-01T00:00:00Z,4750,4750,62622.300000000076,52193.29999999999,12367.240000000002,2.6036294736842107
SBPA,2019-01-01T00:00:00Z,2800,2800,37048.30000000006,27975.7999999996,10423.11999999998,3.7225428571428503
SBPA,2019-02-01T00:00:00Z,2608,2608,38884.69999999992,26104.79999999962,13609.630000000001,5.218416411042945
SBPA,2019-03-01T00:00:00Z,2626,2626,38621.299999999945,26381.9999999996,13067.509999999993,4.976203351104338
SBPA,2019-04-01T00:00:00Z,2558,2558,37213.49999999994,24987.599999999667,12944.529999999986,5.0604104769351
SBPA,2019-05-01T00:00:00Z,2554,2554,36052.89999999994,24518.999999999774,12125.27,4.747560689115113
SBPA,2019-06-01T00:00:00Z,2493,2493,36155.19999999998,24932.499999999873,11708.309999999998,4.696474127557159
SBPA,2019-07-01T00:00:00Z,2855,2855,41000.9999999999,29025.099999999937,12690.129999999986,4.444879159369522
SBPA,2019-08-01T00:00:00Z,2857,2857,42439.99999999994,28201.700000000033,15511.780000000004,5.429394469723488
SBPA,2019-09-01T00:00:00Z,2753,2753,34820.900000000016,25955.600000000173,9794.859999999991,3.5578859426080607
SBPA,2019-10-01T00:00:00Z,2857,2857,38603.90000000009,26704.900000000147,13307.269999999986,4.657777388869438
SBPA,2019-11-01T00:00:00Z,2723,2723,31363.400000000034,23714.000000000226,8509.780000000008,3.12514873301506
SBPA,2019-12-01T00:00:00Z,2972,2972,35264.80000000012,26793.200000000073,10170.230000000001,3.4220154777927325
SBPA,2020-01-01T00:00:00Z,2898,2898,33607.60000000005,25841.900000000176,10290.489999999989,3.5508937198067594
SBPA,2020-02-01T00:00:00Z,2532,2532,28799.70000000002,23460.70000000006,6943.3999999999905,2.7422590837282743
SBPA,2020-03-01T00:00:00Z,1883,1883,20938.999999999996,17321.200000000114,4991.210000000005,2.650669144981415
SBPA,2020-04-01T00:00:00Z,151,151,1551.6999999999996,1483.7000000000016,158.85000000000008,1.051986754966888
SBPA,2020-05-01T00:00:00Z,160,160,1770.1,1560.8000000000002,280.71000000000004,1.7544375000000003
SBPA,2020-06-01T00:00:00Z,230,230,2540.5,2156.1000000000013,452.7799999999999,1.9686086956521736
SBPA,2020-07-01T00:00:00Z,354,354,3849.3000000000034,3367.099999999998,629.7900000000002,1.77906779661017
SBPA,2020-08-01T00:00:00Z,395,395,4043.0000000000036,3634.2000000000007,573.8999999999999,1.452911392405063
SBPA,2020-09-01T00:00:00Z,626,626,6638.800000000002,5807.499999999991,1036.13,1.6551597444089459
SBPA,2020-10-01T00:00:00Z,1055,1055,11695.399999999992,9838.699999999986,2205.0900000000006,2.0901327014218016
SBPA,2020-11-01T00:00:00Z,1379,1379,15049.699999999997,12606.900000000021,2874.3999999999974,2.0844089920232034
SBPA,2020-12-01T00:00:00Z,1676,1676,18565.000000000007,15495.200000000046,3661.940000000001,2.1849284009546546
SBPA,2021-01-01T00:00:00Z,1761,1761,19100.69999999997,16488.300000000054,3320.940000000006,1.8858262350937
SBPA,2021-02-01T00:00:00Z,1314,1314,15257.700000000019,12655.90000000007,2927.290000000003,2.227770167427704
SBPA,2021-03-01T00:00:00Z,1032,1032,11322.200000000003,9774.300000000007,1902.1799999999996,1.8431976744186043
SBPA,2021-04-01T00:00:00Z,684,684,7453.399999999996,6423.499999999989,1308.5899999999988,1.9131432748537993
SBPA,2021-05-01T00:00:00Z,946,946,10586.800000000001,9178.000000000015,1669.2599999999986,1.764545454545453
SBPA,2021-06-01T00:00:00Z,1258,1258,14483.1,12083.500000000022,2719.9799999999977,2.162146263910968
SBPA,2021-07-01T00:00:00Z,1687,1687,19738.700000000033,16059.40000000005,4032.9800000000046,2.390622406639007
SBPA,2021-08-01T00:00:00Z,1798,1798,19792.89999999993,16374.30000000005,3923.530000000004,2.182163515016687
SBPA,2021-09-01T00:00:00Z,1766,1766,20689.999999999964,16259.700000000112,4752.770000000008,2.691262740656856
SBPA,2021-10-01T00:00:00Z,1813,1813,20711.699999999997,16565.100000000086,4467.429999999992,2.464109211252064
SBPA,2021-11-01T00:00:00Z,2181,2181,26329.999999999975,20178.499999999894,6574.789999999996,3.0145758826226485
SBPA,2021-12-01T00:00:00Z,2373,2373,27209.5,21419.200000000128,6338.07000000001,2.6709102402022795
SBPA,2022-01-01T00:00:00Z,2190,2190,25426.30000000003,20263.40000000017,5748.489999999997,2.6248812785388114
SBPA,2022-02-01T00:00:00Z,1772,1772,20525.6,16763.50000000009,4376.300000000005,2.4696952595936823
SBPA,2022-03-01T00:00:00Z,2081,2081,24964.399999999972,19758.100000000017,5712.040000000004,2.744853435848152
SBPA,2022-04-01T00:00:00Z,2174,2174,25569.799999999967,20161.300000000072,5986.540000000004,2.7536982520699187
SBPA,2022-05-01T00:00:00Z,2430,2430,29141.600000000024,23055.000000000084,6825.350000000008,2.808786008230456
SBPA,2022-06-01T00:00:00Z,2281,2281,27125.599999999977,21671.10000000004,6162.270000000005,2.701565103024991
SBRJ,2019-01-01T00:00:00Z,3678,3678,41870.99999999999,30502.89999999973,12923.760000000002,3.5138009787928226
SBRJ,2019-02-01T00:00:00Z,3329,3329,39045.59999999993,27628.899999999638,12716.980000000009,3.820060078101535
SBRJ,2019-03-01T00:00:00Z,3529,3529,44087.69999999997,29314.59999999955,15806.829999999984,4.479124397846411
SBRJ,2019-04-01T00:00:00Z,3551,3551,43467.09999999989,29485.29999999977,14919.439999999995,4.2014756406646
SBRJ,2019-05-01T00:00:00Z,3631,3631,45433.40000000002,30083.699999999735,16124.619999999966,4.440820710548049
SBRJ,2019-06-01T00:00:00Z,3282,3282,39158.299999999916,27111.399999999852,12576.789999999994,3.8320505789152937
SBRJ,2019-07-01T00:00:00Z,3597,3597,41549.30000000005,29669.899999999787,12435.200000000003,3.457103141506812
SBRJ,2019-08-01T00:00:00Z,2841,2841,32377.20000000003,23457.099999999962,10968.719999999988,3.8608658922914425
SBRJ,2019-09-01T00:00:00Z,1556,1556,17045.800000000017,12407.700000000063,4988.110000000001,3.2057262210796917
SBRJ,2019-10-01T00:00:00Z,4117,4117,46730.399999999994,34258.49999999957,14774.460000000012,3.588647073111492
SBRJ,2019-11-01T00:00:00Z,4021,4021,46209.90000000004,33552.29999999973,13350.130000000017,3.320101964685406
SBRJ,2019-12-01T00:00:00Z,4335,4335,49523,36091.099999999504,15369.380000000034,3.54541637831604
SBRJ,2020-01-01T00:00:00Z,4499,4499,55058.20000000001,37501.69999999952,20479.929999999982,4.552107134918867
SBRJ,2020-02-01T00:00:00Z,3964,3964,44877.50000000004,32930.69999999961,12824.91000000004,3.23534561049446
SBRJ,2020-03-01T00:00:00Z,2884,2884,31787.099999999937,24001.799999999814,8446.099999999995,2.9286061026352272
SBRJ,2020-04-01T00:00:00Z,189,189,1829.7000000000012,1561.499999999997,323.1499999999999,1.7097883597883594
SBRJ,2020-05-01T00:00:00Z,243,243,2261.5000000000005,1999.2000000000003,333.41,1.3720576131687243
SBRJ,2020-06-01T00:00:00Z,374,374,3510.1999999999957,3076.6999999999994,574.9400000000002,1.5372727272727278
SBRJ,2020-07-01T00:00:00Z,609,609,6275.200000000006,5039.500000000005,1383.6499999999985,2.2720032840722473
SBRJ,2020-08-01T00:00:00Z,835,835,9150.7,6939.700000000026,2382.4399999999996,2.853221556886227
SBRJ,2020-09-01T00:00:00Z,1416,1416,15268.400000000003,11799.100000000051,3765.0299999999993,2.658919491525423
SBRJ,2020-10-01T00:00:00Z,2033,2033,22134.49999999993,16955.100000000057,5548.649999999998,2.7292916871618287
SBRJ,2020-11-01T00:00:00Z,2317,2317,25623.800000000003,19310.60000000004,6754.400000000007,2.9151488994389325
SBRJ,2020-12-01T00:00:00Z,2821,2821,32379.70000000007,23393.099999999806,9443.510000000006,3.3475753278979106
SBRJ,2021-01-01T00:00:00Z,2790,2790,31194.400000000023,23204.399999999805,8518.280000000008,3.0531469534050206
SBRJ,2021-02-01T00:00:00Z,2130,2130,23523.200000000044,17669.70000000004,6227.120000000001,2.923530516431925
SBRJ,2021-03-01T00:00:00Z,1808,1808,18417.799999999992,14988.600000000075,3883.53,2.147970132743363
SBRJ,2021-04-01T00:00:00Z,1311,1311,12992.09999999999,10888.40000000005,2452.2399999999993,1.8705110602593435
SBRJ,2021-05-01T00:00:00Z,1745,1745,18206.699999999964,14477.000000000031,4091.0199999999977,2.344424068767907
SBRJ,2021-06-01T00:00:00Z,2029,2029,21525.199999999957,16803.600000000057,5085.520000000006,2.506416954164616
SBRJ,2021-07-01T00:00:00Z,2588,2588,28889.299999999952,21428.699999999866,7890.39,3.048836939721793
SBRJ,2021-08-01T00:00:00Z,2643,2643,28630.999999999953,21918.499999999854,7148.229999999999,2.70458948164964
SBRJ,2021-09-01T00:00:00Z,2818,2818,31130.100000000013,23482.799999999905,8122.560000000005,2.88238466997871
SBRJ,2021-10-01T00:00:00Z,2867,2867,31444.899999999976,23907.099999999795,8049.8999999999905,2.8077781653296094
SBRJ,2021-11-01T00:00:00Z,3140,3140,34859.600000000064,26167.69999999967,9162.190000000006,2.9178949044586004
SBRJ,2021-12-01T00:00:00Z,3417,3417,38447.000000000044,28453.599999999657,10484.859999999959,3.068440152180263
SBRJ,2022-01-01T00:00:00Z,3028,3028,33260.999999999956,25254.19999999979,8473.360000000008,2.7983355350066077
SBRJ,2022-02-01T00:00:00Z,2719,2719,30410.39999999995,22596.899999999958,8170.219999999996,3.004862081647663
SBRJ,2022-03-01T00:00:00Z,3326,3326,37963.59999999986,27682.399999999823,10708.709999999985,3.219696331930242
SBRJ,2022-04-01T00:00:00Z,3811,3811,47791.39999999992,31661.39999999957,16452.569999999967,4.317126738388866
SBRJ,2022-05-01T00:00:00Z,4190,4190,52158.100000000144,34695.59999999942,17870.76,4.26509785202864
SBRJ,2022-06-01T00:00:00Z,3876,3876,48109.99999999998,32103.69999999956,16389.02000000001,4.228333333333336
SBSP,2019-01-01T00:00:00Z,7666,7666,111530.2999999998,80057.69999999879,35437.63000000004,4.622701539264289
SBSP,2019-02-01T00:00:00Z,6803,6803,111859.69999999968,70764.90000000001,43126.030000000006,6.339266500073498
SBSP,2019-03-01T00:00:00Z,7238,7238,103147.40000000047,73886.69999999796,32104.29999999999,4.435520862116605
SBSP,2019-04-01T00:00:00Z,7059,7059,106455.00000000003,71427.49999999821,36917.38999999996,5.22983283751239
SBSP,2019-05-01T00:00:00Z,7117,7117,105968.49999999977,73702.5999999992,33944.83000000002,4.769541941829426
SBSP,2019-06-01T00:00:00Z,6492,6492,92701.40000000014,67900.59999999982,26616.560000000027,4.099901417128778
SBSP,2019-07-01T00:00:00Z,7102,7102,97595.89999999985,73051.3999999989,26555.570000000025,3.739167840045061
SBSP,2019-08-01T00:00:00Z,7027,7027,105349.40000000039,71327.59999999814,37651.199999999975,5.358075992599968
SBSP,2019-09-01T00:00:00Z,7235,7235,104387.29999999971,73427.099999998,32643.880000000052,4.511939184519703
SBSP,2019-10-01T00:00:00Z,7491,7491,111574.8,74571.99999999828,40756.840000000026,5.440774262448275
SBSP,2019-11-01T00:00:00Z,7332,7332,109020.00000000029,71468.09999999806,39512.2500000001,5.389013911620308
SBSP,2019-12-01T00:00:00Z,7581,7581,111451.10000000031,75161.39999999857,40827.63000000007,5.3855203798971205
SBSP,2020-01-01T00:00:00Z,7750,7750,113982.39999999962,77510.3999999979,43520.83000000005,5.615590967741943
SBSP,2020-02-01T00:00:00Z,6923,6923,102645.49999999994,68404.99999999891,36452.51000000017,5.2654210602340275
SBSP,2020-03-01T00:00:00Z,4970,4970,66267.90000000002,47908.19999999987,20258.21000000006,4.076098591549308
SBSP,2020-04-01T00:00:00Z,44,44,415.90000000000003,426.90000000000003,18.64,0.42363636363636364
SBSP,2020-05-01T00:00:00Z,25,25,257.5,255.89999999999995,22.619999999999997,0.9047999999999999
SBSP,2020-06-01T00:00:00Z,346,346,3827.800000000001,3517.8999999999955,544.7599999999998,1.5744508670520225
SBSP,2020-07-01T00:00:00Z,618,618,6512.600000000001,6229.5999999999985,735.7599999999999,1.1905501618122976
SBSP,2020-08-01T00:00:00Z,522,522,6430.700000000003,1188.0000000000007,5303.950000000002,10.160823754789275
SBSP,2020-09-01T00:00:00Z,887,887,9548.499999999995,7744.799999999986,2284.9900000000016,2.5760879368658416
SBSP,2020-10-01T00:00:00Z,1898,1898,21209.4,18426.300000000138,3759.78,1.9809167544783983
SBSP,2020-11-01T00:00:00Z,2446,2446,27063.599999999973,23348.200000000164,4862.340000000009,1.9878740801308297
SBSP,2020-12-01T00:00:00Z,2957,2957,36208.5,29520.700000000037,8034.269999999981,2.7170341562394253
SBSP,2021-01-01T00:00:00Z,3424,3424,41258.199999999975,34264.80000000023,8609.16,2.514357476635514
SBSP,2021-02-01T00:00:00Z,2550,2550,28547.200000000008,25207.1000000001,4704.790000000006,1.8450156862745122
SBSP,2021-03-01T00:00:00Z,2077,2077,23339.099999999977,20656.100000000108,3754.3900000000017,1.8076023110255184
SBSP,2021-04-01T00:00:00Z,1159,1159,11678.100000000019,10816.200000000043,1526.2300000000027,1.3168507333908566
SBSP,2021-05-01T00:00:00Z,1735,1735,19460.50000000001,17489.299999999963,2964.9199999999987,1.7088876080691635
SBSP,2021-06-01T00:00:00Z,2119,2119,23779.8,20699.000000000156,4124.189999999992,1.9462907031618653
SBSP,2021-07-01T00:00:00Z,3332,3332,40227.400000000074,33694.2000000001,7948.880000000011,2.3856182472989227
SBSP,2021-08-01T00:00:00Z,3236,3236,38415.099999999904,32159.500000000204,7721.239999999995,2.3860444993819514
SBSP,2021-09-01T00:00:00Z,3757,3757,46114.59999999991,36977.89999999993,10691.309999999998,2.845704019164226
SBSP,2021-10-01T00:00:00Z,4055,4055,50198.70000000001,39771.19999999972,11948.520000000017,2.9466140567201027
SBSP,2021-11-01T00:00:00Z,4398,4398,56759.50000000013,43306.100000000246,14975.160000000044,3.404993178717609
SBSP,2021-12-01T00:00:00Z,5222,5222,67860.89999999994,51692.19999999942,17822.54999999999,3.4129739563385653
SBSP,2022-01-01T00:00:00Z,5293,5293,69811.29999999964,54260.49999999975,17229.44000000002,3.2551369733610467
SBSP,2022-02-01T00:00:00Z,4084,4084,51839.20000000005,40541.0999999998,12746.119999999977,3.12098922624877
SBSP,2022-03-01T00:00:00Z,4606,4606,64137.599999999955,47457.59999999981,18012.850000000024,3.910735996526275
SBSP,2022-04-01T00:00:00Z,5553,5553,78638.9999999997,55682.499999999396,24353.800000000036,4.385701422654427
SBSP,2022-05-01T00:00:00Z,6390,6390,95525.69999999981,66565.40000000011,30409.910000000007,4.758984350547732
SBSP,2022-06-01T00:00:00Z,5934,5934,81459.39999999978,60846.29999999992,22376.02000000005,3.7708156386922904
SBSV,2019-01-01T00:00:00Z,2914,2914,35576.90000000002,24873.899999999896,12255.320000000014,4.205669183253265
SBSV,2019-02-01T00:00:00Z,2279,2279,29234.400000000038,20185.00000000009,10229.049999999996,4.48839403247038
SBSV,2019-03-01T00:00:00Z,2436,2436,33578.799999999974,23099.999999999774,11594.33,4.759577175697865
SBSV,2019-04-01T00:00:00Z,1923,1923,26027.399999999976,18177.59999999985,8654.489999999996,4.500514820592822
SBSV,2019-05-01T00:00:00Z,1705,1705,22295.700000000023,15308.600000000082,7357.190000000012,4.3150674486803595
SBSV,2019-06-01T00:00:00Z,1781,1781,24077.200000000023,16329.500000000166,8056.820000000007,4.523761931499162
SBSV,2019-07-01T00:00:00Z,2479,2479,32219.699999999993,22199.999999999814,10588.070000000003,4.2711052843888675
SBSV,2019-08-01T00:00:00Z,2237,2237,30140.799999999963,20226.099999999908,11159.300000000007,4.988511399195354
SBSV,2019-09-01T00:00:00Z,2194,2194,25068.7,19225.199999999855,6677.110000000004,3.0433500455788534
SBSV,2019-10-01T00:00:00Z,2254,2254,26748.90000000002,18584.900000000005,9444.790000000005,4.190235137533276
SBSV,2019-11-01T00:00:00Z,2389,2389,27611.800000000072,21028.600000000086,7329.920000000001,3.068195897865216
SBSV,2019-12-01T00:00:00Z,2669,2669,30503.799999999977,23250.599999999995,8755.200000000023,3.2803297115024437
SBSV,2020-01-01T00:00:00Z,2726,2726,31817.50000000002,23836.39999999994,10129.850000000011,3.7160124724871646
SBSV,2020-02-01T00:00:00Z,2415,2415,27256.90000000007,21001.400000000067,6953.850000000009,2.8794409937888235
SBSV,2020-03-01T00:00:00Z,1752,1752,20241.800000000047,16317.900000000081,4757.799999999996,2.71563926940639
SBSV,2020-04-01T00:00:00Z,163,163,1717.1000000000013,1519.499999999999,291.0900000000001,1.7858282208588963
SBSV,2020-05-01T00:00:00Z,203,203,2135.6000000000004,1855.900000000003,439.69,2.165960591133005
SBSV,2020-06-01T00:00:00Z,230,230,2941.2999999999997,2580.2999999999956,540.5899999999999,2.3503913043478257
SBSV,2020-07-01T00:00:00Z,404,404,5849.200000000002,4965.099999999994,1062.8000000000002,2.6306930693069313
SBSV,2020-08-01T00:00:00Z,528,528,7771.600000000004,6449.999999999987,1545.5799999999988,2.9272348484848463
SBSV,2020-09-01T00:00:00Z,845,845,9369.90000000001,7293.49999999999,2383.0599999999963,2.8201893491124217
SBSV,2020-10-01T00:00:00Z,1356,1356,14970.999999999989,11605.799999999996,3776.779999999995,2.7852359882005864
SBSV,2020-11-01T00:00:00Z,1486,1486,18283.10000000001,13419.700000000015,5210.070000000008,3.5061036339165597
SBSV,2020-12-01T00:00:00Z,2029,2029,24182.29999999999,17150.99999999998,7394.080000000006,3.6441991128634825
SBSV,2021-01-01T00:00:00Z,2452,2452,30015.20000000005,20679.69999999999,9893.08,4.034698205546492
SBSV,2021-02-01T00:00:00Z,1672,1672,18519.699999999986,14122.699999999957,4775.190000000004,2.8559748803827776
SBSV,2021-03-01T00:00:00Z,1472,1472,16838.300000000014,12553.299999999996,4805.460000000007,3.264578804347831
SBSV,2021-04-01T00:00:00Z,861,861,9270.999999999996,7374.000000000015,2133.4399999999996,2.4778629500580713
SBSV,2021-05-01T00:00:00Z,1101,1101,12804.999999999998,9571.299999999972,3481.8599999999974,3.162452316076292
SBSV,2021-06-01T00:00:00Z,1440,1440,16557.200000000015,12282.699999999992,4669.509999999998,3.242715277777777
SBSV,2021-07-01T00:00:00Z,1961,1961,22804.499999999978,16918.09999999998,6269.170000000002,3.196925038245794
SBSV,2021-08-01T00:00:00Z,1723,1723,21389.099999999973,14960.399999999969,6706.149999999999,3.892135809634358
SBSV,2021-09-01T00:00:00Z,1955,1955,25758.99999999996,16865.29999999998,9151.449999999986,4.6810485933503765
SBSV,2021-10-01T00:00:00Z,2008,2008,24111.299999999985,17325.699999999975,7184.730000000012,3.578052788844628
SBSV,2021-11-01T00:00:00Z,2106,2106,25990.1,18794.69999999999,7632.359999999999,3.6241025641025635
SBSV,2021-12-01T00:00:00Z,2566,2566,31375.600000000013,22122.299999999894,9648.960000000045,3.7603117692907424
SBSV,2022-01-01T00:00:00Z,2591,2591,31872.80000000005,21987.999999999975,10291.659999999996,3.972080277884985
SBSV,2022-02-01T00:00:00Z,2068,2068,24178.800000000032,17627.39999999993,6942.15000000001,3.3569390715667358
SBSV,2022-03-01T00:00:00Z,2307,2307,27018.199999999983,19714.299999999927,7760.8800000000065,3.3640572171651524
SBSV,2022-04-01T00:00:00Z,2118,2118,25754.2,18547.199999999975,7625.6200000000035,3.600387157695941
SBSV,2022-05-01T00:00:00Z,2056,2056,24890.900000000052,18428.699999999917,6917.260000000009,3.364426070038915
SBSV,2022-06-01T00:00:00Z,1971,1971,24077.899999999998,17537.399999999943,7002.060000000003,3.55254185692542
