FIR,ano,mes,dia,mov
BRASIL,2016,1,1,2878
BRASIL,2016,1,2,3654
BRASIL,2016,1,3,4452
BRASIL,2016,1,4,5138
BRASIL,2016,1,5,5188
BRASIL,2016,1,6,4945
BRASIL,2016,1,7,5142
BRASIL,2016,1,8,5147
BRASIL,2016,1,9,4269
BRASIL,2016,1,10,4108
BRASIL,2016,1,11,4824
BRASIL,2016,1,12,4572
BRASIL,2016,1,13,4865
BRASIL,2016,1,14,4855
BRASIL,2016,1,15,4780
BRASIL,2016,1,16,4122
BRASIL,2016,1,17,4164
BRASIL,2016,1,18,4985
BRASIL,2016,1,19,4872
BRASIL,2016,1,20,4983
BRASIL,2016,1,21,5222
BRASIL,2016,1,22,5412
BRASIL,2016,1,23,4515
BRASIL,2016,1,24,4119
BRASIL,2016,1,25,5170
BRASIL,2016,1,26,5201
BRASIL,2016,1,27,4943
BRASIL,2016,1,28,5249
BRASIL,2016,1,29,5332
BRASIL,2016,1,30,4347
BRASIL,2016,1,31,4187
BRASIL,2016,2,1,4882
BRASIL,2016,2,2,4954
BRASIL,2016,2,3,4941
BRASIL,2016,2,4,5489
BRASIL,2016,2,5,6316
BRASIL,2016,2,6,4498
BRASIL,2016,2,7,3115
BRASIL,2016,2,8,3254
BRASIL,2016,2,9,3898
BRASIL,2016,2,10,5186
BRASIL,2016,2,11,4489
BRASIL,2016,2,12,4863
BRASIL,2016,2,13,3900
BRASIL,2016,2,14,4252
BRASIL,2016,2,15,4770
BRASIL,2016,2,16,4762
BRASIL,2016,2,17,5073
BRASIL,2016,2,18,5268
BRASIL,2016,2,19,5623
BRASIL,2016,2,20,4161
BRASIL,2016,2,21,3818
BRASIL,2016,2,22,4697
BRASIL,2016,2,23,4389
BRASIL,2016,2,24,4637
BRASIL,2016,2,25,5143
BRASIL,2016,2,26,5629
BRASIL,2016,2,27,4099
BRASIL,2016,2,28,3764
BRASIL,2016,2,29,4696
BRASIL,2016,3,1,4560
BRASIL,2016,3,2,4820
BRASIL,2016,3,3,4852
BRASIL,2016,3,4,5198
BRASIL,2016,3,5,3822
BRASIL,2016,3,6,3758
BRASIL,2016,3,7,4947
BRASIL,2016,3,8,4886
BRASIL,2016,3,9,4717
BRASIL,2016,3,10,4739
BRASIL,2016,3,11,5003
BRASIL,2016,3,12,4119
BRASIL,2016,3,13,3720
BRASIL,2016,3,14,4869
BRASIL,2016,3,15,4938
BRASIL,2016,3,16,5023
BRASIL,2016,3,17,5253
BRASIL,2016,3,18,5602
BRASIL,2016,3,19,4261
BRASIL,2016,3,20,3911
BRASIL,2016,3,21,4787
BRASIL,2016,3,22,4831
BRASIL,2016,3,23,5051
BRASIL,2016,3,24,5450
BRASIL,2016,3,25,3613
BRASIL,2016,3,26,2899
BRASIL,2016,3,27,4484
BRASIL,2016,3,28,5013
BRASIL,2016,3,29,5037
BRASIL,2016,3,30,4999
BRASIL,2016,3,31,5070
BRASIL,2016,4,1,5220
BRASIL,2016,4,2,4091
BRASIL,2016,4,3,3806
BRASIL,2016,4,4,4671
BRASIL,2016,4,5,4837
BRASIL,2016,4,6,5114
BRASIL,2016,4,7,5228
BRASIL,2016,4,8,5430
BRASIL,2016,4,9,3976
BRASIL,2016,4,10,3709
BRASIL,2016,4,11,4620
BRASIL,2016,4,12,4720
BRASIL,2016,4,13,4996
BRASIL,2016,4,14,5244
BRASIL,2016,4,15,5397
BRASIL,2016,4,16,4118
BRASIL,2016,4,17,3899
BRASIL,2016,4,18,4868
BRASIL,2016,4,19,4979
BRASIL,2016,4,20,5441
BRASIL,2016,4,21,4885
BRASIL,2016,4,22,3596
BRASIL,2016,4,23,3094
BRASIL,2016,4,24,4625
BRASIL,2016,4,25,4783
BRASIL,2016,4,26,4412
BRASIL,2016,4,27,4506
BRASIL,2016,4,28,5054
BRASIL,2016,4,29,5006
BRASIL,2016,4,30,3847
BRASIL,2016,5,1,3778
BRASIL,2016,5,2,4759
BRASIL,2016,5,3,4875
BRASIL,2016,5,4,4685
BRASIL,2016,5,5,5138
BRASIL,2016,5,6,5138
BRASIL,2016,5,7,3838
BRASIL,2016,5,8,3376
BRASIL,2016,5,9,4245
BRASIL,2016,5,10,4039
BRASIL,2016,5,11,4595
BRASIL,2016,5,12,4876
BRASIL,2016,5,13,4925
BRASIL,2016,5,14,3930
BRASIL,2016,5,15,3816
BRASIL,2016,5,16,4421
BRASIL,2016,5,17,4317
BRASIL,2016,5,18,4369
BRASIL,2016,5,19,4541
BRASIL,2016,5,20,4987
BRASIL,2016,5,21,3709
BRASIL,2016,5,22,3575
BRASIL,2016,5,23,4547
BRASIL,2016,5,24,4818
BRASIL,2016,5,25,5448
BRASIL,2016,5,26,4603
BRASIL,2016,5,27,2964
BRASIL,2016,5,28,3079
BRASIL,2016,5,29,3943
BRASIL,2016,5,30,4318
BRASIL,2016,5,31,4520
BRASIL,2016,6,1,4706
BRASIL,2016,6,2,4782
BRASIL,2016,6,3,4563
BRASIL,2016,6,4,3705
BRASIL,2016,6,5,3412
BRASIL,2016,6,6,4319
BRASIL,2016,6,7,4262
BRASIL,2016,6,8,4757
BRASIL,2016,6,9,5042
BRASIL,2016,6,10,4979
BRASIL,2016,6,11,3973
BRASIL,2016,6,12,3649
BRASIL,2016,6,13,4604
BRASIL,2016,6,14,4828
BRASIL,2016,6,15,5080
BRASIL,2016,6,16,4882
BRASIL,2016,6,17,5054
BRASIL,2016,6,18,3949
BRASIL,2016,6,19,3643
BRASIL,2016,6,20,4512
BRASIL,2016,6,21,4666
BRASIL,2016,6,22,4857
BRASIL,2016,6,23,5236
BRASIL,2016,6,24,5190
BRASIL,2016,6,25,4033
BRASIL,2016,6,26,3874
BRASIL,2016,6,27,4872
BRASIL,2016,6,28,4920
BRASIL,2016,6,29,5037
BRASIL,2016,6,30,5135
BRASIL,2016,7,1,5183
BRASIL,2016,7,2,4306
BRASIL,2016,7,3,3996
BRASIL,2016,7,4,4802
BRASIL,2016,7,5,4902
BRASIL,2016,7,6,5019
BRASIL,2016,7,7,5482
BRASIL,2016,7,8,5499
BRASIL,2016,7,9,4203
BRASIL,2016,7,10,4058
BRASIL,2016,7,11,4796
BRASIL,2016,7,12,4881
BRASIL,2016,7,13,5014
BRASIL,2016,7,14,5144
BRASIL,2016,7,15,5266
BRASIL,2016,7,16,3973
BRASIL,2016,7,17,4061
BRASIL,2016,7,18,4852
BRASIL,2016,7,19,4814
BRASIL,2016,7,20,4958
BRASIL,2016,7,21,5124
BRASIL,2016,7,22,5233
BRASIL,2016,7,23,4309
BRASIL,2016,7,24,4194
BRASIL,2016,7,25,4841
BRASIL,2016,7,26,4933
BRASIL,2016,7,27,5034
BRASIL,2016,7,28,5088
BRASIL,2016,7,29,5510
BRASIL,2016,7,30,4477
BRASIL,2016,7,31,4378
BRASIL,2016,8,1,4693
BRASIL,2016,8,2,4952
BRASIL,2016,8,3,4888
BRASIL,2016,8,4,5272
BRASIL,2016,8,5,5428
BRASIL,2016,8,6,4173
BRASIL,2016,8,7,3710
BRASIL,2016,8,8,4726
BRASIL,2016,8,9,4568
BRASIL,2016,8,10,4698
BRASIL,2016,8,11,5175
BRASIL,2016,8,12,5190
BRASIL,2016,8,13,4236
BRASIL,2016,8,14,3654
BRASIL,2016,8,15,4484
BRASIL,2016,8,16,4490
BRASIL,2016,8,17,4474
BRASIL,2016,8,18,4725
BRASIL,2016,8,19,4661
BRASIL,2016,8,20,3574
BRASIL,2016,8,21,3450
BRASIL,2016,8,22,5049
BRASIL,2016,8,23,4891
BRASIL,2016,8,24,4907
BRASIL,2016,8,25,5080
BRASIL,2016,8,26,5490
BRASIL,2016,8,27,4172
BRASIL,2016,8,28,3851
BRASIL,2016,8,29,4538
BRASIL,2016,8,30,4526
BRASIL,2016,8,31,4480
BRASIL,2016,9,1,5117
BRASIL,2016,9,2,5083
BRASIL,2016,9,3,3765
BRASIL,2016,9,4,3489
BRASIL,2016,9,5,4190
BRASIL,2016,9,6,4435
BRASIL,2016,9,7,3862
BRASIL,2016,9,8,4580
BRASIL,2016,9,9,4937
BRASIL,2016,9,10,3999
BRASIL,2016,9,11,4060
BRASIL,2016,9,12,4681
BRASIL,2016,9,13,4452
BRASIL,2016,9,14,4582
BRASIL,2016,9,15,4965
BRASIL,2016,9,16,4944
BRASIL,2016,9,17,4290
BRASIL,2016,9,18,3703
BRASIL,2016,9,19,4702
BRASIL,2016,9,20,4680
BRASIL,2016,9,21,4936
BRASIL,2016,9,22,5174
BRASIL,2016,9,23,5256
BRASIL,2016,9,24,4201
BRASIL,2016,9,25,3882
BRASIL,2016,9,26,4815
BRASIL,2016,9,27,5001
BRASIL,2016,9,28,5106
BRASIL,2016,9,29,5385
BRASIL,2016,9,30,5268
BRASIL,2016,10,1,4031
BRASIL,2016,10,2,3671
BRASIL,2016,10,3,4492
BRASIL,2016,10,4,4390
BRASIL,2016,10,5,4666
BRASIL,2016,10,6,4755
BRASIL,2016,10,7,5327
BRASIL,2016,10,8,4407
BRASIL,2016,10,9,3869
BRASIL,2016,10,10,4540
BRASIL,2016,10,11,4639
BRASIL,2016,10,12,3952
BRASIL,2016,10,13,4310
BRASIL,2016,10,14,4834
BRASIL,2016,10,15,3898
BRASIL,2016,10,16,4296
BRASIL,2016,10,17,4671
BRASIL,2016,10,18,4708
BRASIL,2016,10,19,4816
BRASIL,2016,10,20,4850
BRASIL,2016,10,21,4898
BRASIL,2016,10,22,3852
BRASIL,2016,10,23,3741
BRASIL,2016,10,24,4606
BRASIL,2016,10,25,4326
BRASIL,2016,10,26,4596
BRASIL,2016,10,27,4754
BRASIL,2016,10,28,5275
BRASIL,2016,10,29,3889
BRASIL,2016,10,30,3740
BRASIL,2016,10,31,4631
BRASIL,2016,11,1,4393
BRASIL,2016,11,2,3913
BRASIL,2016,11,3,4560
BRASIL,2016,11,4,4636
BRASIL,2016,11,5,3724
BRASIL,2016,11,6,3790
BRASIL,2016,11,7,4513
BRASIL,2016,11,8,4609
BRASIL,2016,11,9,4746
BRASIL,2016,11,10,5161
BRASIL,2016,11,11,5299
BRASIL,2016,11,12,4086
BRASIL,2016,11,13,2914
BRASIL,2016,11,14,3464
BRASIL,2016,11,15,4526
BRASIL,2016,11,16,4652
BRASIL,2016,11,17,4744
BRASIL,2016,11,18,4793
BRASIL,2016,11,19,4016
BRASIL,2016,11,20,4069
BRASIL,2016,11,21,4466
BRASIL,2016,11,22,4549
BRASIL,2016,11,23,4386
BRASIL,2016,11,24,4940
BRASIL,2016,11,25,5087
BRASIL,2016,11,26,3925
BRASIL,2016,11,27,3794
BRASIL,2016,11,28,4640
BRASIL,2016,11,29,4483
BRASIL,2016,11,30,4564
BRASIL,2016,12,1,4951
BRASIL,2016,12,2,5044
BRASIL,2016,12,3,3699
BRASIL,2016,12,4,3476
BRASIL,2016,12,5,4668
BRASIL,2016,12,6,4896
BRASIL,2016,12,7,4922
BRASIL,2016,12,8,4891
BRASIL,2016,12,9,4742
BRASIL,2016,12,10,3704
BRASIL,2016,12,11,3681
BRASIL,2016,12,12,4495
BRASIL,2016,12,13,4675
BRASIL,2016,12,14,4540
BRASIL,2016,12,15,4776
BRASIL,2016,12,16,5074
BRASIL,2016,12,17,4226
BRASIL,2016,12,18,3871
BRASIL,2016,12,19,4706
BRASIL,2016,12,20,4784
BRASIL,2016,12,21,4739
BRASIL,2016,12,22,4946
BRASIL,2016,12,23,4950
BRASIL,2016,12,24,3353
BRASIL,2016,12,25,2974
BRASIL,2016,12,26,4870
BRASIL,2016,12,27,4736
BRASIL,2016,12,28,4618
BRASIL,2016,12,29,4599
BRASIL,2016,12,30,4203
BRASIL,2016,12,31,2963
BRASIL,2017,1,1,3034
BRASIL,2017,1,2,4476
BRASIL,2017,1,3,4438
BRASIL,2017,1,4,4478
BRASIL,2017,1,5,4514
BRASIL,2017,1,6,4386
BRASIL,2017,1,7,3918
BRASIL,2017,1,8,3831
BRASIL,2017,1,9,4634
BRASIL,2017,1,10,4461
BRASIL,2017,1,11,4643
BRASIL,2017,1,12,4727
BRASIL,2017,1,13,4714
BRASIL,2017,1,14,4039
BRASIL,2017,1,15,3820
BRASIL,2017,1,16,4474
BRASIL,2017,1,17,4421
BRASIL,2017,1,18,4430
BRASIL,2017,1,19,4596
BRASIL,2017,1,20,4640
BRASIL,2017,1,21,3760
BRASIL,2017,1,22,3463
BRASIL,2017,1,23,4410
BRASIL,2017,1,24,4570
BRASIL,2017,1,25,4479
BRASIL,2017,1,26,4623
BRASIL,2017,1,27,4752
BRASIL,2017,1,28,3770
BRASIL,2017,1,29,3652
BRASIL,2017,1,30,4600
BRASIL,2017,1,31,4532
BRASIL,2017,2,1,4363
BRASIL,2017,2,2,4471
BRASIL,2017,2,3,4759
BRASIL,2017,2,4,3748
BRASIL,2017,2,5,3666
BRASIL,2017,2,6,4488
BRASIL,2017,2,7,4526
BRASIL,2017,2,8,4571
BRASIL,2017,2,9,4863
BRASIL,2017,2,10,4775
BRASIL,2017,2,11,3733
BRASIL,2017,2,12,3430
BRASIL,2017,2,13,4572
BRASIL,2017,2,14,4559
BRASIL,2017,2,15,5012
BRASIL,2017,2,16,5051
BRASIL,2017,2,17,5007
BRASIL,2017,2,18,3904
BRASIL,2017,2,19,3606
BRASIL,2017,2,20,4644
BRASIL,2017,2,21,4776
BRASIL,2017,2,22,4832
BRASIL,2017,2,23,5125
BRASIL,2017,2,24,5479
BRASIL,2017,2,25,4300
BRASIL,2017,2,26,2703
BRASIL,2017,2,27,2984
BRASIL,2017,2,28,3485
BRASIL,2017,3,1,4782
BRASIL,2017,3,2,4347
BRASIL,2017,3,3,4544
BRASIL,2017,3,4,3795
BRASIL,2017,3,5,3717
BRASIL,2017,3,6,4581
BRASIL,2017,3,7,4593
BRASIL,2017,3,8,4630
BRASIL,2017,3,9,4916
BRASIL,2017,3,10,5105
BRASIL,2017,3,11,3995
BRASIL,2017,3,12,3724
BRASIL,2017,3,13,4627
BRASIL,2017,3,14,4563
BRASIL,2017,3,15,4852
BRASIL,2017,3,16,5039
BRASIL,2017,3,17,5155
BRASIL,2017,3,18,3781
BRASIL,2017,3,19,3514
BRASIL,2017,3,20,4732
BRASIL,2017,3,21,4697
BRASIL,2017,3,22,4992
BRASIL,2017,3,23,4991
BRASIL,2017,3,24,5258
BRASIL,2017,3,25,4223
BRASIL,2017,3,26,3794
BRASIL,2017,3,27,4571
BRASIL,2017,3,28,4608
BRASIL,2017,3,29,4965
BRASIL,2017,3,30,5108
BRASIL,2017,3,31,5280
BRASIL,2017,4,1,3829
BRASIL,2017,4,2,3688
BRASIL,2017,4,3,4742
BRASIL,2017,4,4,4853
BRASIL,2017,4,5,4748
BRASIL,2017,4,6,4630
BRASIL,2017,4,7,4770
BRASIL,2017,4,8,3716
BRASIL,2017,4,9,3478
BRASIL,2017,4,10,4656
BRASIL,2017,4,11,4796
BRASIL,2017,4,12,4773
BRASIL,2017,4,13,5348
BRASIL,2017,4,14,3763
BRASIL,2017,4,15,2862
BRASIL,2017,4,16,3782
BRASIL,2017,4,17,4775
BRASIL,2017,4,18,4657
BRASIL,2017,4,19,4946
BRASIL,2017,4,20,5226
BRASIL,2017,4,21,4056
BRASIL,2017,4,22,3171
BRASIL,2017,4,23,3969
BRASIL,2017,4,24,4844
BRASIL,2017,4,25,4801
BRASIL,2017,4,26,4424
BRASIL,2017,4,27,4904
BRASIL,2017,4,28,5343
BRASIL,2017,4,29,4012
BRASIL,2017,4,30,3072
BRASIL,2017,5,1,4644
BRASIL,2017,5,2,4601
BRASIL,2017,5,3,4830
BRASIL,2017,5,4,5078
BRASIL,2017,5,5,4976
BRASIL,2017,5,6,3926
BRASIL,2017,5,7,3665
BRASIL,2017,5,8,4734
BRASIL,2017,5,9,4786
BRASIL,2017,5,10,4870
BRASIL,2017,5,11,5100
BRASIL,2017,5,12,5198
BRASIL,2017,5,13,4045
BRASIL,2017,5,14,3346
BRASIL,2017,5,15,4592
BRASIL,2017,5,16,4540
BRASIL,2017,5,17,4566
BRASIL,2017,5,18,4611
BRASIL,2017,5,19,4410
BRASIL,2017,5,20,3397
BRASIL,2017,5,21,3187
BRASIL,2017,5,22,4525
BRASIL,2017,5,23,4565
BRASIL,2017,5,24,4575
BRASIL,2017,5,25,4902
BRASIL,2017,5,26,5206
BRASIL,2017,5,27,3802
BRASIL,2017,5,28,3421
BRASIL,2017,5,29,4489
BRASIL,2017,5,30,4336
BRASIL,2017,5,31,4391
BRASIL,2017,6,1,4879
BRASIL,2017,6,2,5320
BRASIL,2017,6,3,4156
BRASIL,2017,6,4,3784
BRASIL,2017,6,5,4498
BRASIL,2017,6,6,4451
BRASIL,2017,6,7,4703
BRASIL,2017,6,8,4924
BRASIL,2017,6,9,5004
BRASIL,2017,6,10,4220
BRASIL,2017,6,11,3828
BRASIL,2017,6,12,4686
BRASIL,2017,6,13,4488
BRASIL,2017,6,14,4952
BRASIL,2017,6,15,4497
BRASIL,2017,6,16,3577
BRASIL,2017,6,17,3407
BRASIL,2017,6,18,4352
BRASIL,2017,6,19,4607
BRASIL,2017,6,20,4624
BRASIL,2017,6,21,4659
BRASIL,2017,6,22,5052
BRASIL,2017,6,23,5459
BRASIL,2017,6,24,4219
BRASIL,2017,6,25,3823
BRASIL,2017,6,26,4800
BRASIL,2017,6,27,4931
BRASIL,2017,6,28,5008
BRASIL,2017,6,29,5178
BRASIL,2017,6,30,5312
BRASIL,2017,7,1,4372
BRASIL,2017,7,2,3922
BRASIL,2017,7,3,4741
BRASIL,2017,7,4,4947
BRASIL,2017,7,5,5040
BRASIL,2017,7,6,5302
BRASIL,2017,7,7,5229
BRASIL,2017,7,8,4285
BRASIL,2017,7,9,3923
BRASIL,2017,7,10,4774
BRASIL,2017,7,11,5000
BRASIL,2017,7,12,5119
BRASIL,2017,7,13,5276
BRASIL,2017,7,14,5401
BRASIL,2017,7,15,4417
BRASIL,2017,7,16,4067
BRASIL,2017,7,17,4622
BRASIL,2017,7,18,4704
BRASIL,2017,7,19,4933
BRASIL,2017,7,20,5099
BRASIL,2017,7,21,5413
BRASIL,2017,7,22,4298
BRASIL,2017,7,23,4062
BRASIL,2017,7,24,4956
BRASIL,2017,7,25,5084
BRASIL,2017,7,26,5108
BRASIL,2017,7,27,5363
BRASIL,2017,7,28,5400
BRASIL,2017,7,29,4316
BRASIL,2017,7,30,4141
BRASIL,2017,7,31,4870
BRASIL,2017,8,1,4953
BRASIL,2017,8,2,4986
BRASIL,2017,8,3,4905
BRASIL,2017,8,4,5144
BRASIL,2017,8,5,3981
BRASIL,2017,8,6,3985
BRASIL,2017,8,7,4854
BRASIL,2017,8,8,4939
BRASIL,2017,8,9,5060
BRASIL,2017,8,10,5182
BRASIL,2017,8,11,5444
BRASIL,2017,8,12,4175
BRASIL,2017,8,13,3659
BRASIL,2017,8,14,4694
BRASIL,2017,8,15,4784
BRASIL,2017,8,16,4702
BRASIL,2017,8,17,4687
BRASIL,2017,8,18,4990
BRASIL,2017,8,19,3938
BRASIL,2017,8,20,3474
BRASIL,2017,8,21,4596
BRASIL,2017,8,22,4754
BRASIL,2017,8,23,5043
BRASIL,2017,8,24,5217
BRASIL,2017,8,25,5613
BRASIL,2017,8,26,4418
BRASIL,2017,8,27,3976
BRASIL,2017,8,28,5130
BRASIL,2017,8,29,5020
BRASIL,2017,8,30,5196
BRASIL,2017,8,31,5081
BRASIL,2017,9,1,5168
BRASIL,2017,9,2,4095
BRASIL,2017,9,3,3925
BRASIL,2017,9,4,5020
BRASIL,2017,9,5,5122
BRASIL,2017,9,6,5832
BRASIL,2017,9,7,5249
BRASIL,2017,9,8,3945
BRASIL,2017,9,9,3497
BRASIL,2017,9,10,4893
BRASIL,2017,9,11,5082
BRASIL,2017,9,12,4734
BRASIL,2017,9,13,5147
BRASIL,2017,9,14,5135
BRASIL,2017,9,15,5430
BRASIL,2017,9,16,4252
BRASIL,2017,9,17,3919
BRASIL,2017,9,18,5039
BRASIL,2017,9,19,5071
BRASIL,2017,9,20,5183
BRASIL,2017,9,21,5450
BRASIL,2017,9,22,5582
BRASIL,2017,9,23,4408
BRASIL,2017,9,24,4100
BRASIL,2017,9,25,4961
BRASIL,2017,9,26,5014
BRASIL,2017,9,27,5129
BRASIL,2017,9,28,5553
BRASIL,2017,9,29,4979
BRASIL,2017,9,30,3722
BRASIL,2017,10,1,3847
BRASIL,2017,10,2,4459
BRASIL,2017,10,3,4593
BRASIL,2017,10,4,5098
BRASIL,2017,10,5,5484
BRASIL,2017,10,6,5518
BRASIL,2017,10,7,4117
BRASIL,2017,10,8,3872
BRASIL,2017,10,9,4812
BRASIL,2017,10,10,4928
BRASIL,2017,10,11,5514
BRASIL,2017,10,12,4946
BRASIL,2017,10,13,3790
BRASIL,2017,10,14,3587
BRASIL,2017,10,15,4641
BRASIL,2017,10,16,5031
BRASIL,2017,10,17,5085
BRASIL,2017,10,18,5115
BRASIL,2017,10,19,5144
BRASIL,2017,10,20,5533
BRASIL,2017,10,21,3939
BRASIL,2017,10,22,3660
BRASIL,2017,10,23,4695
BRASIL,2017,10,24,4930
BRASIL,2017,10,25,4739
BRASIL,2017,10,26,4835
BRASIL,2017,10,27,5156
BRASIL,2017,10,28,4069
BRASIL,2017,10,29,3747
BRASIL,2017,10,30,4530
BRASIL,2017,10,31,4720
BRASIL,2017,11,1,5413
BRASIL,2017,11,2,4666
BRASIL,2017,11,3,3864
BRASIL,2017,11,4,3278
BRASIL,2017,11,5,4086
BRASIL,2017,11,6,4737
BRASIL,2017,11,7,4911
BRASIL,2017,11,8,4713
BRASIL,2017,11,9,5073
BRASIL,2017,11,10,4979
BRASIL,2017,11,11,3947
BRASIL,2017,11,12,3998
BRASIL,2017,11,13,4926
BRASIL,2017,11,14,5307
BRASIL,2017,11,15,4702
BRASIL,2017,11,16,4849
BRASIL,2017,11,17,5000
BRASIL,2017,11,18,3848
BRASIL,2017,11,19,3728
BRASIL,2017,11,20,4596
BRASIL,2017,11,21,4593
BRASIL,2017,11,22,4721
BRASIL,2017,11,23,5122
BRASIL,2017,11,24,5357
BRASIL,2017,11,25,4239
BRASIL,2017,11,26,3720
BRASIL,2017,11,27,4342
BRASIL,2017,11,28,4944
BRASIL,2017,11,29,5138
BRASIL,2017,11,30,4997
BRASIL,2017,12,1,4988
BRASIL,2017,12,2,3957
BRASIL,2017,12,3,3807
BRASIL,2017,12,4,4803
BRASIL,2017,12,5,5098
BRASIL,2017,12,6,5165
BRASIL,2017,12,7,5189
BRASIL,2017,12,8,5262
BRASIL,2017,12,9,4071
BRASIL,2017,12,10,4006
BRASIL,2017,12,11,5053
BRASIL,2017,12,12,4891
BRASIL,2017,12,13,5203
BRASIL,2017,12,14,5379
BRASIL,2017,12,15,5387
BRASIL,2017,12,16,4486
BRASIL,2017,12,17,4153
BRASIL,2017,12,18,4920
BRASIL,2017,12,19,4999
BRASIL,2017,12,20,5139
BRASIL,2017,12,21,5226
BRASIL,2017,12,22,5375
BRASIL,2017,12,23,4198
BRASIL,2017,12,24,2993
BRASIL,2017,12,25,3202
BRASIL,2017,12,26,4893
BRASIL,2017,12,27,5046
BRASIL,2017,12,28,5054
BRASIL,2017,12,29,4697
BRASIL,2017,12,30,3714
BRASIL,2017,12,31,3021
BRASIL,2018,1,1,3335
BRASIL,2018,1,2,4754
BRASIL,2018,1,3,4638
BRASIL,2018,1,4,4914
BRASIL,2018,1,5,4930
BRASIL,2018,1,6,3997
BRASIL,2018,1,7,3852
BRASIL,2018,1,8,4399
BRASIL,2018,1,9,4488
BRASIL,2018,1,10,4583
BRASIL,2018,1,11,4810
BRASIL,2018,1,12,4918
BRASIL,2018,1,13,4031
BRASIL,2018,1,14,3913
BRASIL,2018,1,15,4445
BRASIL,2018,1,16,4482
BRASIL,2018,1,17,4789
BRASIL,2018,1,18,4862
BRASIL,2018,1,19,4998
BRASIL,2018,1,20,4104
BRASIL,2018,1,21,4011
BRASIL,2018,1,22,4602
BRASIL,2018,1,23,4675
BRASIL,2018,1,24,4883
BRASIL,2018,1,25,5024
BRASIL,2018,1,26,4783
BRASIL,2018,1,27,3865
BRASIL,2018,1,28,4125
BRASIL,2018,1,29,4593
BRASIL,2018,1,30,4520
BRASIL,2018,1,31,4820
BRASIL,2018,2,1,4970
BRASIL,2018,2,2,5085
BRASIL,2018,2,3,3928
BRASIL,2018,2,4,3813
BRASIL,2018,2,5,4477
BRASIL,2018,2,6,4599
BRASIL,2018,2,7,4849
BRASIL,2018,2,8,4952
BRASIL,2018,2,9,5666
BRASIL,2018,2,10,4321
BRASIL,2018,2,11,2980
BRASIL,2018,2,12,3114
BRASIL,2018,2,13,3771
BRASIL,2018,2,14,4692
BRASIL,2018,2,15,4620
BRASIL,2018,2,16,4557
BRASIL,2018,2,17,3893
BRASIL,2018,2,18,3785
BRASIL,2018,2,19,4430
BRASIL,2018,2,20,4436
BRASIL,2018,2,21,4575
BRASIL,2018,2,22,4881
BRASIL,2018,2,23,4932
BRASIL,2018,2,24,3954
BRASIL,2018,2,25,3629
BRASIL,2018,2,26,4507
BRASIL,2018,2,27,4697
BRASIL,2018,2,28,4766
BRASIL,2018,3,1,4937
BRASIL,2018,3,2,4868
BRASIL,2018,3,3,3792
BRASIL,2018,3,4,3564
BRASIL,2018,3,5,4550
BRASIL,2018,3,6,4589
BRASIL,2018,3,7,4615
BRASIL,2018,3,8,4684
BRASIL,2018,3,9,5092
BRASIL,2018,3,10,4004
BRASIL,2018,3,11,3796
BRASIL,2018,3,12,4774
BRASIL,2018,3,13,4770
BRASIL,2018,3,14,4784
BRASIL,2018,3,15,5060
BRASIL,2018,3,16,5224
BRASIL,2018,3,17,4036
BRASIL,2018,3,18,3824
BRASIL,2018,3,19,4671
BRASIL,2018,3,20,4696
BRASIL,2018,3,21,4636
BRASIL,2018,3,22,5028
BRASIL,2018,3,23,5185
BRASIL,2018,3,24,3935
BRASIL,2018,3,25,3640
BRASIL,2018,3,26,4435
BRASIL,2018,3,27,4490
BRASIL,2018,3,28,4895
BRASIL,2018,3,29,5433
BRASIL,2018,3,30,3831
BRASIL,2018,3,31,2884
BRASIL,2018,4,1,4288
BRASIL,2018,4,2,4680
BRASIL,2018,4,3,4704
BRASIL,2018,4,4,4755
BRASIL,2018,4,5,5081
BRASIL,2018,4,6,5039
BRASIL,2018,4,7,3940
BRASIL,2018,4,8,3697
BRASIL,2018,4,9,4658
BRASIL,2018,4,10,4760
BRASIL,2018,4,11,4961
BRASIL,2018,4,12,5033
BRASIL,2018,4,13,5032
BRASIL,2018,4,14,3777
BRASIL,2018,4,15,3366
BRASIL,2018,4,16,4462
BRASIL,2018,4,17,4601
BRASIL,2018,4,18,4859
BRASIL,2018,4,19,5106
BRASIL,2018,4,20,5248
BRASIL,2018,4,21,3998
BRASIL,2018,4,22,3871
BRASIL,2018,4,23,4778
BRASIL,2018,4,24,4833
BRASIL,2018,4,25,4835
BRASIL,2018,4,26,5174
BRASIL,2018,4,27,5686
BRASIL,2018,4,28,4451
BRASIL,2018,4,29,3262
BRASIL,2018,4,30,3761
BRASIL,2018,5,1,4796
BRASIL,2018,5,2,4822
BRASIL,2018,5,3,5101
BRASIL,2018,5,4,5306
BRASIL,2018,5,5,4090
BRASIL,2018,5,6,3680
BRASIL,2018,5,7,4537
BRASIL,2018,5,8,4739
BRASIL,2018,5,9,4770
BRASIL,2018,5,10,5080
BRASIL,2018,5,11,5145
BRASIL,2018,5,12,4044
BRASIL,2018,5,13,3801
BRASIL,2018,5,14,4760
BRASIL,2018,5,15,4671
BRASIL,2018,5,16,4787
BRASIL,2018,5,17,4934
BRASIL,2018,5,18,5118
BRASIL,2018,5,19,3611
BRASIL,2018,5,20,3809
BRASIL,2018,5,21,4883
BRASIL,2018,5,22,4893
BRASIL,2018,5,23,4940
BRASIL,2018,5,24,4964
BRASIL,2018,5,25,5021
BRASIL,2018,5,26,3775
BRASIL,2018,5,27,3591
BRASIL,2018,5,28,4194
BRASIL,2018,5,29,4335
BRASIL,2018,5,30,4698
BRASIL,2018,5,31,4158
BRASIL,2018,6,1,3379
BRASIL,2018,6,2,3091
BRASIL,2018,6,3,3897
BRASIL,2018,6,4,4510
BRASIL,2018,6,5,4481
BRASIL,2018,6,6,4698
BRASIL,2018,6,7,4629
BRASIL,2018,6,8,5059
BRASIL,2018,6,9,4215
BRASIL,2018,6,10,3768
BRASIL,2018,6,11,4646
BRASIL,2018,6,12,4409
BRASIL,2018,6,13,4664
BRASIL,2018,6,14,4761
BRASIL,2018,6,15,4997
BRASIL,2018,6,16,3682
BRASIL,2018,6,17,3555
BRASIL,2018,6,18,4539
BRASIL,2018,6,19,4679
BRASIL,2018,6,20,4902
BRASIL,2018,6,21,5141
BRASIL,2018,6,22,4558
BRASIL,2018,6,23,3955
BRASIL,2018,6,24,3596
BRASIL,2018,6,25,4610
BRASIL,2018,6,26,4610
BRASIL,2018,6,27,4176
BRASIL,2018,6,28,4782
BRASIL,2018,6,29,5338
BRASIL,2018,6,30,4182
BRASIL,2018,7,1,4003
BRASIL,2018,7,2,4339
BRASIL,2018,7,3,4567
BRASIL,2018,7,4,4798
BRASIL,2018,7,5,4924
BRASIL,2018,7,6,4682
BRASIL,2018,7,7,4138
BRASIL,2018,7,8,3646
BRASIL,2018,7,9,4538
BRASIL,2018,7,10,4256
BRASIL,2018,7,11,4800
BRASIL,2018,7,12,4917
BRASIL,2018,7,13,5150
BRASIL,2018,7,14,4332
BRASIL,2018,7,15,3789
BRASIL,2018,7,16,4806
BRASIL,2018,7,17,4908
BRASIL,2018,7,18,4963
BRASIL,2018,7,19,5048
BRASIL,2018,7,20,5161
BRASIL,2018,7,21,4411
BRASIL,2018,7,22,4113
BRASIL,2018,7,23,4948
BRASIL,2018,7,24,4741
BRASIL,2018,7,25,4872
BRASIL,2018,7,26,5114
BRASIL,2018,7,27,5033
BRASIL,2018,7,28,4373
BRASIL,2018,7,29,4260
BRASIL,2018,7,30,4663
BRASIL,2018,7,31,4612
BRASIL,2018,8,1,4634
BRASIL,2018,8,2,4799
BRASIL,2018,8,3,4604
BRASIL,2018,8,4,3847
BRASIL,2018,8,5,3823
BRASIL,2018,8,6,4383
BRASIL,2018,8,7,4549
BRASIL,2018,8,8,4666
BRASIL,2018,8,9,4758
BRASIL,2018,8,10,5241
BRASIL,2018,8,11,4144
BRASIL,2018,8,12,3733
BRASIL,2018,8,13,4647
BRASIL,2018,8,14,4801
BRASIL,2018,8,15,4806
BRASIL,2018,8,16,4835
BRASIL,2018,8,17,5185
BRASIL,2018,8,18,4222
BRASIL,2018,8,19,4138
BRASIL,2018,8,20,4649
BRASIL,2018,8,21,4665
BRASIL,2018,8,22,4760
BRASIL,2018,8,23,5172
BRASIL,2018,8,24,5175
BRASIL,2018,8,25,3993
BRASIL,2018,8,26,3908
BRASIL,2018,8,27,4654
BRASIL,2018,8,28,4815
BRASIL,2018,8,29,5091
BRASIL,2018,8,30,5207
BRASIL,2018,8,31,5458
BRASIL,2018,9,1,4146
BRASIL,2018,9,2,3853
BRASIL,2018,9,3,4542
BRASIL,2018,9,4,4788
BRASIL,2018,9,5,5091
BRASIL,2018,9,6,5990
BRASIL,2018,9,7,4641
BRASIL,2018,9,8,3507
BRASIL,2018,9,9,4410
BRASIL,2018,9,10,4980
BRASIL,2018,9,11,4856
BRASIL,2018,9,12,4979
BRASIL,2018,9,13,5230
BRASIL,2018,9,14,4802
BRASIL,2018,9,15,4059
BRASIL,2018,9,16,3858
BRASIL,2018,9,17,4308
BRASIL,2018,9,18,4683
BRASIL,2018,9,19,5013
BRASIL,2018,9,20,4681
BRASIL,2018,9,21,5356
BRASIL,2018,9,22,4540
BRASIL,2018,9,23,4200
BRASIL,2018,9,24,4841
BRASIL,2018,9,25,4683
BRASIL,2018,9,26,5120
BRASIL,2018,9,27,5106
BRASIL,2018,9,28,5336
BRASIL,2018,9,29,4379
BRASIL,2018,9,30,4069
BRASIL,2018,10,1,4864
BRASIL,2018,10,2,4751
BRASIL,2018,10,3,4897
BRASIL,2018,10,4,4992
BRASIL,2018,10,5,4996
BRASIL,2018,10,6,4064
BRASIL,2018,10,7,3443
BRASIL,2018,10,8,4291
BRASIL,2018,10,9,4588
BRASIL,2018,10,10,4685
BRASIL,2018,10,11,4989
BRASIL,2018,10,12,4265
BRASIL,2018,10,13,3156
BRASIL,2018,10,14,4064
BRASIL,2018,10,15,4633
BRASIL,2018,10,16,4571
BRASIL,2018,10,17,4632
BRASIL,2018,10,18,4887
BRASIL,2018,10,19,4929
BRASIL,2018,10,20,4059
BRASIL,2018,10,21,3868
BRASIL,2018,10,22,4863
BRASIL,2018,10,23,4662
BRASIL,2018,10,24,4134
BRASIL,2018,10,25,4426
BRASIL,2018,10,26,4719
BRASIL,2018,10,27,3641
BRASIL,2018,10,28,3482
BRASIL,2018,10,29,4511
BRASIL,2018,10,30,4813
BRASIL,2018,10,31,4808
BRASIL,2018,11,1,5115
BRASIL,2018,11,2,4025
BRASIL,2018,11,3,2967
BRASIL,2018,11,4,4146
BRASIL,2018,11,5,4635
BRASIL,2018,11,6,4696
BRASIL,2018,11,7,4622
BRASIL,2018,11,8,4529
BRASIL,2018,11,9,4608
BRASIL,2018,11,10,3705
BRASIL,2018,11,11,3816
BRASIL,2018,11,12,4709
BRASIL,2018,11,13,4848
BRASIL,2018,11,14,4942
BRASIL,2018,11,15,4842
BRASIL,2018,11,16,3799
BRASIL,2018,11,17,3398
BRASIL,2018,11,18,3872
BRASIL,2018,11,19,4102
BRASIL,2018,11,20,4482
BRASIL,2018,11,21,4684
BRASIL,2018,11,22,4836
BRASIL,2018,11,23,4713
BRASIL,2018,11,24,3618
BRASIL,2018,11,25,3511
BRASIL,2018,11,26,4227
BRASIL,2018,11,27,4608
BRASIL,2018,11,28,4871
BRASIL,2018,11,29,4878
BRASIL,2018,11,30,4828
BRASIL,2018,12,1,3693
BRASIL,2018,12,2,3683
BRASIL,2018,12,3,4586
BRASIL,2018,12,4,4914
BRASIL,2018,12,5,5051
BRASIL,2018,12,6,5217
BRASIL,2018,12,7,5146
BRASIL,2018,12,8,4136
BRASIL,2018,12,9,3889
BRASIL,2018,12,10,4715
BRASIL,2018,12,11,4990
BRASIL,2018,12,12,5048
BRASIL,2018,12,13,5051
BRASIL,2018,12,14,5138
BRASIL,2018,12,15,4221
BRASIL,2018,12,16,4059
BRASIL,2018,12,17,4786
BRASIL,2018,12,18,4935
BRASIL,2018,12,19,5200
BRASIL,2018,12,20,5237
BRASIL,2018,12,21,5176
BRASIL,2018,12,22,4469
BRASIL,2018,12,23,3716
BRASIL,2018,12,24,3118
BRASIL,2018,12,25,2856
BRASIL,2018,12,26,4507
BRASIL,2018,12,27,4978
BRASIL,2018,12,28,4881
BRASIL,2018,12,29,4002
BRASIL,2018,12,30,3391
BRASIL,2018,12,31,3058
BRASIL,2019,1,1,3246
BRASIL,2019,1,2,4733
BRASIL,2019,1,3,4728
BRASIL,2019,1,4,4528
BRASIL,2019,1,5,3914
BRASIL,2019,1,6,3984
BRASIL,2019,1,7,4442
BRASIL,2019,1,8,4507
BRASIL,2019,1,9,4584
BRASIL,2019,1,10,4812
BRASIL,2019,1,11,4888
BRASIL,2019,1,12,4095
BRASIL,2019,1,13,3967
BRASIL,2019,1,14,4444
BRASIL,2019,1,15,4742
BRASIL,2019,1,16,4743
BRASIL,2019,1,17,4847
BRASIL,2019,1,18,4786
BRASIL,2019,1,19,3982
BRASIL,2019,1,20,3946
BRASIL,2019,1,21,4669
BRASIL,2019,1,22,4779
BRASIL,2019,1,23,4897
BRASIL,2019,1,24,5079
BRASIL,2019,1,25,4994
BRASIL,2019,1,26,4142
BRASIL,2019,1,27,4120
BRASIL,2019,1,28,4766
BRASIL,2019,1,29,4837
BRASIL,2019,1,30,4949
BRASIL,2019,1,31,4954
BRASIL,2019,2,1,5011
BRASIL,2019,2,2,3912
BRASIL,2019,2,3,3882
BRASIL,2019,2,4,4417
BRASIL,2019,2,5,4435
BRASIL,2019,2,6,4388
BRASIL,2019,2,7,4736
BRASIL,2019,2,8,4836
BRASIL,2019,2,9,3869
BRASIL,2019,2,10,3613
BRASIL,2019,2,11,4554
BRASIL,2019,2,12,4372
BRASIL,2019,2,13,4441
BRASIL,2019,2,14,4905
BRASIL,2019,2,15,4550
BRASIL,2019,2,16,3528
BRASIL,2019,2,17,3295
BRASIL,2019,2,18,4419
BRASIL,2019,2,19,4547
BRASIL,2019,2,20,4648
BRASIL,2019,2,21,4833
BRASIL,2019,2,22,4851
BRASIL,2019,2,23,3817
BRASIL,2019,2,24,3659
BRASIL,2019,2,25,4344
BRASIL,2019,2,26,4417
BRASIL,2019,2,27,4723
BRASIL,2019,2,28,4695
BRASIL,2019,3,1,5161
BRASIL,2019,3,2,4299
BRASIL,2019,3,3,2724
BRASIL,2019,3,4,2814
BRASIL,2019,3,5,3354
BRASIL,2019,3,6,4692
BRASIL,2019,3,7,4455
BRASIL,2019,3,8,4470
BRASIL,2019,3,9,3806
BRASIL,2019,3,10,3772
BRASIL,2019,3,11,4418
BRASIL,2019,3,12,4484
BRASIL,2019,3,13,4568
BRASIL,2019,3,14,4695
BRASIL,2019,3,15,4717
BRASIL,2019,3,16,3769
BRASIL,2019,3,17,3393
BRASIL,2019,3,18,4373
BRASIL,2019,3,19,4460
BRASIL,2019,3,20,4532
BRASIL,2019,3,21,4598
BRASIL,2019,3,22,4643
BRASIL,2019,3,23,3867
BRASIL,2019,3,24,3650
BRASIL,2019,3,25,4511
BRASIL,2019,3,26,4670
BRASIL,2019,3,27,4582
BRASIL,2019,3,28,4771
BRASIL,2019,3,29,4803
BRASIL,2019,3,30,3950
BRASIL,2019,3,31,3596
BRASIL,2019,4,1,4383
BRASIL,2019,4,2,4585
BRASIL,2019,4,3,4644
BRASIL,2019,4,4,4886
BRASIL,2019,4,5,4715
BRASIL,2019,4,6,3476
BRASIL,2019,4,7,3279
BRASIL,2019,4,8,4194
BRASIL,2019,4,9,4335
BRASIL,2019,4,10,4757
BRASIL,2019,4,11,4773
BRASIL,2019,4,12,4942
BRASIL,2019,4,13,3842
BRASIL,2019,4,14,3428
BRASIL,2019,4,15,4400
BRASIL,2019,4,16,4452
BRASIL,2019,4,17,4833
BRASIL,2019,4,18,4896
BRASIL,2019,4,19,3576
BRASIL,2019,4,20,2711
BRASIL,2019,4,21,3982
BRASIL,2019,4,22,4695
BRASIL,2019,4,23,4487
BRASIL,2019,4,24,4512
BRASIL,2019,4,25,4554
BRASIL,2019,4,26,4874
BRASIL,2019,4,27,3646
BRASIL,2019,4,28,3279
BRASIL,2019,4,29,4510
BRASIL,2019,4,30,4440
BRASIL,2019,5,1,3817
BRASIL,2019,5,2,4352
BRASIL,2019,5,3,4736
BRASIL,2019,5,4,3578
BRASIL,2019,5,5,3608
BRASIL,2019,5,6,4456
BRASIL,2019,5,7,4434
BRASIL,2019,5,8,4375
BRASIL,2019,5,9,4956
BRASIL,2019,5,10,4635
BRASIL,2019,5,11,3457
BRASIL,2019,5,12,3189
BRASIL,2019,5,13,4074
BRASIL,2019,5,14,4351
BRASIL,2019,5,15,4308
BRASIL,2019,5,16,4610
BRASIL,2019,5,17,4334
BRASIL,2019,5,18,3474
BRASIL,2019,5,19,3323
BRASIL,2019,5,20,4282
BRASIL,2019,5,21,4518
BRASIL,2019,5,22,4472
BRASIL,2019,5,23,4604
BRASIL,2019,5,24,4564
BRASIL,2019,5,25,3673
BRASIL,2019,5,26,3651
BRASIL,2019,5,27,4414
BRASIL,2019,5,28,4100
BRASIL,2019,5,29,4291
BRASIL,2019,5,30,4474
BRASIL,2019,5,31,4564
BRASIL,2019,6,1,3519
BRASIL,2019,6,2,3255
BRASIL,2019,6,3,4127
BRASIL,2019,6,4,4507
BRASIL,2019,6,5,4735
BRASIL,2019,6,6,4776
BRASIL,2019,6,7,4958
BRASIL,2019,6,8,3702
BRASIL,2019,6,9,3528
BRASIL,2019,6,10,4362
BRASIL,2019,6,11,4326
BRASIL,2019,6,12,4468
BRASIL,2019,6,13,4732
BRASIL,2019,6,14,4823
BRASIL,2019,6,15,3715
BRASIL,2019,6,16,3480
BRASIL,2019,6,17,4382
BRASIL,2019,6,18,4708
BRASIL,2019,6,19,4945
BRASIL,2019,6,20,4397
BRASIL,2019,6,21,3256
BRASIL,2019,6,22,2998
BRASIL,2019,6,23,4175
BRASIL,2019,6,24,4637
BRASIL,2019,6,25,4588
BRASIL,2019,6,26,4396
BRASIL,2019,6,27,4781
BRASIL,2019,6,28,5021
BRASIL,2019,6,29,3775
BRASIL,2019,6,30,3681
BRASIL,2019,7,1,4600
BRASIL,2019,7,2,4588
BRASIL,2019,7,3,4672
BRASIL,2019,7,4,4607
BRASIL,2019,7,5,4635
BRASIL,2019,7,6,4017
BRASIL,2019,7,7,3663
BRASIL,2019,7,8,4603
BRASIL,2019,7,9,4625
BRASIL,2019,7,10,4609
BRASIL,2019,7,11,4736
BRASIL,2019,7,12,4978
BRASIL,2019,7,13,4043
BRASIL,2019,7,14,3699
BRASIL,2019,7,15,4504
BRASIL,2019,7,16,4653
BRASIL,2019,7,17,4784
BRASIL,2019,7,18,4955
BRASIL,2019,7,19,4963
BRASIL,2019,7,20,3979
BRASIL,2019,7,21,3867
BRASIL,2019,7,22,4583
BRASIL,2019,7,23,4615
BRASIL,2019,7,24,4708
BRASIL,2019,7,25,4766
BRASIL,2019,7,26,4837
BRASIL,2019,7,27,3956
BRASIL,2019,7,28,3851
BRASIL,2019,7,29,4624
BRASIL,2019,7,30,4803
BRASIL,2019,7,31,4957
BRASIL,2019,8,1,4854
BRASIL,2019,8,2,4671
BRASIL,2019,8,3,3637
BRASIL,2019,8,4,3434
BRASIL,2019,8,5,4343
BRASIL,2019,8,6,4593
BRASIL,2019,8,7,4684
BRASIL,2019,8,8,4869
BRASIL,2019,8,9,5012
BRASIL,2019,8,10,3976
BRASIL,2019,8,11,3533
BRASIL,2019,8,12,4362
BRASIL,2019,8,13,4563
BRASIL,2019,8,14,4687
BRASIL,2019,8,15,4850
BRASIL,2019,8,16,5043
BRASIL,2019,8,17,3928
BRASIL,2019,8,18,3830
BRASIL,2019,8,19,4260
BRASIL,2019,8,20,4437
BRASIL,2019,8,21,4674
BRASIL,2019,8,22,4856
BRASIL,2019,8,23,4905
BRASIL,2019,8,24,3879
BRASIL,2019,8,25,3783
BRASIL,2019,8,26,4536
BRASIL,2019,8,27,4620
BRASIL,2019,8,28,4724
BRASIL,2019,8,29,4768
BRASIL,2019,8,30,4921
BRASIL,2019,8,31,3761
BRASIL,2019,9,1,3545
BRASIL,2019,9,2,4435
BRASIL,2019,9,3,4488
BRASIL,2019,9,4,4591
BRASIL,2019,9,5,4666
BRASIL,2019,9,6,4826
BRASIL,2019,9,7,3892
BRASIL,2019,9,8,3813
BRASIL,2019,9,9,4592
BRASIL,2019,9,10,4634
BRASIL,2019,9,11,4535
BRASIL,2019,9,12,4793
BRASIL,2019,9,13,4876
BRASIL,2019,9,14,3787
BRASIL,2019,9,15,3832
BRASIL,2019,9,16,4482
BRASIL,2019,9,17,4490
BRASIL,2019,9,18,4660
BRASIL,2019,9,19,4694
BRASIL,2019,9,20,4793
BRASIL,2019,9,21,3780
BRASIL,2019,9,22,3633
BRASIL,2019,9,23,4526
BRASIL,2019,9,24,4640
BRASIL,2019,9,25,4482
BRASIL,2019,9,26,4676
BRASIL,2019,9,27,5000
BRASIL,2019,9,28,3947
BRASIL,2019,9,29,3893
BRASIL,2019,9,30,4697
BRASIL,2019,10,1,4850
BRASIL,2019,10,2,4894
BRASIL,2019,10,3,4846
BRASIL,2019,10,4,5013
BRASIL,2019,10,5,3926
BRASIL,2019,10,6,3586
BRASIL,2019,10,7,4402
BRASIL,2019,10,8,4440
BRASIL,2019,10,9,4461
BRASIL,2019,10,10,4940
BRASIL,2019,10,11,5188
BRASIL,2019,10,12,4070
BRASIL,2019,10,13,3847
BRASIL,2019,10,14,4577
BRASIL,2019,10,15,4566
BRASIL,2019,10,16,4633
BRASIL,2019,10,17,4740
BRASIL,2019,10,18,4855
BRASIL,2019,10,19,3968
BRASIL,2019,10,20,3735
BRASIL,2019,10,21,4180
BRASIL,2019,10,22,4485
BRASIL,2019,10,23,4678
BRASIL,2019,10,24,4950
BRASIL,2019,10,25,4962
BRASIL,2019,10,26,3960
BRASIL,2019,10,27,3719
BRASIL,2019,10,28,4394
BRASIL,2019,10,29,4599
BRASIL,2019,10,30,4709
BRASIL,2019,10,31,4643
BRASIL,2019,11,1,5052
BRASIL,2019,11,2,3780
BRASIL,2019,11,3,3758
BRASIL,2019,11,4,4489
BRASIL,2019,11,5,4482
BRASIL,2019,11,6,4637
BRASIL,2019,11,7,4654
BRASIL,2019,11,8,4716
BRASIL,2019,11,9,3815
BRASIL,2019,11,10,3620
BRASIL,2019,11,11,4386
BRASIL,2019,11,12,4543
BRASIL,2019,11,13,4755
BRASIL,2019,11,14,5014
BRASIL,2019,11,15,4405
BRASIL,2019,11,16,3432
BRASIL,2019,11,17,4294
BRASIL,2019,11,18,4458
BRASIL,2019,11,19,4551
BRASIL,2019,11,20,4735
BRASIL,2019,11,21,4984
BRASIL,2019,11,22,4972
BRASIL,2019,11,23,4028
BRASIL,2019,11,24,3833
BRASIL,2019,11,25,4806
BRASIL,2019,11,26,4762
BRASIL,2019,11,27,4421
BRASIL,2019,11,28,4819
BRASIL,2019,11,29,5144
BRASIL,2019,11,30,4133
BRASIL,2019,12,1,3727
BRASIL,2019,12,2,4645
BRASIL,2019,12,3,4761
BRASIL,2019,12,4,4774
BRASIL,2019,12,5,4792
BRASIL,2019,12,6,4996
BRASIL,2019,12,7,4230
BRASIL,2019,12,8,3896
BRASIL,2019,12,9,4613
BRASIL,2019,12,10,4686
BRASIL,2019,12,11,4718
BRASIL,2019,12,12,5033
BRASIL,2019,12,13,5096
BRASIL,2019,12,14,4112
BRASIL,2019,12,15,3981
BRASIL,2019,12,16,4683
BRASIL,2019,12,17,4548
BRASIL,2019,12,18,4956
BRASIL,2019,12,19,5203
BRASIL,2019,12,20,5204
BRASIL,2019,12,21,4291
BRASIL,2019,12,22,3950
BRASIL,2019,12,23,4396
BRASIL,2019,12,24,3540
BRASIL,2019,12,25,2891
BRASIL,2019,12,26,4904
BRASIL,2019,12,27,4913
BRASIL,2019,12,28,4373
BRASIL,2019,12,29,3660
BRASIL,2019,12,30,4125
BRASIL,2019,12,31,3371
BRASIL,2020,1,1,3068
BRASIL,2020,1,2,4463
BRASIL,2020,1,3,4528
BRASIL,2020,1,4,4027
BRASIL,2020,1,5,4211
BRASIL,2020,1,6,4680
BRASIL,2020,1,7,4474
BRASIL,2020,1,8,4579
BRASIL,2020,1,9,4777
BRASIL,2020,1,10,4920
BRASIL,2020,1,11,4105
BRASIL,2020,1,12,4045
BRASIL,2020,1,13,4638
BRASIL,2020,1,14,4797
BRASIL,2020,1,15,4968
BRASIL,2020,1,16,4929
BRASIL,2020,1,17,4821
BRASIL,2020,1,18,4028
BRASIL,2020,1,19,4010
BRASIL,2020,1,20,4749
BRASIL,2020,1,21,4764
BRASIL,2020,1,22,4602
BRASIL,2020,1,23,4572
BRASIL,2020,1,24,4618
BRASIL,2020,1,25,4197
BRASIL,2020,1,26,4007
BRASIL,2020,1,27,4829
BRASIL,2020,1,28,4812
BRASIL,2020,1,29,4839
BRASIL,2020,1,30,4912
BRASIL,2020,1,31,4896
BRASIL,2020,2,1,4071
BRASIL,2020,2,2,3840
BRASIL,2020,2,3,4634
BRASIL,2020,2,4,4561
BRASIL,2020,2,5,4612
BRASIL,2020,2,6,4848
BRASIL,2020,2,7,4847
BRASIL,2020,2,8,3934
BRASIL,2020,2,9,3812
BRASIL,2020,2,10,4266
BRASIL,2020,2,11,4387
BRASIL,2020,2,12,4542
BRASIL,2020,2,13,4985
BRASIL,2020,2,14,4966
BRASIL,2020,2,15,4114
BRASIL,2020,2,16,4027
BRASIL,2020,2,17,4597
BRASIL,2020,2,18,4747
BRASIL,2020,2,19,4831
BRASIL,2020,2,20,5254
BRASIL,2020,2,21,5431
BRASIL,2020,2,22,4202
BRASIL,2020,2,23,2892
BRASIL,2020,2,24,3066
BRASIL,2020,2,25,3557
BRASIL,2020,2,26,4587
BRASIL,2020,2,27,4584
BRASIL,2020,2,28,4570
BRASIL,2020,2,29,3802
BRASIL,2020,3,1,3894
BRASIL,2020,3,2,4597
BRASIL,2020,3,3,4687
BRASIL,2020,3,4,4842
BRASIL,2020,3,5,5043
BRASIL,2020,3,6,5097
BRASIL,2020,3,7,3967
BRASIL,2020,3,8,3934
BRASIL,2020,3,9,4854
BRASIL,2020,3,10,4868
BRASIL,2020,3,11,4713
BRASIL,2020,3,12,5148
BRASIL,2020,3,13,5138
BRASIL,2020,3,14,4046
BRASIL,2020,3,15,3772
BRASIL,2020,3,16,4241
BRASIL,2020,3,17,4038
BRASIL,2020,3,18,3631
BRASIL,2020,3,19,3582
BRASIL,2020,3,20,3259
BRASIL,2020,3,21,2496
BRASIL,2020,3,22,1783
BRASIL,2020,3,23,1888
BRASIL,2020,3,24,1481
BRASIL,2020,3,25,1328
BRASIL,2020,3,26,1448
BRASIL,2020,3,27,1402
BRASIL,2020,3,28,990
BRASIL,2020,3,29,686
BRASIL,2020,3,30,1224
BRASIL,2020,3,31,1361
BRASIL,2020,4,1,1352
BRASIL,2020,4,2,1373
BRASIL,2020,4,3,1310
BRASIL,2020,4,4,883
BRASIL,2020,4,5,653
BRASIL,2020,4,6,1178
BRASIL,2020,4,7,1207
BRASIL,2020,4,8,1467
BRASIL,2020,4,9,1491
BRASIL,2020,4,10,842
BRASIL,2020,4,11,703
BRASIL,2020,4,12,592
BRASIL,2020,4,13,1278
BRASIL,2020,4,14,1256
BRASIL,2020,4,15,1389
BRASIL,2020,4,16,1447
BRASIL,2020,4,17,1513
BRASIL,2020,4,18,986
BRASIL,2020,4,19,756
BRASIL,2020,4,20,1229
BRASIL,2020,4,21,1250
BRASIL,2020,4,22,1543
BRASIL,2020,4,23,1802
BRASIL,2020,4,24,1803
BRASIL,2020,4,25,1182
BRASIL,2020,4,26,933
BRASIL,2020,4,27,1658
BRASIL,2020,4,28,1737
BRASIL,2020,4,29,1940
BRASIL,2020,4,30,2136
BRASIL,2020,5,1,1476
BRASIL,2020,5,2,1056
BRASIL,2020,5,3,1029
BRASIL,2020,5,4,1774
BRASIL,2020,5,5,1759
BRASIL,2020,5,6,1799
BRASIL,2020,5,7,1934
BRASIL,2020,5,8,2014
BRASIL,2020,5,9,1438
BRASIL,2020,5,10,907
BRASIL,2020,5,11,1778
BRASIL,2020,5,12,1849
BRASIL,2020,5,13,1636
BRASIL,2020,5,14,1695
BRASIL,2020,5,15,1725
BRASIL,2020,5,16,1306
BRASIL,2020,5,17,1029
BRASIL,2020,5,18,1741
BRASIL,2020,5,19,1836
BRASIL,2020,5,20,1958
BRASIL,2020,5,21,2016
BRASIL,2020,5,22,1805
BRASIL,2020,5,23,1031
BRASIL,2020,5,24,917
BRASIL,2020,5,25,1743
BRASIL,2020,5,26,1949
BRASIL,2020,5,27,2044
BRASIL,2020,5,28,2025
BRASIL,2020,5,29,1922
BRASIL,2020,5,30,1501
BRASIL,2020,5,31,1190
BRASIL,2020,6,1,1786
BRASIL,2020,6,2,1906
BRASIL,2020,6,3,1924
BRASIL,2020,6,4,2000
BRASIL,2020,6,5,1991
BRASIL,2020,6,6,1331
BRASIL,2020,6,7,1104
BRASIL,2020,6,8,1902
BRASIL,2020,6,9,1920
BRASIL,2020,6,10,2247
BRASIL,2020,6,11,1849
BRASIL,2020,6,12,1615
BRASIL,2020,6,13,1258
BRASIL,2020,6,14,1244
BRASIL,2020,6,15,1897
BRASIL,2020,6,16,2045
BRASIL,2020,6,17,2206
BRASIL,2020,6,18,2262
BRASIL,2020,6,19,2339
BRASIL,2020,6,20,1501
BRASIL,2020,6,21,1301
BRASIL,2020,6,22,2021
BRASIL,2020,6,23,2160
BRASIL,2020,6,24,2270
BRASIL,2020,6,25,2188
BRASIL,2020,6,26,2189
BRASIL,2020,6,27,1237
BRASIL,2020,6,28,1405
BRASIL,2020,6,29,2011
BRASIL,2020,6,30,1971
BRASIL,2020,7,1,2142
BRASIL,2020,7,2,2436
BRASIL,2020,7,3,2654
BRASIL,2020,7,4,1606
BRASIL,2020,7,5,1518
BRASIL,2020,7,6,1943
BRASIL,2020,7,7,2123
BRASIL,2020,7,8,2127
BRASIL,2020,7,9,2437
BRASIL,2020,7,10,2570
BRASIL,2020,7,11,1456
BRASIL,2020,7,12,1452
BRASIL,2020,7,13,1972
BRASIL,2020,7,14,1893
BRASIL,2020,7,15,2104
BRASIL,2020,7,16,2144
BRASIL,2020,7,17,2497
BRASIL,2020,7,18,1474
BRASIL,2020,7,19,1354
BRASIL,2020,7,20,2174
BRASIL,2020,7,21,2237
BRASIL,2020,7,22,2433
BRASIL,2020,7,23,2681
BRASIL,2020,7,24,2721
BRASIL,2020,7,25,1643
BRASIL,2020,7,26,1616
BRASIL,2020,7,27,2307
BRASIL,2020,7,28,2398
BRASIL,2020,7,29,2404
BRASIL,2020,7,30,2491
BRASIL,2020,7,31,2592
BRASIL,2020,8,1,1650
BRASIL,2020,8,2,1752
BRASIL,2020,8,3,2445
BRASIL,2020,8,4,2543
BRASIL,2020,8,5,2618
BRASIL,2020,8,6,2762
BRASIL,2020,8,7,2825
BRASIL,2020,8,8,1748
BRASIL,2020,8,9,1540
BRASIL,2020,8,10,2535
BRASIL,2020,8,11,2567
BRASIL,2020,8,12,2382
BRASIL,2020,8,13,2676
BRASIL,2020,8,14,2865
BRASIL,2020,8,15,1756
BRASIL,2020,8,16,1731
BRASIL,2020,8,17,2405
BRASIL,2020,8,18,2451
BRASIL,2020,8,19,2645
BRASIL,2020,8,20,2521
BRASIL,2020,8,21,2622
BRASIL,2020,8,22,1802
BRASIL,2020,8,23,1821
BRASIL,2020,8,24,2778
BRASIL,2020,8,25,3017
BRASIL,2020,8,26,3018
BRASIL,2020,8,27,3205
BRASIL,2020,8,28,3245
BRASIL,2020,8,29,2153
BRASIL,2020,8,30,1961
BRASIL,2020,8,31,2638
BRASIL,2020,9,1,2743
BRASIL,2020,9,2,2802
BRASIL,2020,9,3,3303
BRASIL,2020,9,4,3754
BRASIL,2020,9,5,2246
BRASIL,2020,9,6,1477
BRASIL,2020,9,7,2684
BRASIL,2020,9,8,3055
BRASIL,2020,9,9,2908
BRASIL,2020,9,10,3114
BRASIL,2020,9,11,3209
BRASIL,2020,9,12,2117
BRASIL,2020,9,13,2156
BRASIL,2020,9,14,2911
BRASIL,2020,9,15,2931
BRASIL,2020,9,16,3128
BRASIL,2020,9,17,3169
BRASIL,2020,9,18,3418
BRASIL,2020,9,19,2112
BRASIL,2020,9,20,1920
BRASIL,2020,9,21,2633
BRASIL,2020,9,22,2617
BRASIL,2020,9,23,2920
BRASIL,2020,9,24,3370
BRASIL,2020,9,25,3456
BRASIL,2020,9,26,2221
BRASIL,2020,9,27,2153
BRASIL,2020,9,28,2846
BRASIL,2020,9,29,3043
BRASIL,2020,9,30,3159
BRASIL,2020,10,1,3363
BRASIL,2020,10,2,3440
BRASIL,2020,10,3,2260
BRASIL,2020,10,4,2146
BRASIL,2020,10,5,3254
BRASIL,2020,10,6,3409
BRASIL,2020,10,7,3406
BRASIL,2020,10,8,3531
BRASIL,2020,10,9,3692
BRASIL,2020,10,10,2697
BRASIL,2020,10,11,1764
BRASIL,2020,10,12,2881
BRASIL,2020,10,13,3550
BRASIL,2020,10,14,3533
BRASIL,2020,10,15,3262
BRASIL,2020,10,16,3607
BRASIL,2020,10,17,2694
BRASIL,2020,10,18,2373
BRASIL,2020,10,19,3294
BRASIL,2020,10,20,3259
BRASIL,2020,10,21,3315
BRASIL,2020,10,22,3543
BRASIL,2020,10,23,3635
BRASIL,2020,10,24,2328
BRASIL,2020,10,25,2273
BRASIL,2020,10,26,3071
BRASIL,2020,10,27,3221
BRASIL,2020,10,28,3665
BRASIL,2020,10,29,3588
BRASIL,2020,10,30,3582
BRASIL,2020,10,31,2602
BRASIL,2020,11,1,1865
BRASIL,2020,11,2,3008
BRASIL,2020,11,3,3636
BRASIL,2020,11,4,3340
BRASIL,2020,11,5,3466
BRASIL,2020,11,6,4106
BRASIL,2020,11,7,3082
BRASIL,2020,11,8,2783
BRASIL,2020,11,9,3325
BRASIL,2020,11,10,3335
BRASIL,2020,11,11,3560
BRASIL,2020,11,12,3625
BRASIL,2020,11,13,3902
BRASIL,2020,11,14,2902
BRASIL,2020,11,15,2498
BRASIL,2020,11,16,3542
BRASIL,2020,11,17,3501
BRASIL,2020,11,18,3414
BRASIL,2020,11,19,3546
BRASIL,2020,11,20,3809
BRASIL,2020,11,21,2900
BRASIL,2020,11,22,2670
BRASIL,2020,11,23,3578
BRASIL,2020,11,24,3688
BRASIL,2020,11,25,3876
BRASIL,2020,11,26,3968
BRASIL,2020,11,27,3943
BRASIL,2020,11,28,2885
BRASIL,2020,11,29,2609
BRASIL,2020,11,30,3472
BRASIL,2020,12,1,3662
BRASIL,2020,12,2,3694
BRASIL,2020,12,3,3942
BRASIL,2020,12,4,3957
BRASIL,2020,12,5,2746
BRASIL,2020,12,6,2333
BRASIL,2020,12,7,3442
BRASIL,2020,12,8,3640
BRASIL,2020,12,9,3778
BRASIL,2020,12,10,4021
BRASIL,2020,12,11,4135
BRASIL,2020,12,12,3047
BRASIL,2020,12,13,2685
BRASIL,2020,12,14,3689
BRASIL,2020,12,15,3941
BRASIL,2020,12,16,3992
BRASIL,2020,12,17,4170
BRASIL,2020,12,18,4415
BRASIL,2020,12,19,3686
BRASIL,2020,12,20,3074
BRASIL,2020,12,21,3879
BRASIL,2020,12,22,4007
BRASIL,2020,12,23,4069
BRASIL,2020,12,24,2721
BRASIL,2020,12,25,1982
BRASIL,2020,12,26,3559
BRASIL,2020,12,27,3079
BRASIL,2020,12,28,3574
BRASIL,2020,12,29,3792
BRASIL,2020,12,30,3646
BRASIL,2020,12,31,2448
BRASIL,2021,1,1,1777
BRASIL,2021,1,2,2820
BRASIL,2021,1,3,3427
BRASIL,2021,1,4,3888
BRASIL,2021,1,5,3768
BRASIL,2021,1,6,3748
BRASIL,2021,1,7,3752
BRASIL,2021,1,8,3927
BRASIL,2021,1,9,3346
BRASIL,2021,1,10,3151
BRASIL,2021,1,11,3818
BRASIL,2021,1,12,3739
BRASIL,2021,1,13,3590
BRASIL,2021,1,14,3936
BRASIL,2021,1,15,4150
BRASIL,2021,1,16,3316
BRASIL,2021,1,17,2955
BRASIL,2021,1,18,3747
BRASIL,2021,1,19,3773
BRASIL,2021,1,20,3730
BRASIL,2021,1,21,3923
BRASIL,2021,1,22,4082
BRASIL,2021,1,23,3410
BRASIL,2021,1,24,2961
BRASIL,2021,1,25,3817
BRASIL,2021,1,26,3624
BRASIL,2021,1,27,3746
BRASIL,2021,1,28,3818
BRASIL,2021,1,29,4098
BRASIL,2021,1,30,3380
BRASIL,2021,1,31,3054
BRASIL,2021,2,1,3536
BRASIL,2021,2,2,3495
BRASIL,2021,2,3,3473
BRASIL,2021,2,4,3548
BRASIL,2021,2,5,3682
BRASIL,2021,2,6,2717
BRASIL,2021,2,7,2613
BRASIL,2021,2,8,3483
BRASIL,2021,2,9,3485
BRASIL,2021,2,10,3665
BRASIL,2021,2,11,3849
BRASIL,2021,2,12,4154
BRASIL,2021,2,13,3143
BRASIL,2021,2,14,2110
BRASIL,2021,2,15,2449
BRASIL,2021,2,16,2841
BRASIL,2021,2,17,3590
BRASIL,2021,2,18,3544
BRASIL,2021,2,19,3618
BRASIL,2021,2,20,2942
BRASIL,2021,2,21,3023
BRASIL,2021,2,22,3694
BRASIL,2021,2,23,3664
BRASIL,2021,2,24,3607
BRASIL,2021,2,25,3525
BRASIL,2021,2,26,3652
BRASIL,2021,2,27,2767
BRASIL,2021,2,28,2582
BRASIL,2021,3,1,3232
BRASIL,2021,3,2,3367
BRASIL,2021,3,3,3433
BRASIL,2021,3,4,3593
BRASIL,2021,3,5,3545
BRASIL,2021,3,6,2564
BRASIL,2021,3,7,2339
BRASIL,2021,3,8,3165
BRASIL,2021,3,9,3166
BRASIL,2021,3,10,3354
BRASIL,2021,3,11,3532
BRASIL,2021,3,12,3723
BRASIL,2021,3,13,2652
BRASIL,2021,3,14,2356
BRASIL,2021,3,15,3033
BRASIL,2021,3,16,2995
BRASIL,2021,3,17,3015
BRASIL,2021,3,18,3012
BRASIL,2021,3,19,3242
BRASIL,2021,3,20,2374
BRASIL,2021,3,21,2204
BRASIL,2021,3,22,2870
BRASIL,2021,3,23,2558
BRASIL,2021,3,24,2941
BRASIL,2021,3,25,3051
BRASIL,2021,3,26,3412
BRASIL,2021,3,27,2495
BRASIL,2021,3,28,2026
BRASIL,2021,3,29,2931
BRASIL,2021,3,30,2813
BRASIL,2021,3,31,3203
BRASIL,2021,4,1,3529
BRASIL,2021,4,2,2142
BRASIL,2021,4,3,1720
BRASIL,2021,4,4,2329
BRASIL,2021,4,5,3010
BRASIL,2021,4,6,2806
BRASIL,2021,4,7,2899
BRASIL,2021,4,8,3136
BRASIL,2021,4,9,3121
BRASIL,2021,4,10,2338
BRASIL,2021,4,11,2167
BRASIL,2021,4,12,2901
BRASIL,2021,4,13,2762
BRASIL,2021,4,14,3114
BRASIL,2021,4,15,3177
BRASIL,2021,4,16,3434
BRASIL,2021,4,17,2283
BRASIL,2021,4,18,2130
BRASIL,2021,4,19,2833
BRASIL,2021,4,20,3015
BRASIL,2021,4,21,2731
BRASIL,2021,4,22,2927
BRASIL,2021,4,23,3384
BRASIL,2021,4,24,2336
BRASIL,2021,4,25,2417
BRASIL,2021,4,26,3186
BRASIL,2021,4,27,2956
BRASIL,2021,4,28,3108
BRASIL,2021,4,29,3441
BRASIL,2021,4,30,3494
BRASIL,2021,5,1,2679
BRASIL,2021,5,2,2471
BRASIL,2021,5,3,3171
BRASIL,2021,5,4,3146
BRASIL,2021,5,5,3276
BRASIL,2021,5,6,3318
BRASIL,2021,5,7,3472
BRASIL,2021,5,8,2733
BRASIL,2021,5,9,2189
BRASIL,2021,5,10,3322
BRASIL,2021,5,11,3315
BRASIL,2021,5,12,3277
BRASIL,2021,5,13,3451
BRASIL,2021,5,14,3706
BRASIL,2021,5,15,2725
BRASIL,2021,5,16,2729
BRASIL,2021,5,17,3203
BRASIL,2021,5,18,3268
BRASIL,2021,5,19,3584
BRASIL,2021,5,20,3816
BRASIL,2021,5,21,3935
BRASIL,2021,5,22,2510
BRASIL,2021,5,23,2517
BRASIL,2021,5,24,3462
BRASIL,2021,5,25,3458
BRASIL,2021,5,26,3593
BRASIL,2021,5,27,3954
BRASIL,2021,5,28,3741
BRASIL,2021,5,29,2791
BRASIL,2021,5,30,2514
BRASIL,2021,5,31,3293
BRASIL,2021,6,1,3385
BRASIL,2021,6,2,3874
BRASIL,2021,6,3,3568
BRASIL,2021,6,4,2821
BRASIL,2021,6,5,2359
BRASIL,2021,6,6,3065
BRASIL,2021,6,7,3505
BRASIL,2021,6,8,3269
BRASIL,2021,6,9,3587
BRASIL,2021,6,10,3469
BRASIL,2021,6,11,3843
BRASIL,2021,6,12,2873
BRASIL,2021,6,13,2716
BRASIL,2021,6,14,3646
BRASIL,2021,6,15,3566
BRASIL,2021,6,16,3613
BRASIL,2021,6,17,3873
BRASIL,2021,6,18,4018
BRASIL,2021,6,19,2844
BRASIL,2021,6,20,2770
BRASIL,2021,6,21,3505
BRASIL,2021,6,22,3464
BRASIL,2021,6,23,3622
BRASIL,2021,6,24,3757
BRASIL,2021,6,25,4127
BRASIL,2021,6,26,3017
BRASIL,2021,6,27,2826
BRASIL,2021,6,28,3438
BRASIL,2021,6,29,3326
BRASIL,2021,6,30,3474
BRASIL,2021,7,1,4183
BRASIL,2021,7,2,4302
BRASIL,2021,7,3,3267
BRASIL,2021,7,4,3121
BRASIL,2021,7,5,3777
BRASIL,2021,7,6,3799
BRASIL,2021,7,7,4065
BRASIL,2021,7,8,4362
BRASIL,2021,7,9,4334
BRASIL,2021,7,10,3217
BRASIL,2021,7,11,3305
BRASIL,2021,7,12,3964
BRASIL,2021,7,13,3820
BRASIL,2021,7,14,4023
BRASIL,2021,7,15,4202
BRASIL,2021,7,16,4224
BRASIL,2021,7,17,3197
BRASIL,2021,7,18,3190
BRASIL,2021,7,19,3939
BRASIL,2021,7,20,4054
BRASIL,2021,7,21,4293
BRASIL,2021,7,22,4416
BRASIL,2021,7,23,4641
BRASIL,2021,7,24,3628
BRASIL,2021,7,25,3412
BRASIL,2021,7,26,4043
BRASIL,2021,7,27,3932
BRASIL,2021,7,28,3743
BRASIL,2021,7,29,4337
BRASIL,2021,7,30,4508
BRASIL,2021,7,31,3454
BRASIL,2021,8,1,3346
BRASIL,2021,8,2,3955
BRASIL,2021,8,3,4013
BRASIL,2021,8,4,3996
BRASIL,2021,8,5,4182
BRASIL,2021,8,6,4602
BRASIL,2021,8,7,3399
BRASIL,2021,8,8,2983
BRASIL,2021,8,9,3804
BRASIL,2021,8,10,4078
BRASIL,2021,8,11,4242
BRASIL,2021,8,12,4301
BRASIL,2021,8,13,4268
BRASIL,2021,8,14,3346
BRASIL,2021,8,15,3297
BRASIL,2021,8,16,3895
BRASIL,2021,8,17,4091
BRASIL,2021,8,18,4376
BRASIL,2021,8,19,4608
BRASIL,2021,8,20,4749
BRASIL,2021,8,21,3444
BRASIL,2021,8,22,3262
BRASIL,2021,8,23,3958
BRASIL,2021,8,24,4055
BRASIL,2021,8,25,4313
BRASIL,2021,8,26,4363
BRASIL,2021,8,27,4494
BRASIL,2021,8,28,3241
BRASIL,2021,8,29,3057
BRASIL,2021,8,30,4019
BRASIL,2021,8,31,4053
BRASIL,2021,9,1,4475
BRASIL,2021,9,2,4809
BRASIL,2021,9,3,5576
BRASIL,2021,9,4,3994
BRASIL,2021,9,5,2579
BRASIL,2021,9,6,3070
BRASIL,2021,9,7,4080
BRASIL,2021,9,8,4236
BRASIL,2021,9,9,4317
BRASIL,2021,9,10,4610
BRASIL,2021,9,11,3573
BRASIL,2021,9,12,3611
BRASIL,2021,9,13,4043
BRASIL,2021,9,14,4052
BRASIL,2021,9,15,4262
BRASIL,2021,9,16,4210
BRASIL,2021,9,17,4426
BRASIL,2021,9,18,3606
BRASIL,2021,9,19,3281
BRASIL,2021,9,20,4229
BRASIL,2021,9,21,4111
BRASIL,2021,9,22,4346
BRASIL,2021,9,23,4479
BRASIL,2021,9,24,4584
BRASIL,2021,9,25,3611
BRASIL,2021,9,26,3356
BRASIL,2021,9,27,4233
BRASIL,2021,9,28,4301
BRASIL,2021,9,29,4214
BRASIL,2021,9,30,4540
BRASIL,2021,10,1,4373
BRASIL,2021,10,2,3472
BRASIL,2021,10,3,3120
BRASIL,2021,10,4,3902
BRASIL,2021,10,5,4146
BRASIL,2021,10,6,4358
BRASIL,2021,10,7,4448
BRASIL,2021,10,8,5182
BRASIL,2021,10,9,3675
BRASIL,2021,10,10,2223
BRASIL,2021,10,11,2511
BRASIL,2021,10,12,3741
BRASIL,2021,10,13,4362
BRASIL,2021,10,14,4229
BRASIL,2021,10,15,4373
BRASIL,2021,10,16,3537
BRASIL,2021,10,17,3306
BRASIL,2021,10,18,3869
BRASIL,2021,10,19,4043
BRASIL,2021,10,20,4360
BRASIL,2021,10,21,4825
BRASIL,2021,10,22,5013
BRASIL,2021,10,23,3758
BRASIL,2021,10,24,3252
BRASIL,2021,10,25,4261
BRASIL,2021,10,26,4182
BRASIL,2021,10,27,4461
BRASIL,2021,10,28,4619
BRASIL,2021,10,29,5095
BRASIL,2021,10,30,3980
BRASIL,2021,10,31,2604
BRASIL,2021,11,1,3040
BRASIL,2021,11,2,3965
BRASIL,2021,11,3,4638
BRASIL,2021,11,4,4645
BRASIL,2021,11,5,4834
BRASIL,2021,11,6,3823
BRASIL,2021,11,7,3774
BRASIL,2021,11,8,4306
BRASIL,2021,11,9,4430
BRASIL,2021,11,10,4492
BRASIL,2021,11,11,4324
BRASIL,2021,11,12,4593
BRASIL,2021,11,13,3997
BRASIL,2021,11,14,2915
BRASIL,2021,11,15,4087
BRASIL,2021,11,16,4381
BRASIL,2021,11,17,4388
BRASIL,2021,11,18,4293
BRASIL,2021,11,19,4489
BRASIL,2021,11,20,3934
BRASIL,2021,11,21,3625
BRASIL,2021,11,22,4502
BRASIL,2021,11,23,4639
BRASIL,2021,11,24,4841
BRASIL,2021,11,25,4879
BRASIL,2021,11,26,4779
BRASIL,2021,11,27,4035
BRASIL,2021,11,28,3968
BRASIL,2021,11,29,4454
BRASIL,2021,11,30,4624
BRASIL,2021,12,1,4844
BRASIL,2021,12,2,4944
BRASIL,2021,12,3,5014
BRASIL,2021,12,4,4212
BRASIL,2021,12,5,3930
BRASIL,2021,12,6,4513
BRASIL,2021,12,7,4523
BRASIL,2021,12,8,4685
BRASIL,2021,12,9,5208
BRASIL,2021,12,10,5381
BRASIL,2021,12,11,4453
BRASIL,2021,12,12,4057
BRASIL,2021,12,13,4550
BRASIL,2021,12,14,4579
BRASIL,2021,12,15,4612
BRASIL,2021,12,16,5063
BRASIL,2021,12,17,5166
BRASIL,2021,12,18,4430
BRASIL,2021,12,19,3921
BRASIL,2021,12,20,4796
BRASIL,2021,12,21,4924
BRASIL,2021,12,22,4957
BRASIL,2021,12,23,4761
BRASIL,2021,12,24,3362
BRASIL,2021,12,25,2532
BRASIL,2021,12,26,4341
BRASIL,2021,12,27,4814
BRASIL,2021,12,28,4693
BRASIL,2021,12,29,4553
BRASIL,2021,12,30,4156
BRASIL,2021,12,31,3036
BRASIL,2022,1,1,2348
BRASIL,2022,1,2,4008
BRASIL,2022,1,3,4557
BRASIL,2022,1,4,4230
BRASIL,2022,1,5,4265
BRASIL,2022,1,6,4089
BRASIL,2022,1,7,4045
BRASIL,2022,1,8,3638
BRASIL,2022,1,9,3622
BRASIL,2022,1,10,4039
BRASIL,2022,1,11,4041
BRASIL,2022,1,12,4154
BRASIL,2022,1,13,4466
BRASIL,2022,1,14,4584
BRASIL,2022,1,15,3902
BRASIL,2022,1,16,3711
BRASIL,2022,1,17,4293
BRASIL,2022,1,18,4452
BRASIL,2022,1,19,4451
BRASIL,2022,1,20,4615
BRASIL,2022,1,21,4786
BRASIL,2022,1,22,4065
BRASIL,2022,1,23,3721
BRASIL,2022,1,24,4254
BRASIL,2022,1,25,4488
BRASIL,2022,1,26,4459
BRASIL,2022,1,27,4493
BRASIL,2022,1,28,4401
BRASIL,2022,1,29,3604
BRASIL,2022,1,30,3507
BRASIL,2022,1,31,4137
BRASIL,2022,2,1,3906
BRASIL,2022,2,2,4121
BRASIL,2022,2,3,4418
BRASIL,2022,2,4,4334
BRASIL,2022,2,5,3597
BRASIL,2022,2,6,3318
BRASIL,2022,2,7,3929
BRASIL,2022,2,8,4230
BRASIL,2022,2,9,4358
BRASIL,2022,2,10,4606
BRASIL,2022,2,11,4773
BRASIL,2022,2,12,3873
BRASIL,2022,2,13,3534
BRASIL,2022,2,14,4387
BRASIL,2022,2,15,4475
BRASIL,2022,2,16,4646
BRASIL,2022,2,17,4791
BRASIL,2022,2,18,4805
BRASIL,2022,2,19,3872
BRASIL,2022,2,20,3616
BRASIL,2022,2,21,4312
BRASIL,2022,2,22,4643
BRASIL,2022,2,23,4693
BRASIL,2022,2,24,5067
BRASIL,2022,2,25,5718
BRASIL,2022,2,26,4393
BRASIL,2022,2,27,2792
BRASIL,2022,2,28,2813
BRASIL,2022,3,1,3413
BRASIL,2022,3,2,4624
BRASIL,2022,3,3,4222
BRASIL,2022,3,4,4254
BRASIL,2022,3,5,3907
BRASIL,2022,3,6,3685
BRASIL,2022,3,7,4471
BRASIL,2022,3,8,4443
BRASIL,2022,3,9,4438
BRASIL,2022,3,10,4761
BRASIL,2022,3,11,4732
BRASIL,2022,3,12,3565
BRASIL,2022,3,13,3415
BRASIL,2022,3,14,4126
BRASIL,2022,3,15,4332
BRASIL,2022,3,16,4396
BRASIL,2022,3,17,4912
BRASIL,2022,3,18,5087
BRASIL,2022,3,19,3688
BRASIL,2022,3,20,3432
BRASIL,2022,3,21,4254
BRASIL,2022,3,22,4498
BRASIL,2022,3,23,4661
BRASIL,2022,3,24,4681
BRASIL,2022,3,25,4844
BRASIL,2022,3,26,3896
BRASIL,2022,3,27,3797
BRASIL,2022,3,28,4658
BRASIL,2022,3,29,4828
BRASIL,2022,3,30,4616
BRASIL,2022,3,31,4755
BRASIL,2022,4,1,4739
BRASIL,2022,4,2,3636
BRASIL,2022,4,3,3664
BRASIL,2022,4,4,4526
BRASIL,2022,4,5,4652
BRASIL,2022,4,6,4881
BRASIL,2022,4,7,4943
BRASIL,2022,4,8,5123
BRASIL,2022,4,9,4111
BRASIL,2022,4,10,3965
BRASIL,2022,4,11,4538
BRASIL,2022,4,12,4697
BRASIL,2022,4,13,4892
BRASIL,2022,4,14,5266
BRASIL,2022,4,15,3502
BRASIL,2022,4,16,2970
BRASIL,2022,4,17,4169
BRASIL,2022,4,18,4543
BRASIL,2022,4,19,4592
BRASIL,2022,4,20,5093
BRASIL,2022,4,21,4695
BRASIL,2022,4,22,3665
BRASIL,2022,4,23,3415
BRASIL,2022,4,24,4724
BRASIL,2022,4,25,4825
BRASIL,2022,4,26,4975
BRASIL,2022,4,27,5243
BRASIL,2022,4,28,5372
BRASIL,2022,4,29,5305
BRASIL,2022,4,30,4122
BRASIL,2022,5,1,4113
BRASIL,2022,5,2,4613
BRASIL,2022,5,3,4581
BRASIL,2022,5,4,4482
BRASIL,2022,5,5,5146
BRASIL,2022,5,6,5384
BRASIL,2022,5,7,4088
BRASIL,2022,5,8,3651
BRASIL,2022,5,9,4726
BRASIL,2022,5,10,4788
BRASIL,2022,5,11,4810
BRASIL,2022,5,12,5211
BRASIL,2022,5,13,5252
BRASIL,2022,5,14,4105
BRASIL,2022,5,15,3608
BRASIL,2022,5,16,4598
BRASIL,2022,5,17,4695
BRASIL,2022,5,18,4548
BRASIL,2022,5,19,4876
BRASIL,2022,5,20,5458
BRASIL,2022,5,21,4335
BRASIL,2022,5,22,4051
BRASIL,2022,5,23,4730
BRASIL,2022,5,24,4900
BRASIL,2022,5,25,5072
BRASIL,2022,5,26,5033
BRASIL,2022,5,27,5223
BRASIL,2022,5,28,4139
BRASIL,2022,5,29,3906
BRASIL,2022,5,30,4478
BRASIL,2022,5,31,4496
BRASIL,2022,6,1,4614
BRASIL,2022,6,2,4743
BRASIL,2022,6,3,5013
BRASIL,2022,6,4,3957
BRASIL,2022,6,5,3811
BRASIL,2022,6,6,4614
BRASIL,2022,6,7,4633
BRASIL,2022,6,8,4673
BRASIL,2022,6,9,4779
BRASIL,2022,6,10,4839
BRASIL,2022,6,11,3952
BRASIL,2022,6,12,3819
BRASIL,2022,6,13,4893
BRASIL,2022,6,14,4796
BRASIL,2022,6,15,5519
BRASIL,2022,6,16,4740
BRASIL,2022,6,17,3497
BRASIL,2022,6,18,3408
BRASIL,2022,6,19,4319
BRASIL,2022,6,20,4900
BRASIL,2022,6,21,5008
BRASIL,2022,6,22,4971
BRASIL,2022,6,23,5372
BRASIL,2022,6,24,5464
BRASIL,2022,6,25,4260
BRASIL,2022,6,26,3843
BRASIL,2022,6,27,5017
BRASIL,2022,6,28,5102
BRASIL,2022,6,29,5082
BRASIL,2022,6,30,5365
BRASIL,2022,7,1,5679
BRASIL,2022,7,2,4582
BRASIL,2022,7,3,4366
BRASIL,2022,7,4,5013
BRASIL,2022,7,5,5082
BRASIL,2022,7,6,5107
BRASIL,2022,7,7,5271
BRASIL,2022,7,8,5540
BRASIL,2022,7,9,4427
BRASIL,2022,7,10,4348
BRASIL,2022,7,11,4917
BRASIL,2022,7,12,4902
BRASIL,2022,7,13,5010
BRASIL,2022,7,14,5078
BRASIL,2022,7,15,5599
BRASIL,2022,7,16,4452
BRASIL,2022,7,17,4383
BRASIL,2022,7,18,4900
BRASIL,2022,7,19,5071
BRASIL,2022,7,20,5160
BRASIL,2022,7,21,5508
BRASIL,2022,7,22,5436
BRASIL,2022,7,23,4544
BRASIL,2022,7,24,4511
BRASIL,2022,7,25,5112
BRASIL,2022,7,26,5147
BRASIL,2022,7,27,5143
BRASIL,2022,7,28,5359
BRASIL,2022,7,29,5317
BRASIL,2022,7,30,4403
BRASIL,2022,7,31,4502
BRASIL,2022,8,1,4933
BRASIL,2022,8,2,5020
BRASIL,2022,8,3,5054
BRASIL,2022,8,4,5144
BRASIL,2022,8,5,5340
BRASIL,2022,8,6,4191
BRASIL,2022,8,7,4012
BRASIL,2022,8,8,4366
BRASIL,2022,8,9,4351
BRASIL,2022,8,10,4228
BRASIL,2022,8,11,4405