DATE,MVTS,MVTS_ROLLAVG
2019-01-01T00:00:00Z,23495,NA
2019-01-02T00:00:00Z,26402,NA
2019-01-03T00:00:00Z,26789,NA
2019-01-04T00:00:00Z,27305,25759.14285714286
2019-01-05T00:00:00Z,23419,25942.714285714286
2019-01-06T00:00:00Z,26013,25850.85714285714
2019-01-07T00:00:00Z,26891,25742.571428571428
2019-01-08T00:00:00Z,24780,25681.714285714286
2019-01-09T00:00:00Z,25759,25436.14285714286
2019-01-10T00:00:00Z,26031,25202.285714285714
2019-01-11T00:00:00Z,26879,25139.428571428572
2019-01-12T00:00:00Z,21700,25066.428571428572
2019-01-13T00:00:00Z,24376,25050
2019-01-14T00:00:00Z,26451,25104
2019-01-15T00:00:00Z,24269,25288.85714285714
2019-01-16T00:00:00Z,25644,25272.428571428572
2019-01-17T00:00:00Z,26409,25321
2019-01-18T00:00:00Z,28173,25390.714285714286
2019-01-19T00:00:00Z,21585,25464.85714285714
2019-01-20T00:00:00Z,24716,25416
2019-01-21T00:00:00Z,26939,25422.14285714286
2019-01-22T00:00:00Z,24788,25352.14285714286
2019-01-23T00:00:00Z,25302,25321
2019-01-24T00:00:00Z,26452,25287.14285714286
2019-01-25T00:00:00Z,27683,25212.714285714286
2019-01-26T00:00:00Z,21367,25227.14285714286
2019-01-27T00:00:00Z,24479,25241.14285714286
2019-01-28T00:00:00Z,26418,25258.85714285714
2019-01-29T00:00:00Z,24889,25649.571428571428
2019-01-30T00:00:00Z,25400,25712.428571428572
2019-01-31T00:00:00Z,26576,25668.571428571428
2019-02-01T00:00:00Z,30418,25695.85714285714
2019-02-02T00:00:00Z,21807,25736.285714285714
2019-02-03T00:00:00Z,24172,25835.85714285714
2019-02-04T00:00:00Z,26609,25917.428571428572
2019-02-05T00:00:00Z,25172,25615.428571428572
2019-02-06T00:00:00Z,26097,25675.428571428572
2019-02-07T00:00:00Z,27147,25763.14285714286
2019-02-08T00:00:00Z,28304,25820.285714285714
2019-02-09T00:00:00Z,22227,25893.285714285714
2019-02-10T00:00:00Z,24786,25846.571428571428
2019-02-11T00:00:00Z,27009,25925
2019-02-12T00:00:00Z,25683,26069
2019-02-13T00:00:00Z,25770,26262.85714285714
2019-02-14T00:00:00Z,27696,26417
2019-02-15T00:00:00Z,29312,26460.571428571428
2019-02-16T00:00:00Z,23584,26502.714285714286
2019-02-17T00:00:00Z,25865,26594.14285714286
2019-02-18T00:00:00Z,27314,26615.571428571428
2019-02-19T00:00:00Z,25978,26550.428571428572
2019-02-20T00:00:00Z,26410,26559
2019-02-21T00:00:00Z,27846,26632.14285714286
2019-02-22T00:00:00Z,28856,26712.14285714286
2019-02-23T00:00:00Z,23644,26777
2019-02-24T00:00:00Z,26377,26883.571428571428
2019-02-25T00:00:00Z,27874,26937.285714285714
2019-02-26T00:00:00Z,26432,27444.714285714286
2019-02-27T00:00:00Z,27156,27440.14285714286
2019-02-28T00:00:00Z,28222,27369.85714285714
2019-03-01T00:00:00Z,32408,27317.14285714286
2019-03-02T00:00:00Z,23612,27347.714285714286
2019-03-03T00:00:00Z,25885,27392.428571428572
2019-03-04T00:00:00Z,27505,27394.85714285714
2019-03-05T00:00:00Z,26646,26955.571428571428
2019-03-06T00:00:00Z,27469,26913
2019-03-07T00:00:00Z,28239,26911.85714285714
2019-03-08T00:00:00Z,29333,27029
2019-03-09T00:00:00Z,23314,27069.14285714286
2019-03-10T00:00:00Z,25877,27012
2019-03-11T00:00:00Z,28325,27019.14285714286
2019-03-12T00:00:00Z,26927,27068.571428571428
2019-03-13T00:00:00Z,27069,27091
2019-03-14T00:00:00Z,28289,27125.714285714286
2019-03-15T00:00:00Z,29679,27159.571428571428
2019-03-16T00:00:00Z,23471,27157.428571428572
2019-03-17T00:00:00Z,26120,27294.571428571428
2019-03-18T00:00:00Z,28562,27372.428571428572
2019-03-19T00:00:00Z,26912,27430.285714285714
2019-03-20T00:00:00Z,28029,27429.85714285714
2019-03-21T00:00:00Z,28834,27476
2019-03-22T00:00:00Z,30084,27425.14285714286
2019-03-23T00:00:00Z,23468,27489
2019-03-24T00:00:00Z,26443,27485.428571428572
2019-03-25T00:00:00Z,28206,27495
2019-03-26T00:00:00Z,27359,27485.85714285714
2019-03-27T00:00:00Z,28004,27518.285714285714
2019-03-28T00:00:00Z,28901,27689.428571428572
2019-03-29T00:00:00Z,30020,28515.285714285714
2019-03-30T00:00:00Z,23695,28887.428571428572
2019-03-31T00:00:00Z,27641,29257.285714285714
2019-04-01T00:00:00Z,33987,29569
2019-04-02T00:00:00Z,29964,29829.14285714286
2019-04-03T00:00:00Z,30593,30150.714285714286
2019-04-04T00:00:00Z,31083,30236.14285714286
2019-04-05T00:00:00Z,31841,29736.85714285714
2019-04-06T00:00:00Z,25946,29747.285714285714
2019-04-07T00:00:00Z,28239,29807.85714285714
2019-04-08T00:00:00Z,30492,29903.714285714286
2019-04-09T00:00:00Z,30037,30042.571428571428
2019-04-10T00:00:00Z,31017,30252
2019-04-11T00:00:00Z,31754,30358
2019-04-12T00:00:00Z,32813,30383
2019-04-13T00:00:00Z,27412,30390.285714285714
2019-04-14T00:00:00Z,28981,30400.285714285714
2019-04-15T00:00:00Z,30667,30411.428571428572
2019-04-16T00:00:00Z,30088,29968.285714285714
2019-04-17T00:00:00Z,31087,29874.428571428572
2019-04-18T00:00:00Z,31832,29705.428571428572
2019-04-19T00:00:00Z,29711,29554.14285714286
2019-04-20T00:00:00Z,26755,29671.285714285714
2019-04-21T00:00:00Z,27798,29674.571428571428
2019-04-22T00:00:00Z,29608,29682.14285714286
2019-04-23T00:00:00Z,30908,29994.85714285714
2019-04-24T00:00:00Z,31110,30131
2019-04-25T00:00:00Z,31885,30374
2019-04-26T00:00:00Z,31900,30588.571428571428
2019-04-27T00:00:00Z,27708,30561.714285714286
2019-04-28T00:00:00Z,29499,30830
2019-04-29T00:00:00Z,31110,30802.428571428572
2019-04-30T00:00:00Z,30720,30940.14285714286
2019-05-01T00:00:00Z,32988,31015.14285714286
2019-05-02T00:00:00Z,31692,31152.285714285714
2019-05-03T00:00:00Z,32864,31280.285714285714
2019-05-04T00:00:00Z,28233,31460.571428571428
2019-05-05T00:00:00Z,30459,31250.14285714286
2019-05-06T00:00:00Z,32006,31147
2019-05-07T00:00:00Z,31982,31278.285714285714
2019-05-08T00:00:00Z,31515,31302.85714285714
2019-05-09T00:00:00Z,30970,31328
2019-05-10T00:00:00Z,33783,31401.428571428572
2019-05-11T00:00:00Z,28405,31328.571428571428
2019-05-12T00:00:00Z,30635,31396
2019-05-13T00:00:00Z,32520,31642.571428571428
2019-05-14T00:00:00Z,31472,31501
2019-05-15T00:00:00Z,31987,31499.428571428572
2019-05-16T00:00:00Z,32696,31464.14285714286
2019-05-17T00:00:00Z,32792,31471
2019-05-18T00:00:00Z,28394,31419.14285714286
2019-05-19T00:00:00Z,30388,31517
2019-05-20T00:00:00Z,32568,31654.714285714286
2019-05-21T00:00:00Z,31109,31909.14285714286
2019-05-22T00:00:00Z,32672,32052.285714285714
2019-05-23T00:00:00Z,33660,32174.428571428572
2019-05-24T00:00:00Z,34573,32270.571428571428
2019-05-25T00:00:00Z,29396,32491.428571428572
2019-05-26T00:00:00Z,31243,32675.14285714286
2019-05-27T00:00:00Z,33241,32437.14285714286
2019-05-28T00:00:00Z,32655,32200.714285714286
2019-05-29T00:00:00Z,33958,32946.142857142855
2019-05-30T00:00:00Z,31994,33312.71428571428
2019-05-31T00:00:00Z,32918,33486.42857142857
2019-06-01T00:00:00Z,34614,33672
2019-06-02T00:00:00Z,33809,33766.857142857145
2019-06-03T00:00:00Z,34457,34163.71428571428
2019-06-04T00:00:00Z,33954,34602.42857142857
2019-06-05T00:00:00Z,34622,34134.71428571428
2019-06-06T00:00:00Z,34772,33909
2019-06-07T00:00:00Z,35989,33860.71428571428
2019-06-08T00:00:00Z,31340,33967.57142857143
2019-06-09T00:00:00Z,32229,34034.42857142857
2019-06-10T00:00:00Z,34119,34234.28571428572
2019-06-11T00:00:00Z,34702,34326.42857142857
2019-06-12T00:00:00Z,35090,34375.142857142855
2019-06-13T00:00:00Z,36171,34585.28571428572
2019-06-14T00:00:00Z,36634,34815.142857142855
2019-06-15T00:00:00Z,31681,34860.857142857145
2019-06-16T00:00:00Z,33700,34916
2019-06-17T00:00:00Z,35728,34840.42857142857
2019-06-18T00:00:00Z,35022,34743
2019-06-19T00:00:00Z,35476,34734.57142857143
2019-06-20T00:00:00Z,35642,34762.42857142857
2019-06-21T00:00:00Z,35952,34753.42857142857
2019-06-22T00:00:00Z,31622,34764.42857142857
2019-06-23T00:00:00Z,33895,34782.71428571428
2019-06-24T00:00:00Z,35665,34923.142857142855
2019-06-25T00:00:00Z,35099,35079.71428571428
2019-06-26T00:00:00Z,35604,35204.857142857145
2019-06-27T00:00:00Z,36625,35267.857142857145
2019-06-28T00:00:00Z,37048,35951.142857142855
2019-06-29T00:00:00Z,32498,35980.28571428572
2019-06-30T00:00:00Z,34336,36007.28571428572
2019-07-01T00:00:00Z,40448,36006.142857142855
2019-07-02T00:00:00Z,35303,35987.71428571428
2019-07-03T00:00:00Z,35793,35982.42857142857
2019-07-04T00:00:00Z,36617,35923.42857142857
2019-07-05T00:00:00Z,36919,35264.42857142857
2019-07-06T00:00:00Z,32461,35249.142857142855
2019-07-07T00:00:00Z,33923,35228.42857142857
2019-07-08T00:00:00Z,35835,35205.857142857145
2019-07-09T00:00:00Z,35196,35140.42857142857
2019-07-10T00:00:00Z,35648,35169.57142857143
2019-07-11T00:00:00Z,36459,35191.71428571428
2019-07-12T00:00:00Z,36461,35207.142857142855
2019-07-13T00:00:00Z,32665,35201.42857142857
2019-07-14T00:00:00Z,34078,35172
2019-07-15T00:00:00Z,35943,35136.28571428572
2019-07-16T00:00:00Z,35156,35161.142857142855
2019-07-17T00:00:00Z,35442,35170.42857142857
2019-07-18T00:00:00Z,36209,35138.57142857143
2019-07-19T00:00:00Z,36635,35076.71428571428
2019-07-20T00:00:00Z,32730,35056.28571428572
2019-07-21T00:00:00Z,33855,34997.142857142855
2019-07-22T00:00:00Z,35510,34904.71428571428
2019-07-23T00:00:00Z,35013,34822
2019-07-24T00:00:00Z,35028,34769.28571428572
2019-07-25T00:00:00Z,35562,34771
2019-07-26T00:00:00Z,36056,34772.71428571428
2019-07-27T00:00:00Z,32361,34720
2019-07-28T00:00:00Z,33867,34759.42857142857
2019-07-29T00:00:00Z,35522,35398.142857142855
2019-07-30T00:00:00Z,34644,35365.142857142855
2019-07-31T00:00:00Z,35304,35410.28571428572
2019-08-01T00:00:00Z,40033,35404
2019-08-02T00:00:00Z,35825,35290.142857142855
2019-08-03T00:00:00Z,32677,35207.28571428572
2019-08-04T00:00:00Z,33823,35031.71428571428
2019-08-05T00:00:00Z,34725,34333.857142857145
2019-08-06T00:00:00Z,34064,34317.57142857143
2019-08-07T00:00:00Z,34075,34304.857142857145
2019-08-08T00:00:00Z,35148,34287.28571428572
2019-08-09T00:00:00Z,35711,34286.28571428572
2019-08-10T00:00:00Z,32588,34315.142857142855
2019-08-11T00:00:00Z,33700,34424.142857142855
2019-08-12T00:00:00Z,34718,34354.42857142857
2019-08-13T00:00:00Z,34266,34334.28571428572
2019-08-14T00:00:00Z,34838,34326.57142857143
2019-08-15T00:00:00Z,34660,34395.857142857145
2019-08-16T00:00:00Z,35570,34483
2019-08-17T00:00:00Z,32534,34556.28571428572
2019-08-18T00:00:00Z,34185,34622.42857142857
2019-08-19T00:00:00Z,35328,34835.42857142857
2019-08-20T00:00:00Z,34779,34960.857142857145
2019-08-21T00:00:00Z,35301,34958.42857142857
2019-08-22T00:00:00Z,36151,34947.857142857145
2019-08-23T00:00:00Z,36448,34994.857142857145
2019-08-24T00:00:00Z,32517,35059.28571428572
2019-08-25T00:00:00Z,34111,35119.42857142857
2019-08-26T00:00:00Z,35657,35177.857142857145
2019-08-27T00:00:00Z,35230,35237.142857142855
2019-08-28T00:00:00Z,35722,35258.28571428572
2019-08-29T00:00:00Z,36560,35747.28571428572
2019-08-30T00:00:00Z,36863,35715.142857142855
2019-08-31T00:00:00Z,32665,35709.57142857143
2019-09-01T00:00:00Z,37534,35693.57142857143
2019-09-02T00:00:00Z,35432,35648
2019-09-03T00:00:00Z,35191,35520.857142857145
2019-09-04T00:00:00Z,35610,35360.42857142857
2019-09-05T00:00:00Z,36241,34831.142857142855
2019-09-06T00:00:00Z,35973,34728.142857142855
2019-09-07T00:00:00Z,31542,34560.57142857143
2019-09-08T00:00:00Z,33829,34493.28571428572
2019-09-09T00:00:00Z,34711,34487.57142857143
2019-09-10T00:00:00Z,34018,34557.57142857143
2019-09-11T00:00:00Z,35139,34533
2019-09-12T00:00:00Z,36201,34484.71428571428
2019-09-13T00:00:00Z,36463,34539.42857142857
2019-09-14T00:00:00Z,31370,34606.71428571428
2019-09-15T00:00:00Z,33491,34568.57142857143
2019-09-16T00:00:00Z,35094,34505
2019-09-17T00:00:00Z,34489,34465.57142857143
2019-09-18T00:00:00Z,34872,34389.28571428572
2019-09-19T00:00:00Z,35756,34302.857142857145
2019-09-20T00:00:00Z,36187,34253.142857142855
2019-09-21T00:00:00Z,30836,34169.71428571428
2019-09-22T00:00:00Z,32886,34169.42857142857
2019-09-23T00:00:00Z,34746,34116
2019-09-24T00:00:00Z,33905,34003.71428571428
2019-09-25T00:00:00Z,34870,33972.42857142857
2019-09-26T00:00:00Z,35382,33923.28571428572
2019-09-27T00:00:00Z,35401,33827.42857142857
2019-09-28T00:00:00Z,30617,34127.142857142855
2019-09-29T00:00:00Z,32542,33943.28571428572
2019-09-30T00:00:00Z,34075,33715.142857142855
2019-10-01T00:00:00Z,36003,33545.71428571428
2019-10-02T00:00:00Z,33583,33342.28571428572
2019-10-03T00:00:00Z,33785,33205.71428571428
2019-10-04T00:00:00Z,34215,33065
2019-10-05T00:00:00Z,29193,32451.714285714286
2019-10-06T00:00:00Z,31586,32214.14285714286
2019-10-07T00:00:00Z,33090,32166.428571428572
2019-10-08T00:00:00Z,31710,32150.14285714286
2019-10-09T00:00:00Z,31920,32080.571428571428
2019-10-10T00:00:00Z,33451,31980
2019-10-11T00:00:00Z,34101,31908.14285714286
2019-10-12T00:00:00Z,28706,31893
2019-10-13T00:00:00Z,30882,31928.714285714286
2019-10-14T00:00:00Z,32587,31903.571428571428
2019-10-15T00:00:00Z,31604,31843.571428571428
2019-10-16T00:00:00Z,32170,31816.428571428572
2019-10-17T00:00:00Z,33275,31734.714285714286
2019-10-18T00:00:00Z,33681,31728
2019-10-19T00:00:00Z,28516,31686.428571428572
2019-10-20T00:00:00Z,30310,31682.14285714286
2019-10-21T00:00:00Z,32540,31655.14285714286
2019-10-22T00:00:00Z,31313,31550.14285714286
2019-10-23T00:00:00Z,32140,31520.285714285714
2019-10-24T00:00:00Z,33086,31230.14285714286
2019-10-25T00:00:00Z,32946,30848.85714285714
2019-10-26T00:00:00Z,28307,30446
2019-10-27T00:00:00Z,28279,30009.85714285714
2019-10-28T00:00:00Z,29871,29533.428571428572
2019-10-29T00:00:00Z,28493,29348.85714285714
2019-10-30T00:00:00Z,29087,28729.14285714286
2019-10-31T00:00:00Z,29751,28624.714285714286
2019-11-01T00:00:00Z,31654,28540.285714285714
2019-11-02T00:00:00Z,23969,28395.285714285714
2019-11-03T00:00:00Z,27548,28173.14285714286
2019-11-04T00:00:00Z,29280,27907.14285714286
2019-11-05T00:00:00Z,27478,27540.85714285714
2019-11-06T00:00:00Z,27532,27307.14285714286
2019-11-07T00:00:00Z,27889,27077.428571428572
2019-11-08T00:00:00Z,29090,26887.428571428572
2019-11-09T00:00:00Z,22333,26713.14285714286
2019-11-10T00:00:00Z,25940,26576
2019-11-11T00:00:00Z,27950,26617.714285714286
2019-11-12T00:00:00Z,26258,26664
2019-11-13T00:00:00Z,26572,26645.85714285714
2019-11-14T00:00:00Z,28181,26610
2019-11-15T00:00:00Z,29414,26628.285714285714
2019-11-16T00:00:00Z,22206,26607.428571428572
2019-11-17T00:00:00Z,25689,26618.14285714286
2019-11-18T00:00:00Z,28078,26549.285714285714
2019-11-19T00:00:00Z,26112,26544.14285714286
2019-11-20T00:00:00Z,26647,26504.14285714286
2019-11-21T00:00:00Z,27699,26494.428571428572
2019-11-22T00:00:00Z,29378,26360.14285714286
2019-11-23T00:00:00Z,21926,26320.714285714286
2019-11-24T00:00:00Z,25621,26280.285714285714
2019-11-25T00:00:00Z,27138,26250.428571428572
2019-11-26T00:00:00Z,25836,26171.714285714286
2019-11-27T00:00:00Z,26364,26164.571428571428
2019-11-28T00:00:00Z,27490,26453.85714285714
2019-11-29T00:00:00Z,28827,26562.14285714286
2019-11-30T00:00:00Z,21876,26595.85714285714
2019-12-01T00:00:00Z,27646,26678.428571428572
2019-12-02T00:00:00Z,27896,26553.428571428572
2019-12-03T00:00:00Z,26072,26465.85714285714
2019-12-04T00:00:00Z,26942,26444.285714285714
2019-12-05T00:00:00Z,26615,26132.14285714286
2019-12-06T00:00:00Z,28214,26140.85714285714
2019-12-07T00:00:00Z,21725,26051
2019-12-08T00:00:00Z,25461,26059
2019-12-09T00:00:00Z,27957,26203.571428571428
2019-12-10T00:00:00Z,25443,26247.428571428572
2019-12-11T00:00:00Z,26998,26352
2019-12-12T00:00:00Z,27627,26385
2019-12-13T00:00:00Z,28521,26409.714285714286
2019-12-14T00:00:00Z,22457,26507.714285714286
2019-12-15T00:00:00Z,25692,26598.85714285714
2019-12-16T00:00:00Z,28130,26801
2019-12-17T00:00:00Z,26129,27025
2019-12-18T00:00:00Z,27636,27419.14285714286
2019-12-19T00:00:00Z,29042,27500.285714285714
2019-12-20T00:00:00Z,30089,27296.428571428572
2019-12-21T00:00:00Z,25216,26330
2019-12-22T00:00:00Z,26260,24436.85714285714
2019-12-23T00:00:00Z,26703,23698.428571428572
2019-12-24T00:00:00Z,19364,23259.85714285714
2019-12-25T00:00:00Z,14384,23077.428571428572
2019-12-26T00:00:00Z,23873,22952.85714285714
2019-12-27T00:00:00Z,27019,22798.85714285714
2019-12-28T00:00:00Z,23939,22842.285714285714
2019-12-29T00:00:00Z,25388,24012.85714285714
2019-12-30T00:00:00Z,25625,24397.85714285714
2019-12-31T00:00:00Z,19668,24423.714285714286
2020-01-01T00:00:00Z,22578,24455.14285714286
2020-01-02T00:00:00Z,26568,24602.571428571428
2020-01-03T00:00:00Z,27200,24769.428571428572
2020-01-04T00:00:00Z,24159,25511.285714285714
2020-01-05T00:00:00Z,26420,25872.14285714286
2020-01-06T00:00:00Z,26793,25766.428571428572
2020-01-07T00:00:00Z,24861,25839.714285714286
2020-01-08T00:00:00Z,25104,25523.14285714286
2020-01-09T00:00:00Z,25828,25313
2020-01-10T00:00:00Z,27713,25241.14285714286
2020-01-11T00:00:00Z,21943,25034
2020-01-12T00:00:00Z,24949,24973.571428571428
2020-01-13T00:00:00Z,26290,25008.285714285714
2020-01-14T00:00:00Z,23411,24989.14285714286
2020-01-15T00:00:00Z,24681,24893.428571428572
2020-01-16T00:00:00Z,26071,24863.571428571428
2020-01-17T00:00:00Z,27579,24887.714285714286
2020-01-18T00:00:00Z,21273,25027.285714285714
2020-01-19T00:00:00Z,24740,25028.714285714286
2020-01-20T00:00:00Z,26459,25073.285714285714
2020-01-21T00:00:00Z,24388,25106.571428571428
2020-01-22T00:00:00Z,24691,25090.571428571428
2020-01-23T00:00:00Z,26383,25085.285714285714
2020-01-24T00:00:00Z,27812,25093.571428571428
2020-01-25T00:00:00Z,21161,25035.428571428572
2020-01-26T00:00:00Z,24703,25028
2020-01-27T00:00:00Z,26517,25012.285714285714
2020-01-28T00:00:00Z,23981,25029.571428571428
2020-01-29T00:00:00Z,24639,25416.14285714286
2020-01-30T00:00:00Z,26273,25427.285714285714
2020-01-31T00:00:00Z,27933,25442.14285714286
2020-02-01T00:00:00Z,23867,25472.285714285714
2020-02-02T00:00:00Z,24781,25536
2020-02-03T00:00:00Z,26621,25590
2020-02-04T00:00:00Z,24192,25566.714285714286
2020-02-05T00:00:00Z,25085,25325.714285714286
2020-02-06T00:00:00Z,26651,24912.85714285714
2020-02-07T00:00:00Z,27770,24558.571428571428
2020-02-08T00:00:00Z,22180,24562.14285714286
2020-02-09T00:00:00Z,21891,24640
2020-02-10T00:00:00Z,24141,24693.285714285714
2020-02-11T00:00:00Z,24217,24849.85714285714
2020-02-12T00:00:00Z,25630,24988.85714285714
2020-02-13T00:00:00Z,27024,25430.428571428572
2020-02-14T00:00:00Z,28866,25849.428571428572
2020-02-15T00:00:00Z,23153,26053.714285714286
2020-02-16T00:00:00Z,24982,26146.428571428572
2020-02-17T00:00:00Z,27074,26177.714285714286
2020-02-18T00:00:00Z,25647,26194.85714285714
2020-02-19T00:00:00Z,26279,26262.428571428572
2020-02-20T00:00:00Z,27243,26362.571428571428
2020-02-21T00:00:00Z,28986,26454.85714285714
2020-02-22T00:00:00Z,23626,26471.428571428572
2020-02-23T00:00:00Z,25683,26440.714285714286
2020-02-24T00:00:00Z,27720,26389.428571428572
2020-02-25T00:00:00Z,25763,26360.428571428572
2020-02-26T00:00:00Z,26064,26253
2020-02-27T00:00:00Z,26884,26523.714285714286
2020-02-28T00:00:00Z,28783,26443.85714285714
2020-02-29T00:00:00Z,22874,26408.714285714286
2020-03-01T00:00:00Z,27578,26403.285714285714
2020-03-02T00:00:00Z,27161,26348.428571428572
2020-03-03T00:00:00Z,25517,26158.14285714286
2020-03-04T00:00:00Z,26026,26016.14285714286
2020-03-05T00:00:00Z,26500,25575.14285714286
2020-03-06T00:00:00Z,27451,25342.714285714286
2020-03-07T00:00:00Z,21880,25016.85714285714
2020-03-08T00:00:00Z,24491,24617.571428571428
2020-03-09T00:00:00Z,25534,24224
2020-03-10T00:00:00Z,23236,23809.285714285714
2020-03-11T00:00:00Z,23231,23369.714285714286
2020-03-12T00:00:00Z,23745,22714.571428571428
2020-03-13T00:00:00Z,24548,21779.85714285714
2020-03-14T00:00:00Z,18803,20625.571428571428
2020-03-15T00:00:00Z,19905,19268.428571428572
2020-03-16T00:00:00Z,18991,17680.14285714286
2020-03-17T00:00:00Z,15156,15907.714285714286
2020-03-18T00:00:00Z,13731,14355.57142857143
2020-03-19T00:00:00Z,12627,12586
2020-03-20T00:00:00Z,12141,10847.42857142857
2020-03-21T00:00:00Z,7938,9574.142857142857
2020-03-22T00:00:00Z,7518,8441.57142857143
2020-03-23T00:00:00Z,6821,7477.857142857143
2020-03-24T00:00:00Z,6243,6548.285714285715
2020-03-25T00:00:00Z,5803,5926
2020-03-26T00:00:00Z,5881,5329.714285714285
2020-03-27T00:00:00Z,5634,4932.857142857143
2020-03-28T00:00:00Z,3582,4640.285714285715
2020-03-29T00:00:00Z,3344,4590.142857142857
2020-03-30T00:00:00Z,4043,4333
2020-03-31T00:00:00Z,4195,4111.571428571428
2020-04-01T00:00:00Z,5452,3965.5714285714284
2020-04-02T00:00:00Z,4081,3868.4285714285716
2020-04-03T00:00:00Z,4084,3809.5714285714284
2020-04-04T00:00:00Z,2560,3761.714285714286
2020-04-05T00:00:00Z,2664,3563.8571428571427
2020-04-06T00:00:00Z,3631,3532.1428571428573
2020-04-07T00:00:00Z,3860,3380.285714285714
2020-04-08T00:00:00Z,4067,3331.285714285714
2020-04-09T00:00:00Z,3859,3249.5714285714284
2020-04-10T00:00:00Z,3021,3104.1428571428573
2020-04-11T00:00:00Z,2217,3082
2020-04-12T00:00:00Z,2092,3075.4285714285716
2020-04-13T00:00:00Z,2613,3116.8571428571427
2020-04-14T00:00:00Z,3705,3245
2020-04-15T00:00:00Z,4021,3255.5714285714284
2020-04-16T00:00:00Z,4149,3306.4285714285716
2020-04-17T00:00:00Z,3918,3473.714285714286
2020-04-18T00:00:00Z,2291,3519.4285714285716
2020-04-19T00:00:00Z,2448,3568.714285714286
2020-04-20T00:00:00Z,3784,3617
2020-04-21T00:00:00Z,4025,3664.8571428571427
2020-04-22T00:00:00Z,4366,3690.1428571428573
2020-04-23T00:00:00Z,4487,3724.4285714285716
2020-04-24T00:00:00Z,4253,3769
2020-04-25T00:00:00Z,2468,3805
2020-04-26T00:00:00Z,2688,3833.4285714285716
2020-04-27T00:00:00Z,4096,3835.285714285714
2020-04-28T00:00:00Z,4277,3896.1428571428573
2020-04-29T00:00:00Z,4565,3893.714285714286
2020-04-30T00:00:00Z,4500,3920.285714285714
2020-05-01T00:00:00Z,4679,3952.8571428571427
2020-05-02T00:00:00Z,2451,3983.4285714285716
2020-05-03T00:00:00Z,2874,4015.4285714285716
2020-05-04T00:00:00Z,4324,4086.1428571428573
2020-05-05T00:00:00Z,4491,4061.714285714286
2020-05-06T00:00:00Z,4789,4122.857142857143
2020-05-07T00:00:00Z,4995,4142.285714285715
2020-05-08T00:00:00Z,4508,4167.142857142857
2020-05-09T00:00:00Z,2879,4238.714285714285
2020-05-10T00:00:00Z,3010,4294.857142857143
2020-05-11T00:00:00Z,4498,4349
2020-05-12T00:00:00Z,4992,4470.142857142857
2020-05-13T00:00:00Z,5182,4521.571428571428
2020-05-14T00:00:00Z,5374,4561.142857142857
2020-05-15T00:00:00Z,5356,4641.857142857143
2020-05-16T00:00:00Z,3239,4687.285714285715
2020-05-17T00:00:00Z,3287,4788.142857142857
2020-05-18T00:00:00Z,5063,4712.285714285715
2020-05-19T00:00:00Z,5310,4662.857142857143
2020-05-20T00:00:00Z,5888,4682
2020-05-21T00:00:00Z,4843,4738.285714285715
2020-05-22T00:00:00Z,5010,4738.142857142857
2020-05-23T00:00:00Z,3373,4774.714285714285
2020-05-24T00:00:00Z,3681,4794
2020-05-25T00:00:00Z,5062,4948.428571428572
2020-05-26T00:00:00Z,5566,5077.571428571428
2020-05-27T00:00:00Z,6023,5109.142857142857
2020-05-28T00:00:00Z,5924,5093.285714285715
2020-05-29T00:00:00Z,5914,5336
2020-05-30T00:00:00Z,3594,5397
2020-05-31T00:00:00Z,3570,5478.428571428572
2020-06-01T00:00:00Z,6761,5601.571428571428
2020-06-02T00:00:00Z,5993,5715.857142857143
2020-06-03T00:00:00Z,6593,5834.571428571428
2020-06-04T00:00:00Z,6786,6009.142857142857
2020-06-05T00:00:00Z,6714,5978.857142857143
2020-06-06T00:00:00Z,4425,6077.142857142857
2020-06-07T00:00:00Z,4792,6163.285714285715
2020-06-08T00:00:00Z,6549,6179.714285714285
2020-06-09T00:00:00Z,6681,6259.285714285715
2020-06-10T00:00:00Z,7196,6293.285714285715
2020-06-11T00:00:00Z,6901,6351.428571428572
2020-06-12T00:00:00Z,7271,6544.285714285715
2020-06-13T00:00:00Z,4663,6700.571428571428
2020-06-14T00:00:00Z,5199,6843
2020-06-15T00:00:00Z,7899,7054
2020-06-16T00:00:00Z,7775,7245.428571428572
2020-06-17T00:00:00Z,8193,7432.714285714285
2020-06-18T00:00:00Z,8378,7680
2020-06-19T00:00:00Z,8611,7817.428571428572
2020-06-20T00:00:00Z,5974,7955.714285714285
2020-06-21T00:00:00Z,6930,8098
2020-06-22T00:00:00Z,8861,8264.57142857143
2020-06-23T00:00:00Z,8743,8438
2020-06-24T00:00:00Z,9189,8543.42857142857
2020-06-25T00:00:00Z,9544,8629.714285714286
2020-06-26T00:00:00Z,9825,8674.57142857143
2020-06-27T00:00:00Z,6712,8749.714285714286
2020-06-28T00:00:00Z,7534,9526.142857142857
2020-06-29T00:00:00Z,9175,9974.857142857143
2020-06-30T00:00:00Z,9269,10561.285714285714
2020-07-01T00:00:00Z,14624,11183.42857142857
2020-07-02T00:00:00Z,12685,11797.42857142857
2020-07-03T00:00:00Z,13930,12335.714285714286
2020-07-04T00:00:00Z,11067,12769.42857142857
2020-07-05T00:00:00Z,11832,12554.142857142857
2020-07-06T00:00:00Z,12943,12621
2020-07-07T00:00:00Z,12305,12711
2020-07-08T00:00:00Z,13117,12829.57142857143
2020-07-09T00:00:00Z,13153,12904.142857142857
2020-07-10T00:00:00Z,14560,12961
2020-07-11T00:00:00Z,11897,13027
2020-07-12T00:00:00Z,12354,13173.714285714286
2020-07-13T00:00:00Z,13341,13388.285714285714
2020-07-14T00:00:00Z,12767,13562.857142857143
2020-07-15T00:00:00Z,14144,13758.42857142857
2020-07-16T00:00:00Z,14655,13958.285714285714
2020-07-17T00:00:00Z,15782,14165.42857142857
2020-07-18T00:00:00Z,13266,14328.714285714286
2020-07-19T00:00:00Z,13753,14373.42857142857
2020-07-20T00:00:00Z,14791,14446.42857142857
2020-07-21T00:00:00Z,13910,14510.42857142857
2020-07-22T00:00:00Z,14457,14639.42857142857
2020-07-23T00:00:00Z,15166,14715.142857142857
2020-07-24T00:00:00Z,16230,14747.285714285714
2020-07-25T00:00:00Z,14169,14766.285714285714
2020-07-26T00:00:00Z,14283,14825.714285714286
2020-07-27T00:00:00Z,15016,14850.714285714286
2020-07-28T00:00:00Z,14043,14894.142857142857
2020-07-29T00:00:00Z,14873,15433.57142857143
2020-07-30T00:00:00Z,15341,15720.42857142857
2020-07-31T00:00:00Z,16534,15980.57142857143
2020-08-01T00:00:00Z,17945,16206.857142857143
2020-08-02T00:00:00Z,16291,16416.14285714286
2020-08-03T00:00:00Z,16837,16610.428571428572
2020-08-04T00:00:00Z,15627,16834.714285714286
2020-08-05T00:00:00Z,16338,16593
2020-08-06T00:00:00Z,16701,16630.714285714286
2020-08-07T00:00:00Z,18104,16667.285714285714
2020-08-08T00:00:00Z,16253,16665.285714285714
2020-08-09T00:00:00Z,16555,16640.571428571428
2020-08-10T00:00:00Z,17093,16611.285714285714
2020-08-11T00:00:00Z,15613,16625.85714285714
2020-08-12T00:00:00Z,16165,16648.285714285714
2020-08-13T00:00:00Z,16496,16728.714285714286
2020-08-14T00:00:00Z,18206,16758.85714285714
2020-08-15T00:00:00Z,16410,16788.285714285714
2020-08-16T00:00:00Z,17118,16861.285714285714
2020-08-17T00:00:00Z,17304,16961.428571428572
2020-08-18T00:00:00Z,15819,16977.14285714286
2020-08-19T00:00:00Z,16676,16957.428571428572
2020-08-20T00:00:00Z,17197,16976.85714285714
2020-08-21T00:00:00Z,18316,17017.571428571428
2020-08-22T00:00:00Z,16272,17064.285714285714
2020-08-23T00:00:00Z,17254,17076.428571428572
2020-08-24T00:00:00Z,17589,17143.85714285714
2020-08-25T00:00:00Z,16146,17206.428571428572
2020-08-26T00:00:00Z,16761,17204
2020-08-27T00:00:00Z,17669,17227.428571428572
2020-08-28T00:00:00Z,18754,17281.14285714286
2020-08-29T00:00:00Z,16255,17483.85714285714
2020-08-30T00:00:00Z,17418,17411.14285714286
2020-08-31T00:00:00Z,17965,17318.714285714286
2020-09-01T00:00:00Z,17565,17248
2020-09-02T00:00:00Z,16252,17099.571428571428
2020-09-03T00:00:00Z,17022,16947.285714285714
2020-09-04T00:00:00Z,18259,16780
2020-09-05T00:00:00Z,15216,16460
2020-09-06T00:00:00Z,16352,16427.285714285714
2020-09-07T00:00:00Z,16794,16377
2020-09-08T00:00:00Z,15325,16345.42857142857
2020-09-09T00:00:00Z,16023,16257.57142857143
2020-09-10T00:00:00Z,16670,16229.714285714286
2020-09-11T00:00:00Z,18038,16158.857142857143
2020-09-12T00:00:00Z,14601,16097.857142857143
2020-09-13T00:00:00Z,16157,16014.857142857143
2020-09-14T00:00:00Z,16298,15925.142857142857
2020-09-15T00:00:00Z,14898,15849.857142857143
2020-09-16T00:00:00Z,15442,15748.57142857143
2020-09-17T00:00:00Z,16042,15653.285714285714
2020-09-18T00:00:00Z,17511,15583.42857142857
2020-09-19T00:00:00Z,13892,15522.57142857143
2020-09-20T00:00:00Z,15490,15465.714285714286
2020-09-21T00:00:00Z,15809,15414
2020-09-22T00:00:00Z,14472,15357.285714285714
2020-09-23T00:00:00Z,15044,15306
2020-09-24T00:00:00Z,15680,15239.857142857143
2020-09-25T00:00:00Z,17114,15182.285714285714
2020-09-26T00:00:00Z,13533,15139.714285714286
2020-09-27T00:00:00Z,15027,15162.42857142857
2020-09-28T00:00:00Z,15406,15332.42857142857
2020-09-29T00:00:00Z,14174,15201.57142857143
2020-09-30T00:00:00Z,15203,15090.714285714286
2020-10-01T00:00:00Z,16870,14945.857142857143
2020-10-02T00:00:00Z,16198,14842.285714285714
2020-10-03T00:00:00Z,12757,14671.57142857143
2020-10-04T00:00:00Z,14013,14474.57142857143
2020-10-05T00:00:00Z,14681,14136.142857142857
2020-10-06T00:00:00Z,12979,14161.857142857143
2020-10-07T00:00:00Z,13824,14143.857142857143
2020-10-08T00:00:00Z,14501,14133.142857142857
2020-10-09T00:00:00Z,16378,14083.285714285714
2020-10-10T00:00:00Z,12631,14042.285714285714
2020-10-11T00:00:00Z,13938,13994.142857142857
2020-10-12T00:00:00Z,14332,13877
2020-10-13T00:00:00Z,12692,13873.142857142857
2020-10-14T00:00:00Z,13487,13907
2020-10-15T00:00:00Z,13681,13897.857142857143
2020-10-16T00:00:00Z,16351,13844
2020-10-17T00:00:00Z,12868,13769.285714285714
2020-10-18T00:00:00Z,13874,13674.285714285714
2020-10-19T00:00:00Z,13955,13681
2020-10-20T00:00:00Z,12169,13553.714285714286
2020-10-21T00:00:00Z,12822,13491.285714285714
2020-10-22T00:00:00Z,13728,13408.57142857143
2020-10-23T00:00:00Z,15460,13345.42857142857
2020-10-24T00:00:00Z,12431,13302.285714285714
2020-10-25T00:00:00Z,13295,13275.42857142857
2020-10-26T00:00:00Z,13513,13234.285714285714
2020-10-27T00:00:00Z,11867,13150.42857142857
2020-10-28T00:00:00Z,12634,13019.42857142857
2020-10-29T00:00:00Z,13440,13158.857142857143
2020-10-30T00:00:00Z,14873,13034.285714285714
2020-10-31T00:00:00Z,11514,12901.714285714286
2020-11-01T00:00:00Z,14271,12759
2020-11-02T00:00:00Z,12641,12518.285714285714
2020-11-03T00:00:00Z,10939,12290.142857142857
2020-11-04T00:00:00Z,11635,11986.714285714286
2020-11-05T00:00:00Z,11755,11507.285714285714
2020-11-06T00:00:00Z,13276,11294.42857142857
2020-11-07T00:00:00Z,9390,11121.857142857143
2020-11-08T00:00:00Z,10915,10887.857142857143
2020-11-09T00:00:00Z,11151,10751.142857142857
2020-11-10T00:00:00Z,9731,10563.857142857143
2020-11-11T00:00:00Z,9997,10371.285714285714
2020-11-12T00:00:00Z,10798,10183.714285714286
2020-11-13T00:00:00Z,11965,10094.714285714286
2020-11-14T00:00:00Z,8042,10024.857142857143
2020-11-15T00:00:00Z,9602,10046.714285714286
2020-11-16T00:00:00Z,10528,9937.57142857143
2020-11-17T00:00:00Z,9242,9831
2020-11-18T00:00:00Z,10150,9753.142857142857
2020-11-19T00:00:00Z,10034,9635.142857142857
2020-11-20T00:00:00Z,11219,9545
2020-11-21T00:00:00Z,7497,9486.142857142857
2020-11-22T00:00:00Z,8776,9421.142857142857
2020-11-23T00:00:00Z,9897,9368
2020-11-24T00:00:00Z,8830,9315.285714285714
2020-11-25T00:00:00Z,9695,9269.57142857143
2020-11-26T00:00:00Z,9662,9247
2020-11-27T00:00:00Z,10850,9242
2020-11-28T00:00:00Z,7177,9443.57142857143
2020-11-29T00:00:00Z,8618,9442.714285714286
2020-11-30T00:00:00Z,9862,9477.57142857143
2020-12-01T00:00:00Z,10241,9549.42857142857
2020-12-02T00:00:00Z,9689,9613.42857142857
2020-12-03T00:00:00Z,9906,9611
2020-12-04T00:00:00Z,11353,9601.714285714286
2020-12-05T00:00:00Z,7625,9445
2020-12-06T00:00:00Z,8601,9473.57142857143
2020-12-07T00:00:00Z,9797,9552.142857142857
2020-12-08T00:00:00Z,9144,9612.42857142857
2020-12-09T00:00:00Z,9889,9676.714285714286
2020-12-10T00:00:00Z,10456,9778.714285714286
2020-12-11T00:00:00Z,11775,9932.142857142857
2020-12-12T00:00:00Z,8075,10093
2020-12-13T00:00:00Z,9315,10288.142857142857
2020-12-14T00:00:00Z,10871,10631
2020-12-15T00:00:00Z,10270,11089.57142857143
2020-12-16T00:00:00Z,11255,11655.285714285714
2020-12-17T00:00:00Z,12856,12077.857142857143
2020-12-18T00:00:00Z,14985,12298.714285714286
2020-12-19T00:00:00Z,12035,12483.714285714286
2020-12-20T00:00:00Z,12273,12700.57142857143
2020-12-21T00:00:00Z,12417,12109.285714285714
2020-12-22T00:00:00Z,11565,10805.142857142857
2020-12-23T00:00:00Z,12773,10310.857142857143
2020-12-24T00:00:00Z,8717,10085.714285714286
2020-12-25T00:00:00Z,5856,9815.57142857143
2020-12-26T00:00:00Z,8575,9522
2020-12-27T00:00:00Z,10697,9238.57142857143
2020-12-28T00:00:00Z,10526,9007.42857142857
2020-12-29T00:00:00Z,9510,9281.857142857143
2020-12-30T00:00:00Z,10789,9434.57142857143
2020-12-31T00:00:00Z,7099,9631
2021-01-01T00:00:00Z,7777,9760.857142857143
2021-01-02T00:00:00Z,9644,9791
2021-01-03T00:00:00Z,12072,9649
2021-01-04T00:00:00Z,11435,10070.142857142857
2021-01-05T00:00:00Z,9721,10583.42857142857
2021-01-06T00:00:00Z,9795,10428.857142857143
2021-01-07T00:00:00Z,10047,10165
2021-01-08T00:00:00Z,11370,9924.142857142857
2021-01-09T00:00:00Z,8562,9742
2021-01-10T00:00:00Z,10225,9641.142857142857
2021-01-11T00:00:00Z,9749,9567.857142857143
2021-01-12T00:00:00Z,8446,9457.285714285714
2021-01-13T00:00:00Z,9089,9272.42857142857
2021-01-14T00:00:00Z,9534,8998.42857142857
2021-01-15T00:00:00Z,10596,8954.714285714286
2021-01-16T00:00:00Z,7268,8931.285714285714
2021-01-17T00:00:00Z,8307,8928.42857142857
2021-01-18T00:00:00Z,9443,8865.142857142857
2021-01-19T00:00:00Z,8282,8811.42857142857
2021-01-20T00:00:00Z,9069,8754.285714285714
2021-01-21T00:00:00Z,9091,8706.714285714286
2021-01-22T00:00:00Z,10220,8670.42857142857
2021-01-23T00:00:00Z,6868,8676.142857142857
2021-01-24T00:00:00Z,7974,8613.42857142857
2021-01-25T00:00:00Z,9189,8655.57142857143
2021-01-26T00:00:00Z,8322,8631.857142857143
2021-01-27T00:00:00Z,8630,8639
2021-01-28T00:00:00Z,9386,8668.714285714286
2021-01-29T00:00:00Z,10054,8862.42857142857
2021-01-30T00:00:00Z,6918,8855.285714285714
2021-01-31T00:00:00Z,8182,8894.42857142857
2021-02-01T00:00:00Z,10545,8922.285714285714
2021-02-02T00:00:00Z,8272,8982.857142857143
2021-02-03T00:00:00Z,8904,8996.42857142857
2021-02-04T00:00:00Z,9581,8883.57142857143
2021-02-05T00:00:00Z,10478,8572.857142857143
2021-02-06T00:00:00Z,7013,8495.285714285714
2021-02-07T00:00:00Z,7392,8495
2021-02-08T00:00:00Z,8370,8484.714285714286
2021-02-09T00:00:00Z,7729,8493.714285714286
2021-02-10T00:00:00Z,8902,8581.714285714286
2021-02-11T00:00:00Z,9509,8687.42857142857
2021-02-12T00:00:00Z,10541,8787.714285714286
2021-02-13T00:00:00Z,7629,8823.714285714286
2021-02-14T00:00:00Z,8132,8838.42857142857
2021-02-15T00:00:00Z,9072,8848.142857142857
2021-02-16T00:00:00Z,7981,8843.142857142857
2021-02-17T00:00:00Z,9005,8843.714285714286
2021-02-18T00:00:00Z,9577,8893.57142857143
2021-02-19T00:00:00Z,10506,8933.57142857143
2021-02-20T00:00:00Z,7633,9000.285714285714
2021-02-21T00:00:00Z,8481,9067.714285714286
2021-02-22T00:00:00Z,9352,9132.714285714286
2021-02-23T00:00:00Z,8448,9187.142857142857
2021-02-24T00:00:00Z,9477,9201
2021-02-25T00:00:00Z,10032,9238.57142857143
2021-02-26T00:00:00Z,10887,9562
2021-02-27T00:00:00Z,7730,9617
2021-02-28T00:00:00Z,8744,9643
2021-03-01T00:00:00Z,11616,9667.714285714286
2021-03-02T00:00:00Z,8833,9686
2021-03-03T00:00:00Z,9659,9679.714285714286
2021-03-04T00:00:00Z,10205,9664
2021-03-05T00:00:00Z,11015,9411
2021-03-06T00:00:00Z,7686,9418.857142857143
2021-03-07T00:00:00Z,8634,9430.142857142857
2021-03-08T00:00:00Z,9845,9355
2021-03-09T00:00:00Z,8888,9343.714285714286
2021-03-10T00:00:00Z,9738,9295.42857142857
2021-03-11T00:00:00Z,9679,9289.42857142857
2021-03-12T00:00:00Z,10936,9265.57142857143
2021-03-13T00:00:00Z,7348,9292.285714285714
2021-03-14T00:00:00Z,8592,9320.142857142857
2021-03-15T00:00:00Z,9678,9436.714285714286
2021-03-16T00:00:00Z,9075,9507.285714285714
2021-03-17T00:00:00Z,9933,9611.285714285714
2021-03-18T00:00:00Z,10495,9665.714285714286
2021-03-19T00:00:00Z,11430,9746
2021-03-20T00:00:00Z,8076,9776.57142857143
2021-03-21T00:00:00Z,8973,9849.285714285714
2021-03-22T00:00:00Z,10240,9967.142857142857
2021-03-23T00:00:00Z,9289,10138.142857142857
2021-03-24T00:00:00Z,10442,10262.714285714286
2021-03-25T00:00:00Z,11320,10450.42857142857
2021-03-26T00:00:00Z,12627,10594
2021-03-27T00:00:00Z,8948,10760
2021-03-28T00:00:00Z,10287,10961.285714285714
2021-03-29T00:00:00Z,11245,11329.857142857143
2021-03-30T00:00:00Z,10451,11183.142857142857
2021-03-31T00:00:00Z,11851,11200.714285714286
2021-04-01T00:00:00Z,13900,11079.142857142857
2021-04-02T00:00:00Z,11600,10901.142857142857
2021-04-03T00:00:00Z,9071,10813.42857142857
2021-04-04T00:00:00Z,9436,10673
2021-04-05T00:00:00Z,9999,10337.142857142857
2021-04-06T00:00:00Z,9837,10510
2021-04-07T00:00:00Z,10868,10579.57142857143
2021-04-08T00:00:00Z,11549,10797.857142857143
2021-04-09T00:00:00Z,12810,10964.142857142857
2021-04-10T00:00:00Z,9558,10988
2021-04-11T00:00:00Z,10964,10986.285714285714
2021-04-12T00:00:00Z,11163,10971.714285714286
2021-04-13T00:00:00Z,10004,10936.42857142857
2021-04-14T00:00:00Z,10856,10853.857142857143
2021-04-15T00:00:00Z,11447,10771.142857142857
2021-04-16T00:00:00Z,12563,10773.857142857143
2021-04-17T00:00:00Z,8980,10797.857142857143
2021-04-18T00:00:00Z,10385,10789.285714285714
2021-04-19T00:00:00Z,11182,10773.142857142857
2021-04-20T00:00:00Z,10172,10767.142857142857
2021-04-21T00:00:00Z,10796,10793.714285714286
2021-04-22T00:00:00Z,11334,10751.857142857143
2021-04-23T00:00:00Z,12521,10740.857142857143
2021-04-24T00:00:00Z,9166,10727.285714285714
2021-04-25T00:00:00Z,10092,10787.714285714286
2021-04-26T00:00:00Z,11105,10891.142857142857
2021-04-27T00:00:00Z,10077,10909.857142857143
2021-04-28T00:00:00Z,11219,11252.57142857143
2021-04-29T00:00:00Z,12058,11239.42857142857
2021-04-30T00:00:00Z,12652,11277.42857142857
2021-05-01T00:00:00Z,11565,11290
2021-05-02T00:00:00Z,10000,11276.42857142857
2021-05-03T00:00:00Z,11371,11220.42857142857
2021-05-04T00:00:00Z,10165,11308.285714285714
2021-05-05T00:00:00Z,11124,11099.142857142857
2021-05-06T00:00:00Z,11666,11222
2021-05-07T00:00:00Z,13267,11292.42857142857
2021-05-08T00:00:00Z,10101,11391.714285714286
2021-05-09T00:00:00Z,10860,11586.714285714286
2021-05-10T00:00:00Z,11864,11533
2021-05-11T00:00:00Z,10860,11372.57142857143
2021-05-12T00:00:00Z,12489,11330.285714285714
2021-05-13T00:00:00Z,11290,11523.42857142857
2021-05-14T00:00:00Z,12144,11652.142857142857
2021-05-15T00:00:00Z,9805,11799
2021-05-16T00:00:00Z,12212,11806.142857142857
2021-05-17T00:00:00Z,12765,12186.714285714286
2021-05-18T00:00:00Z,11888,12661.57142857143
2021-05-19T00:00:00Z,12539,12869.42857142857
2021-05-20T00:00:00Z,13954,12865.714285714286
2021-05-21T00:00:00Z,15468,12989.857142857143
2021-05-22T00:00:00Z,11260,13050.285714285714
2021-05-23T00:00:00Z,12186,13135.285714285714
2021-05-24T00:00:00Z,13634,13155.142857142857
2021-05-25T00:00:00Z,12311,13284.857142857143
2021-05-26T00:00:00Z,13134,13459.714285714286
2021-05-27T00:00:00Z,14093,13662.285714285714
2021-05-28T00:00:00Z,16376,13709.42857142857
2021-05-29T00:00:00Z,12484,14415.857142857143
2021-05-30T00:00:00Z,13604,14750.57142857143
2021-05-31T00:00:00Z,13964,14997
2021-06-01T00:00:00Z,17256,15122
2021-06-02T00:00:00Z,15477,15387.57142857143
2021-06-03T00:00:00Z,15818,15770.42857142857
2021-06-04T00:00:00Z,17251,16084.714285714286
2021-06-05T00:00:00Z,14343,15697.142857142857
2021-06-06T00:00:00Z,16284,15696.714285714286
2021-06-07T00:00:00Z,16164,15815.142857142857
2021-06-08T00:00:00Z,14543,15951.714285714286
2021-06-09T00:00:00Z,15474,15991.857142857143
2021-06-10T00:00:00Z,16647,16008.142857142857
2021-06-11T00:00:00Z,18207,16138.142857142857
2021-06-12T00:00:00Z,14624,16308.714285714286
2021-06-13T00:00:00Z,16398,16556
2021-06-14T00:00:00Z,17074,16758.85714285714
2021-06-15T00:00:00Z,15737,16974.571428571428
2021-06-16T00:00:00Z,17205,17229.285714285714
2021-06-17T00:00:00Z,18067,17446.285714285714
2021-06-18T00:00:00Z,19717,17627.714285714286
2021-06-19T00:00:00Z,16407,17813.14285714286
2021-06-20T00:00:00Z,17917,17919.85714285714
2021-06-21T00:00:00Z,18344,18083.285714285714
2021-06-22T00:00:00Z,17035,18262.85714285714
2021-06-23T00:00:00Z,17952,18466.714285714286
2021-06-24T00:00:00Z,19211,18665.85714285714
2021-06-25T00:00:00Z,20974,18882.714285714286
2021-06-26T00:00:00Z,17834,19029.714285714286
2021-06-27T00:00:00Z,19311,19256.14285714286
2021-06-28T00:00:00Z,19862,20164
2021-06-29T00:00:00Z,18064,20547
2021-06-30T00:00:00Z,19537,21020
2021-07-01T00:00:00Z,25566,21365.571428571428
2021-07-02T00:00:00Z,23655,21670.14285714286
2021-07-03T00:00:00Z,21145,21974.571428571428
2021-07-04T00:00:00Z,21730,22245
2021-07-05T00:00:00Z,21994,21773.85714285714
2021-07-06T00:00:00Z,20195,21864.14285714286
2021-07-07T00:00:00Z,21430,21960.428571428572
2021-07-08T00:00:00Z,22268,22057.714285714286
2021-07-09T00:00:00Z,24287,22155
2021-07-10T00:00:00Z,21819,22221
2021-07-11T00:00:00Z,22411,22226
2021-07-12T00:00:00Z,22675,22297.14285714286
2021-07-13T00:00:00Z,20657,22408.714285714286
2021-07-14T00:00:00Z,21465,22554
2021-07-15T00:00:00Z,22766,22655.571428571428
2021-07-16T00:00:00Z,25068,22802.85714285714
2021-07-17T00:00:00Z,22836,23040.571428571428
2021-07-18T00:00:00Z,23122,23222.285714285714
2021-07-19T00:00:00Z,23706,23348.14285714286
2021-07-20T00:00:00Z,22321,23438.714285714286
2021-07-21T00:00:00Z,22737,23530
2021-07-22T00:00:00Z,23647,23665.285714285714
2021-07-23T00:00:00Z,25702,23481.714285714286
2021-07-24T00:00:00Z,23475,23469.571428571428
2021-07-25T00:00:00Z,24069,23501.714285714286
2021-07-26T00:00:00Z,22421,23543.285714285714
2021-07-27T00:00:00Z,22236,23559.571428571428
2021-07-28T00:00:00Z,22962,23651.428571428572
2021-07-29T00:00:00Z,23938,24252.14285714286
2021-07-30T00:00:00Z,25816,24566.14285714286
2021-07-31T00:00:00Z,24118,24663
2021-08-01T00:00:00Z,28274,24728
2021-08-02T00:00:00Z,24619,24749.85714285714
2021-08-03T00:00:00Z,22914,24730.428571428572
2021-08-04T00:00:00Z,23417,24688
2021-08-05T00:00:00Z,24091,24173.571428571428
2021-08-06T00:00:00Z,25680,24123
2021-08-07T00:00:00Z,23821,24117.85714285714
2021-08-08T00:00:00Z,24673,24114.14285714286
2021-08-09T00:00:00Z,24265,24138.285714285714
2021-08-10T00:00:00Z,22878,24160.85714285714
2021-08-11T00:00:00Z,23391,24212.14285714286
2021-08-12T00:00:00Z,24260,24247
2021-08-13T00:00:00Z,25838,24272.85714285714
2021-08-14T00:00:00Z,24180,24301
2021-08-15T00:00:00Z,24917,24376.428571428572
2021-08-16T00:00:00Z,24446,24404.571428571428
2021-08-17T00:00:00Z,23075,24462.571428571428
2021-08-18T00:00:00Z,23919,24460.571428571428
2021-08-19T00:00:00Z,24457,24504.428571428572
2021-08-20T00:00:00Z,26244,24582.571428571428
2021-08-21T00:00:00Z,24166,24653.571428571428
2021-08-22T00:00:00Z,25224,24731.285714285714
2021-08-23T00:00:00Z,24993,24825.428571428572
2021-08-24T00:00:00Z,23572,24886.428571428572
2021-08-25T00:00:00Z,24463,24905.285714285714
2021-08-26T00:00:00Z,25116,24938.14285714286
2021-08-27T00:00:00Z,26671,25031.85714285714
2021-08-28T00:00:00Z,24298,25119.714285714286
2021-08-29T00:00:00Z,25454,25565.85714285714
2021-08-30T00:00:00Z,25649,25564.714285714286
2021-08-31T00:00:00Z,24187,25552.428571428572
2021-09-01T00:00:00Z,27586,25458.14285714286
2021-09-02T00:00:00Z,25108,25400.571428571428
2021-09-03T00:00:00Z,26585,25276.285714285714
2021-09-04T00:00:00Z,23638,25068.14285714286
2021-09-05T00:00:00Z,25051,24550.428571428572
2021-09-06T00:00:00Z,24779,24529.714285714286
2021-09-07T00:00:00Z,22730,24510.571428571428
2021-09-08T00:00:00Z,23962,24433.285714285714
2021-09-09T00:00:00Z,24963,24412.85714285714
2021-09-10T00:00:00Z,26451,24394.571428571428
2021-09-11T00:00:00Z,23097,24387.14285714286
2021-09-12T00:00:00Z,24908,24322.428571428572
2021-09-13T00:00:00Z,24651,24234.714285714286
2021-09-14T00:00:00Z,22678,24241.285714285714
2021-09-15T00:00:00Z,23509,24172.571428571428
2021-09-16T00:00:00Z,24349,24105.85714285714
2021-09-17T00:00:00Z,26497,24077
2021-09-18T00:00:00Z,22616,24057
2021-09-19T00:00:00Z,24441,24009.14285714286
2021-09-20T00:00:00Z,24449,24036.85714285714
2021-09-21T00:00:00Z,22538,23921.85714285714
2021-09-22T00:00:00Z,23174,23862.428571428572
2021-09-23T00:00:00Z,24543,23817.285714285714
2021-09-24T00:00:00Z,25692,23796.285714285714
2021-09-25T00:00:00Z,22200,23747.14285714286
2021-09-26T00:00:00Z,24125,23729
2021-09-27T00:00:00Z,24302,23706.85714285714
2021-09-28T00:00:00Z,22194,24115.571428571428
2021-09-29T00:00:00Z,23047,24045.285714285714
2021-09-30T00:00:00Z,24388,23964.428571428572
2021-10-01T00:00:00Z,28553,23875.14285714286
2021-10-02T00:00:00Z,21708,23772.571428571428
2021-10-03T00:00:00Z,23559,23696.571428571428
2021-10-04T00:00:00Z,23677,23603.285714285714
2021-10-05T00:00:00Z,21476,23159.85714285714
2021-10-06T00:00:00Z,22515,23126.85714285714
2021-10-07T00:00:00Z,23735,23131.14285714286
2021-10-08T00:00:00Z,25449,23096.14285714286
2021-10-09T00:00:00Z,21477,23119.428571428572
2021-10-10T00:00:00Z,23589,23089.85714285714
2021-10-11T00:00:00Z,23432,23087.285714285714
2021-10-12T00:00:00Z,21639,23106
2021-10-13T00:00:00Z,22308,23126.85714285714
2021-10-14T00:00:00Z,23717,23092.14285714286
2021-10-15T00:00:00Z,25580,23121.714285714286
2021-10-16T00:00:00Z,21623,23056.14285714286
2021-10-17T00:00:00Z,23346,23071.571428571428
2021-10-18T00:00:00Z,23639,23013.285714285714
2021-10-19T00:00:00Z,21180,23027
2021-10-20T00:00:00Z,22416,23092.571428571428
2021-10-21T00:00:00Z,23309,23105.428571428572
2021-10-22T00:00:00Z,25676,23104.14285714286
2021-10-23T00:00:00Z,22082,23139.571428571428
2021-10-24T00:00:00Z,23436,23127.428571428572
2021-10-25T00:00:00Z,23630,23145.14285714286
2021-10-26T00:00:00Z,21428,23074.428571428572
2021-10-27T00:00:00Z,22331,22990.571428571428
2021-10-28T00:00:00Z,23433,22833.571428571428
2021-10-29T00:00:00Z,25181,22957.85714285714
2021-10-30T00:00:00Z,21495,22772.14285714286
2021-10-31T00:00:00Z,22337,22585.285714285714
2021-11-01T00:00:00Z,24500,22356.714285714286
2021-11-02T00:00:00Z,20128,22149.428571428572
2021-11-03T00:00:00Z,21023,21812.714285714286
2021-11-04T00:00:00Z,21833,21755.714285714286
2021-11-05T00:00:00Z,23730,21383.85714285714
2021-11-06T00:00:00Z,19138,21331.714285714286
2021-11-07T00:00:00Z,21938,21302.285714285714
2021-11-08T00:00:00Z,21897,21183.571428571428
2021-11-09T00:00:00Z,19763,21018.428571428572
2021-11-10T00:00:00Z,20817,20791.714285714286
2021-11-11T00:00:00Z,21002,20652
2021-11-12T00:00:00Z,22574,20624.428571428572
2021-11-13T00:00:00Z,17551,20589
2021-11-14T00:00:00Z,20960,20489.285714285714
2021-11-15T00:00:00Z,21704,20533.85714285714
2021-11-16T00:00:00Z,19515,20574
2021-11-17T00:00:00Z,20119,20583
2021-11-18T00:00:00Z,21314,20486.14285714286
2021-11-19T00:00:00Z,22855,20411.571428571428
2021-11-20T00:00:00Z,17614,20343.571428571428
2021-11-21T00:00:00Z,20282,20304
2021-11-22T00:00:00Z,21182,20219
2021-11-23T00:00:00Z,19039,20099
2021-11-24T00:00:00Z,19842,19978.14285714286
2021-11-25T00:00:00Z,20719,19913.14285714286
2021-11-26T00:00:00Z,22015,19844.285714285714
2021-11-27T00:00:00Z,16768,19773.571428571428
2021-11-28T00:00:00Z,19827,20026.14285714286
2021-11-29T00:00:00Z,20700,19940.85714285714
2021-11-30T00:00:00Z,18544,19958.85714285714
2021-12-01T00:00:00Z,21610,20039
2021-12-02T00:00:00Z,20122,19990.285714285714
2021-12-03T00:00:00Z,22141,19901.14285714286
2021-12-04T00:00:00Z,17329,19851.428571428572
2021-12-05T00:00:00Z,19486,19563.14285714286
2021-12-06T00:00:00Z,20076,19586.428571428572
2021-12-07T00:00:00Z,18196,19548
2021-12-08T00:00:00Z,19592,19521.571428571428
2021-12-09T00:00:00Z,20285,19579.285714285714
2021-12-10T00:00:00Z,21872,19688.14285714286
2021-12-11T00:00:00Z,17144,19779.428571428572
2021-12-12T00:00:00Z,19890,19902.571428571428
2021-12-13T00:00:00Z,20838,20120.285714285714
2021-12-14T00:00:00Z,18835,20416.85714285714
2021-12-15T00:00:00Z,20454,20806.85714285714
2021-12-16T00:00:00Z,21809,21019.14285714286
2021-12-17T00:00:00Z,23948,21247.428571428572
2021-12-18T00:00:00Z,19874,21556.428571428572
2021-12-19T00:00:00Z,21376,21815.428571428572
2021-12-20T00:00:00Z,22436,21928.285714285714
2021-12-21T00:00:00Z,20998,20972.428571428572
2021-12-22T00:00:00Z,22267,19836.428571428572
2021-12-23T00:00:00Z,22599,19643
2021-12-24T00:00:00Z,17257,19461.285714285714
2021-12-25T00:00:00Z,11922,19231.285714285714
2021-12-26T00:00:00Z,20022,18910.14285714286
2021-12-27T00:00:00Z,21164,18633.285714285714
2021-12-28T00:00:00Z,19388,18547.85714285714
2021-12-29T00:00:00Z,20019,19307.714285714286
2021-12-30T00:00:00Z,20661,19602.571428571428
2021-12-31T00:00:00Z,16659,19655.571428571428
2022-01-01T00:00:00Z,17241,19638.714285714286
2022-01-02T00:00:00Z,22086,19511
2022-01-03T00:00:00Z,21535,19293
2022-01-04T00:00:00Z,19270,19900.285714285714
2022-01-05T00:00:00Z,19125,20052.14285714286
2022-01-06T00:00:00Z,19135,19831.285714285714
2022-01-07T00:00:00Z,20910,19366.285714285714
2022-01-08T00:00:00Z,18304,18912.571428571428
2022-01-09T00:00:00Z,20540,18490.571428571428
2022-01-10T00:00:00Z,18280,18142.285714285714
2022-01-11T00:00:00Z,16094,17842
2022-01-12T00:00:00Z,16171,17380.714285714286
2022-01-13T00:00:00Z,16697,16886
2022-01-14T00:00:00Z,18808,16705.428571428572
2022-01-15T00:00:00Z,15075,16564.571428571428
2022-01-16T00:00:00Z,17077,16514.714285714286
2022-01-17T00:00:00Z,17016,16514
2022-01-18T00:00:00Z,15108,16510.428571428572
2022-01-19T00:00:00Z,15822,16468.85714285714
2022-01-20T00:00:00Z,16692,16422.285714285714
2022-01-21T00:00:00Z,18783,16286.714285714286
2022-01-22T00:00:00Z,14784,16083.142857142857
2022-01-23T00:00:00Z,16751,16005.142857142857
2022-01-24T00:00:00Z,16067,15970.285714285714
2022-01-25T00:00:00Z,13683,15962.57142857143
2022-01-26T00:00:00Z,15276,15930.57142857143
2022-01-27T00:00:00Z,16448,15966.142857142857
2022-01-28T00:00:00Z,18729,16032.714285714286
2022-01-29T00:00:00Z,14560,16632.571428571428
2022-01-30T00:00:00Z,17000,16812.14285714286
2022-01-31T00:00:00Z,16533,17002.571428571428
2022-02-01T00:00:00Z,17882,17105.85714285714
2022-02-02T00:00:00Z,16533,17340.571428571428
2022-02-03T00:00:00Z,17781,17476
2022-02-04T00:00:00Z,19452,17723.571428571428
2022-02-05T00:00:00Z,16203,17497.285714285714
2022-02-06T00:00:00Z,17948,17611.14285714286
2022-02-07T00:00:00Z,18266,17777
2022-02-08T00:00:00Z,16298,18033.714285714286
2022-02-09T00:00:00Z,17330,18306.85714285714
2022-02-10T00:00:00Z,18942,18493.85714285714
2022-02-11T00:00:00Z,21249,18601.571428571428
2022-02-12T00:00:00Z,18115,18737.428571428572
2022-02-13T00:00:00Z,19257,18797.714285714286
2022-02-14T00:00:00Z,19020,18756.714285714286
2022-02-15T00:00:00Z,17249,18587.714285714286
2022-02-16T00:00:00Z,17752,18662.14285714286
2022-02-17T00:00:00Z,18655,18729.428571428572
2022-02-18T00:00:00Z,20066,18726.85714285714
2022-02-19T00:00:00Z,18636,18810.428571428572
2022-02-20T00:00:00Z,19728,18946.428571428572
2022-02-21T00:00:00Z,19002,19089.428571428572
2022-02-22T00:00:00Z,17834,19314
2022-02-23T00:00:00Z,18704,19289.714285714286
2022-02-24T00:00:00Z,19656,19335.85714285714
2022-02-25T00:00:00Z,21638,19531.85714285714
2022-02-26T00:00:00Z,18466,20061.571428571428
2022-02-27T00:00:00Z,20051,20183.571428571428
2022-02-28T00:00:00Z,20374,20327
2022-03-01T00:00:00Z,21542,20486.428571428572
2022-03-02T00:00:00Z,19558,20536.14285714286
2022-03-03T00:00:00Z,20660,20614.85714285714
2022-03-04T00:00:00Z,22754,20688.85714285714
2022-03-05T00:00:00Z,18814,20302.714285714286
2022-03-06T00:00:00Z,20602,20302.428571428572
2022-03-07T00:00:00Z,20892,20309.714285714286
2022-03-08T00:00:00Z,18839,20178.85714285714
2022-03-09T00:00:00Z,19556,20005.571428571428
2022-03-10T00:00:00Z,20711,19933.85714285714
2022-03-11T00:00:00Z,21838,19931.714285714286
2022-03-12T00:00:00Z,17601,19967.571428571428
2022-03-13T00:00:00Z,20100,20030.714285714286
2022-03-14T00:00:00Z,20877,20068.571428571428
2022-03-15T00:00:00Z,19090,20194.571428571428
2022-03-16T00:00:00Z,19998,20292.85714285714
2022-03-17T00:00:00Z,20976,20401
2022-03-18T00:00:00Z,22720,20447
2022-03-19T00:00:00Z,18289,20443
2022-03-20T00:00:00Z,20857,20481.571428571428
2022-03-21T00:00:00Z,21199,20543.571428571428
2022-03-22T00:00:00Z,19062,20583.428571428572
2022-03-23T00:00:00Z,20268,20656.571428571428
2022-03-24T00:00:00Z,21410,20925.571428571428
2022-03-25T00:00:00Z,22999,21325
2022-03-26T00:00:00Z,18801,21837.571428571428
2022-03-27T00:00:00Z,22740,22234.428571428572
2022-03-28T00:00:00Z,23995,22582
2022-03-29T00:00:00Z,22650,23267.714285714286
2022-03-30T00:00:00Z,23046,23583.428571428572
2022-03-31T00:00:00Z,23843,23632.285714285714
2022-04-01T00:00:00Z,27799,23640.85714285714
2022-04-02T00:00:00Z,21011,23656.428571428572
2022-04-03T00:00:00Z,23082,23781.428571428572
2022-04-04T00:00:00Z,24055,23895.285714285714
2022-04-05T00:00:00Z,22759,23689.85714285714
2022-04-06T00:00:00Z,23921,23900.14285714286
2022-04-07T00:00:00Z,24640,24041.85714285714
2022-04-08T00:00:00Z,26361,24161.14285714286
2022-04-09T00:00:00Z,22483,24319.285714285714
2022-04-10T00:00:00Z,24074,24490.571428571428
2022-04-11T00:00:00Z,24890,24682.14285714286
2022-04-12T00:00:00Z,23866,24479.428571428572
2022-04-13T00:00:00Z,25120,24469
2022-04-14T00:00:00Z,25981,24362.85714285714
2022-04-15T00:00:00Z,24942,24363.714285714286
2022-04-16T00:00:00Z,22410,24509.85714285714
2022-04-17T00:00:00Z,23331,24506.428571428572
2022-04-18T00:00:00Z,24896,24488.428571428572
2022-04-19T00:00:00Z,24889,24774.285714285714
2022-04-20T00:00:00Z,25096,24828.714285714286
2022-04-21T00:00:00Z,25855,25028.714285714286
2022-04-22T00:00:00Z,26943,25190.14285714286
2022-04-23T00:00:00Z,22791,25200.85714285714
2022-04-24T00:00:00Z,24731,25267
2022-04-25T00:00:00Z,26026,25443.714285714286
2022-04-26T00:00:00Z,24964,25650
2022-04-27T00:00:00Z,25559,25825.428571428572
2022-04-28T00:00:00Z,27092,26475.571428571428
2022-04-29T00:00:00Z,28387,26611.428571428572
2022-04-30T00:00:00Z,24019,26757.428571428572
2022-05-01T00:00:00Z,29282,26913
2022-05-02T00:00:00Z,26977,27007.571428571428
2022-05-03T00:00:00Z,25986,27064.571428571428
2022-05-04T00:00:00Z,26648,27142.571428571428
2022-05-05T00:00:00Z,27754,26757.285714285714
2022-05-06T00:00:00Z,28786,26832.14285714286
2022-05-07T00:00:00Z,24565,26903.714285714286
2022-05-08T00:00:00Z,26585,26947.428571428572
2022-05-09T00:00:00Z,27501,27018.14285714286
2022-05-10T00:00:00Z,26487,27039.285714285714
2022-05-11T00:00:00Z,26954,27044
2022-05-12T00:00:00Z,28249,27054.428571428572
2022-05-13T00:00:00Z,28934,27076.714285714286
2022-05-14T00:00:00Z,24598,27008.571428571428
2022-05-15T00:00:00Z,26658,27092.14285714286
2022-05-16T00:00:00Z,27657,27158
2022-05-17T00:00:00Z,26010,27145
2022-05-18T00:00:00Z,27539,27224.14285714286
2022-05-19T00:00:00Z,28710,27316.571428571428
2022-05-20T00:00:00Z,28843,27367
2022-05-21T00:00:00Z,25152,27571.85714285714
2022-05-22T00:00:00Z,27305,27798.85714285714
2022-05-23T00:00:00Z,28010,27724.14285714286
2022-05-24T00:00:00Z,27444,27693.285714285714
2022-05-25T00:00:00Z,29128,27807.14285714286
2022-05-26T00:00:00Z,28187,28010.85714285714
2022-05-27T00:00:00Z,28627,28255
2022-05-28T00:00:00Z,25949,28356.714285714286
2022-05-29T00:00:00Z,28731,28949.571428571428
2022-05-30T00:00:00Z,29719,29172.571428571428
2022-05-31T00:00:00Z,28156,29442
2022-06-01T00:00:00Z,33278,29532.285714285714
2022-06-02T00:00:00Z,29748,29367.571428571428
2022-06-03T00:00:00Z,30513,29325.428571428572
2022-06-04T00:00:00Z,26581,29464.285714285714
2022-06-05T00:00:00Z,27578,28878.85714285714
2022-06-06T00:00:00Z,29424,28977.714285714286
2022-06-07T00:00:00Z,29128,29093.285714285714
2022-06-08T00:00:00Z,29180,29176.714285714286
2022-06-09T00:00:00Z,30440,29351.571428571428
2022-06-10T00:00:00Z,31322,29482.428571428572
2022-06-11T00:00:00Z,27165,29546.714285714286
2022-06-12T00:00:00Z,28802,29700.714285714286
2022-06-13T00:00:00Z,30340,29707.14285714286
2022-06-14T00:00:00Z,29578,29704.285714285714
2022-06-15T00:00:00Z,30258,29749.14285714286
2022-06-16T00:00:00Z,30485,29840.285714285714
2022-06-17T00:00:00Z,31302,29859.85714285714
2022-06-18T00:00:00Z,27479,29955.14285714286
2022-06-19T00:00:00Z,29440,29979.285714285714
2022-06-20T00:00:00Z,30477,30070.714285714286
2022-06-21T00:00:00Z,30245,29986.85714285714
2022-06-22T00:00:00Z,30427,29934.285714285714
2022-06-23T00:00:00Z,31125,29872.714285714286
2022-06-24T00:00:00Z,30715,29886.285714285714
2022-06-25T00:00:00Z,27111,29865.571428571428
2022-06-26T00:00:00Z,29009,29890.571428571428
2022-06-27T00:00:00Z,30572,29890.14285714286
2022-06-28T00:00:00Z,30100,30092.14285714286
2022-06-29T00:00:00Z,30602,30291.428571428572
2022-06-30T00:00:00Z,31122,30446.428571428572
2022-07-01T00:00:00Z,32129,30514
2022-07-02T00:00:00Z,28506,30531.714285714286
2022-07-03T00:00:00Z,30094,30606
2022-07-04T00:00:00Z,31045,30671.428571428572
2022-07-05T00:00:00Z,30224,30690
2022-07-06T00:00:00Z,31122,30754.428571428572
2022-07-07T00:00:00Z,31580,30725.571428571428
2022-07-08T00:00:00Z,32259,30700.714285714286
2022-07-09T00:00:00Z,28957,30711.285714285714
2022-07-10T00:00:00Z,29892,30639.14285714286
2022-07-11T00:00:00Z,30871,30484
2022-07-12T00:00:00Z,30298,30395.285714285714
2022-07-13T00:00:00Z,30617,30388.14285714286
2022-07-14T00:00:00Z,30494,30305.85714285714
2022-07-15T00:00:00Z,31638,30352.428571428572
2022-07-16T00:00:00Z,28907,30344.285714285714
2022-07-17T00:00:00Z,29316,30340.85714285714
2022-07-18T00:00:00Z,31197,30454.85714285714
2022-07-19T00:00:00Z,30241,30499.571428571428
2022-07-20T00:00:00Z,30593,30524.428571428572
2022-07-21T00:00:00Z,31292,30603.571428571428
2022-07-22T00:00:00Z,31951,30579.714285714286
2022-07-23T00:00:00Z,29081,30591.285714285714
2022-07-24T00:00:00Z,29870,30471
2022-07-25T00:00:00Z,31030,30469.714285714286
2022-07-26T00:00:00Z,30322,30449.571428571428
2022-07-27T00:00:00Z,29751,30488.714285714286
2022-07-28T00:00:00Z,31283,NA
2022-07-29T00:00:00Z,31810,NA
2022-07-30T00:00:00Z,29355,NA
