REG,DATE,ARRS,DEPS,HEAVY,MED,LIGHT,ARRS_DOM,DEPS_DOM,OVR_FLTS,PAX,CARGO,OTHER
EUR,2019-01-01T00:00:00Z,17356,17503,2930,17154,291,15005,15005,521,19389,232,754
EUR,2019-01-02T00:00:00Z,23021,23030,3357,22107,937,20207,20207,558,23739,825,1838
EUR,2019-01-03T00:00:00Z,23315,23291,3450,22191,1147,20412,20412,595,23800,957,2032
EUR,2019-01-04T00:00:00Z,23822,23876,3581,22576,1147,20937,20937,544,24360,901,2044
EUR,2019-01-05T00:00:00Z,19850,19849,3575,19080,764,16796,16796,516,21286,426,1707
EUR,2019-01-06T00:00:00Z,22450,22371,3523,21802,687,19348,19348,540,23959,394,1660
EUR,2019-01-07T00:00:00Z,23703,23564,3399,22300,1191,20872,20872,496,24077,744,2070
EUR,2019-01-08T00:00:00Z,21542,21565,3427,20221,1131,18873,18873,546,21608,1019,2153
EUR,2019-01-09T00:00:00Z,22498,22471,3463,20972,1323,19750,19750,540,22250,1098,2411
EUR,2019-01-10T00:00:00Z,22717,22705,3476,21015,1539,19935,19935,544,22261,1101,2669
EUR,2019-01-11T00:00:00Z,23530,23586,3597,21947,1335,20736,20736,499,23472,1003,2404
EUR,2019-01-12T00:00:00Z,18295,18333,3464,17529,706,15431,15431,503,19673,489,1538
EUR,2019-01-13T00:00:00Z,20947,20924,3414,20349,612,18041,18041,546,22459,442,1475
EUR,2019-01-14T00:00:00Z,23372,23292,3392,21697,1361,20691,20691,478,23188,828,2435
EUR,2019-01-15T00:00:00Z,21262,21201,3280,19375,1613,18676,18676,482,20473,1074,2722
EUR,2019-01-16T00:00:00Z,22597,22612,3371,20582,1691,20055,20055,490,21677,1106,2861
EUR,2019-01-17T00:00:00Z,23246,23243,3404,21457,1547,20573,20573,493,22499,1097,2813
EUR,2019-01-18T00:00:00Z,24945,24985,3505,22988,1679,22223,22223,466,24226,1036,2911
EUR,2019-01-19T00:00:00Z,18350,18357,3436,17291,857,15584,15584,462,19439,493,1653
EUR,2019-01-20T00:00:00Z,21471,21403,3388,20457,870,18648,18648,490,22438,446,1832
EUR,2019-01-21T00:00:00Z,23907,23783,3341,22102,1495,21194,21194,443,23283,839,2817
EUR,2019-01-22T00:00:00Z,21833,21786,3269,20084,1434,19299,19299,467,21020,1072,2695
EUR,2019-01-23T00:00:00Z,22322,22366,3385,20616,1300,19840,19840,454,21612,1135,2555
EUR,2019-01-24T00:00:00Z,23278,23327,3389,21540,1522,20619,20619,466,22542,1111,2799
EUR,2019-01-25T00:00:00Z,24471,24562,3455,22896,1331,21797,21797,447,23946,1035,2702
EUR,2019-01-26T00:00:00Z,18138,18186,3422,17282,662,15408,15408,451,19468,495,1404
EUR,2019-01-27T00:00:00Z,21191,21219,3402,20461,615,18423,18423,492,22445,472,1562
EUR,2019-01-28T00:00:00Z,23467,23340,3355,21781,1281,20819,20819,430,23171,845,2402
EUR,2019-01-29T00:00:00Z,21971,21955,3279,20069,1540,19492,19492,455,21165,1079,2645
EUR,2019-01-30T00:00:00Z,22421,22441,3325,20549,1525,19945,19945,483,21555,1094,2751
EUR,2019-01-31T00:00:00Z,23374,23425,3395,21752,1428,20701,20701,478,22635,1136,2805
EUR,2019-02-01T00:00:00Z,24299,24307,3514,22823,1161,21569,21569,462,24004,1044,2451
EUR,2019-02-02T00:00:00Z,18566,18612,3410,17838,558,15804,15804,433,19901,509,1397
EUR,2019-02-03T00:00:00Z,20925,20892,3405,20029,737,18128,18128,483,22055,466,1651
EUR,2019-02-04T00:00:00Z,23650,23562,3310,21868,1430,21030,21030,427,23277,832,2500
EUR,2019-02-05T00:00:00Z,22275,22205,3265,20341,1565,19760,19760,452,21399,1083,2690
EUR,2019-02-06T00:00:00Z,23138,23148,3283,21080,1733,20644,20644,455,21967,1114,3016
EUR,2019-02-07T00:00:00Z,24026,24038,3289,22061,1796,21380,21380,463,22968,1096,3083
EUR,2019-02-08T00:00:00Z,25127,25195,3447,23289,1567,22475,22475,457,24489,979,2836
EUR,2019-02-09T00:00:00Z,19008,19049,3333,18099,794,16289,16289,459,20223,439,1565
EUR,2019-02-10T00:00:00Z,21538,21549,3333,20772,680,18776,18776,475,22823,408,1555
EUR,2019-02-11T00:00:00Z,24036,23937,3268,22295,1445,21406,21406,442,23710,777,2522
EUR,2019-02-12T00:00:00Z,22737,22740,3261,20653,1769,20243,20243,449,21803,982,2898
EUR,2019-02-13T00:00:00Z,22838,22859,3247,20670,1852,20400,20400,473,21685,1035,3050
EUR,2019-02-14T00:00:00Z,24502,24505,3353,22456,1886,21787,21787,476,23462,1071,3163
EUR,2019-02-15T00:00:00Z,26102,26118,3489,23946,1876,23358,23358,450,24943,1029,3340
EUR,2019-02-16T00:00:00Z,20287,20370,3390,19041,1153,17516,17516,443,20923,484,2177
EUR,2019-02-17T00:00:00Z,22557,22523,3359,21462,1043,19722,19722,507,23305,447,2113
EUR,2019-02-18T00:00:00Z,24283,24223,3299,22560,1454,21626,21626,434,23998,811,2505
EUR,2019-02-19T00:00:00Z,23004,23007,3264,21011,1702,20476,20476,443,22091,1067,2820
EUR,2019-02-20T00:00:00Z,23453,23429,3320,21345,1745,20913,20913,441,22341,1117,2952
EUR,2019-02-21T00:00:00Z,24629,24680,3426,22562,1858,21926,21926,463,23563,1140,3143
EUR,2019-02-22T00:00:00Z,25592,25603,3563,23645,1647,22817,22817,478,24898,1040,2918
EUR,2019-02-23T00:00:00Z,20349,20364,3408,19168,1068,17510,17510,441,20982,488,2174
EUR,2019-02-24T00:00:00Z,22979,22969,3446,21811,1119,20061,20061,490,23392,483,2502
EUR,2019-02-25T00:00:00Z,24835,24735,3383,22773,1717,22120,22120,424,24114,837,2923
EUR,2019-02-26T00:00:00Z,23431,23404,3344,21232,1855,20851,20851,448,22341,1098,2993
EUR,2019-02-27T00:00:00Z,24079,24050,3432,21746,1977,21451,21451,478,22757,1133,3266
EUR,2019-02-28T00:00:00Z,24882,24967,3485,22800,1936,22131,22131,504,23803,1143,3276
EUR,2019-03-01T00:00:00Z,25736,25765,3613,23898,1544,22950,22950,504,25155,1017,2883
EUR,2019-03-02T00:00:00Z,20221,20270,3524,19140,947,17374,17374,495,21128,577,1907
EUR,2019-03-03T00:00:00Z,22468,22422,3500,21604,780,19530,19530,525,23557,469,1859
EUR,2019-03-04T00:00:00Z,24402,24311,3412,22952,1140,21686,21686,478,24386,831,2288
EUR,2019-03-05T00:00:00Z,23540,23529,3435,21582,1629,20931,20931,508,22841,1082,2723
EUR,2019-03-06T00:00:00Z,24298,24311,3474,22253,1741,21637,21637,497,23180,1140,3149
EUR,2019-03-07T00:00:00Z,24889,24921,3523,23108,1607,22072,22072,501,24183,1145,2911
EUR,2019-03-08T00:00:00Z,26043,26054,3631,24029,1672,23243,23243,479,25371,1030,2932
EUR,2019-03-09T00:00:00Z,19880,19956,3502,19072,739,17010,17010,488,21169,523,1622
EUR,2019-03-10T00:00:00Z,22359,22371,3482,21660,734,19395,19395,542,23552,458,1867
EUR,2019-03-11T00:00:00Z,25141,25073,3445,23353,1526,22365,22365,476,24664,851,2810
EUR,2019-03-12T00:00:00Z,23792,23775,3403,21830,1693,21147,21147,507,22878,1118,2931
EUR,2019-03-13T00:00:00Z,23868,23900,3509,22046,1514,21224,21224,525,23089,1156,2824
EUR,2019-03-14T00:00:00Z,24961,24972,3515,23133,1640,22171,22171,527,24130,1134,3025
EUR,2019-03-15T00:00:00Z,26312,26341,3638,24387,1653,23487,23487,513,25491,1039,3149
EUR,2019-03-16T00:00:00Z,20022,20037,3591,18914,965,17110,17110,522,21078,543,1850
EUR,2019-03-17T00:00:00Z,22619,22616,3547,21655,917,19665,19665,550,23678,465,1977
EUR,2019-03-18T00:00:00Z,25348,25299,3520,23345,1697,22594,22594,509,24724,856,2982
EUR,2019-03-19T00:00:00Z,23754,23800,3482,21574,1855,21142,21142,500,22779,1090,3043
EUR,2019-03-20T00:00:00Z,24771,24772,3566,22264,2198,22064,22064,550,23396,1135,3498
EUR,2019-03-21T00:00:00Z,25468,25433,3591,23091,2151,22596,22596,529,24110,1142,3582
EUR,2019-03-22T00:00:00Z,26641,26677,3715,24259,2109,23759,23759,525,25448,1072,3564
EUR,2019-03-23T00:00:00Z,20015,20064,3587,18820,1060,17120,17120,509,21040,521,1907
EUR,2019-03-24T00:00:00Z,22955,22972,3556,21669,1217,20014,20014,530,23643,492,2308
EUR,2019-03-25T00:00:00Z,25001,24927,3512,23073,1620,22224,22224,502,24418,863,2925
EUR,2019-03-26T00:00:00Z,24173,24158,3503,21973,1882,21480,21480,508,23094,1115,3150
EUR,2019-03-27T00:00:00Z,24767,24763,3592,22364,2047,22052,22052,526,23497,1117,3390
EUR,2019-03-28T00:00:00Z,25504,25490,3590,23182,2128,22626,22626,533,24273,1161,3467
EUR,2019-03-29T00:00:00Z,26596,26618,3724,24338,1957,23713,23713,519,25614,1073,3333
EUR,2019-03-30T00:00:00Z,20187,20217,3614,19052,1028,17243,17243,534,21179,539,1977
EUR,2019-03-31T00:00:00Z,23987,24028,3711,22813,1116,20975,20975,601,24937,499,2205
EUR,2019-04-01T00:00:00Z,27275,27213,3709,25331,1683,24287,24287,523,26892,873,2959
EUR,2019-04-02T00:00:00Z,26615,26577,3699,24512,1752,23765,23765,537,25889,1078,2997
EUR,2019-04-03T00:00:00Z,27143,27171,3782,24970,1840,24263,24263,542,26312,1132,3149
EUR,2019-04-04T00:00:00Z,27528,27536,3793,25482,1808,24541,24541,560,26751,1147,3185
EUR,2019-04-05T00:00:00Z,28358,28299,3843,26042,1955,25350,25350,534,27374,1035,3432
EUR,2019-04-06T00:00:00Z,22419,22498,3605,21183,1157,19501,19501,530,23235,500,2211
EUR,2019-04-07T00:00:00Z,24669,24651,3654,23499,1085,21647,21647,566,25543,474,2222
EUR,2019-04-08T00:00:00Z,27121,27081,3643,25150,1698,24212,24212,502,26740,848,2904
EUR,2019-04-09T00:00:00Z,26728,26708,3636,24553,1848,23899,23899,500,25728,1100,3209
EUR,2019-04-10T00:00:00Z,27575,27580,3745,25255,2016,24670,24670,532,26321,1132,3564
EUR,2019-04-11T00:00:00Z,28175,28228,3774,25900,2079,25164,25164,515,27032,1153,3569
EUR,2019-04-12T00:00:00Z,29231,29230,3884,26767,2161,26164,26164,516,28126,1018,3669
EUR,2019-04-13T00:00:00Z,23756,23820,3799,22489,1123,20665,20665,501,24721,527,2164
EUR,2019-04-14T00:00:00Z,25304,25305,3762,24232,986,22187,22187,559,26453,501,2027
EUR,2019-04-15T00:00:00Z,27221,27188,3660,25251,1755,24223,24223,481,26896,822,2949
EUR,2019-04-16T00:00:00Z,26683,26664,3666,24545,1876,23776,23776,517,25804,1067,3217
EUR,2019-04-17T00:00:00Z,27601,27649,3734,25251,2102,24688,24688,525,26489,1151,3447
EUR,2019-04-18T00:00:00Z,28108,28174,3731,25932,2168,25022,25022,572,27135,1105,3592
EUR,2019-04-19T00:00:00Z,26128,26115,3743,24442,1525,23039,23039,507,26333,736,2642
EUR,2019-04-20T00:00:00Z,23079,23141,3704,22069,982,19971,19971,506,24414,508,1833
EUR,2019-04-21T00:00:00Z,24091,24090,3649,23453,695,20937,20937,554,25839,418,1541
EUR,2019-04-22T00:00:00Z,26161,26022,3512,24885,1210,23112,23112,537,26812,453,2343
EUR,2019-04-23T00:00:00Z,27467,27457,3627,25566,1714,24524,24524,508,26924,987,2997
EUR,2019-04-24T00:00:00Z,27584,27584,3713,25676,1720,24600,24600,542,26995,1070,3045
EUR,2019-04-25T00:00:00Z,28172,28191,3725,26367,1792,25073,25073,595,27700,1086,3099
EUR,2019-04-26T00:00:00Z,28184,28228,3799,26337,1763,25054,25054,542,27839,970,3091
EUR,2019-04-27T00:00:00Z,23846,23863,3780,22938,989,20536,20536,535,25161,562,1985
EUR,2019-04-28T00:00:00Z,25604,25577,3793,24672,1034,22243,22243,561,26726,511,2262
EUR,2019-04-29T00:00:00Z,27620,27514,3640,25755,1714,24552,24552,528,27312,850,2948
EUR,2019-04-30T00:00:00Z,27087,27072,3754,25000,1965,24010,24010,571,26267,1051,3402
EUR,2019-05-01T00:00:00Z,25700,25635,3668,24222,1438,22586,22586,580,26052,673,2604
EUR,2019-05-02T00:00:00Z,28010,27996,3770,26154,1767,24887,24887,573,27553,1036,3103
EUR,2019-05-03T00:00:00Z,29220,29229,3903,27302,1658,26121,26121,536,28845,1008,3011
EUR,2019-05-04T00:00:00Z,24450,24547,3865,23487,880,21284,21284,520,25793,505,1935
EUR,2019-05-05T00:00:00Z,26698,26618,3840,25583,1035,23402,23402,545,27714,489,2256
EUR,2019-05-06T00:00:00Z,28557,28471,3684,26778,1543,25531,25531,509,28216,781,3009
EUR,2019-05-07T00:00:00Z,28616,28581,3690,26237,2054,25727,25727,512,27423,1024,3535
EUR,2019-05-08T00:00:00Z,28083,28082,3705,26161,1648,25162,25162,512,27306,1030,3179
EUR,2019-05-09T00:00:00Z,27495,27526,3779,25492,1698,24579,24579,528,26661,1100,3209
EUR,2019-05-10T00:00:00Z,30203,30222,3936,27812,2034,27157,27157,515,29046,1074,3663
EUR,2019-05-11T00:00:00Z,24718,24813,3850,23602,952,21622,21622,496,25712,543,2150
EUR,2019-05-12T00:00:00Z,26894,26930,3792,25728,1114,23731,23731,542,27581,534,2520
EUR,2019-05-13T00:00:00Z,29135,29027,3703,26942,1874,26130,26130,488,28321,849,3350
EUR,2019-05-14T00:00:00Z,28252,28187,3663,25842,1966,25425,25425,458,27036,1082,3354
EUR,2019-05-15T00:00:00Z,28636,28627,3718,26306,1962,25742,25742,466,27421,1104,3462
EUR,2019-05-16T00:00:00Z,29226,29231,3774,26820,2101,26259,26259,498,28004,1147,3545
EUR,2019-05-17T00:00:00Z,29344,29355,3878,27021,1892,26365,26365,458,28374,992,3426
EUR,2019-05-18T00:00:00Z,24876,24903,3836,23462,1095,21834,21834,449,25788,522,2084
EUR,2019-05-19T00:00:00Z,26779,26779,3815,25513,1059,23666,23666,496,27497,515,2376
EUR,2019-05-20T00:00:00Z,29168,29111,3750,26963,1855,26197,26197,486,28344,864,3360
EUR,2019-05-21T00:00:00Z,27840,27800,3719,25480,1909,25014,25014,483,26688,1073,3348
EUR,2019-05-22T00:00:00Z,29324,29315,3726,26696,2249,26453,26453,486,27785,1100,3787
EUR,2019-05-23T00:00:00Z,30109,30120,3834,27502,2323,27084,27084,515,28542,1177,3941
EUR,2019-05-24T00:00:00Z,31004,31024,3964,28429,2179,27919,27919,464,29590,1064,3919
EUR,2019-05-25T00:00:00Z,25771,25820,3886,24343,1167,22631,22631,436,26553,520,2323
EUR,2019-05-26T00:00:00Z,27593,27578,3836,26109,1298,24409,24409,481,28229,489,2525
EUR,2019-05-27T00:00:00Z,29794,29803,3716,27515,2009,26809,26809,453,28804,834,3603
EUR,2019-05-28T00:00:00Z,29296,29268,3769,26878,2007,26365,26365,456,28045,1083,3527
EUR,2019-05-29T00:00:00Z,30456,30495,3821,27725,2411,27454,27454,461,28598,1110,4250
EUR,2019-05-30T00:00:00Z,28359,28371,3822,26329,1842,25225,25225,489,27827,910,3257
EUR,2019-05-31T00:00:00Z,29252,29205,4038,27087,1793,26008,26008,469,28489,1001,3428
EUR,2019-06-01T00:00:00Z,26685,26747,4039,25301,1179,23370,23370,458,27490,534,2496
EUR,2019-06-02T00:00:00Z,29859,29870,4089,27979,1740,26416,26416,496,29569,523,3717
EUR,2019-06-03T00:00:00Z,30663,30601,4046,28533,1878,27321,27321,514,30116,864,3477
EUR,2019-06-04T00:00:00Z,30205,30200,3960,28039,1954,26998,26998,547,29326,1070,3558
EUR,2019-06-05T00:00:00Z,30681,30694,4045,28513,2063,27317,27317,564,29683,1077,3862
EUR,2019-06-06T00:00:00Z,30788,30776,4097,28579,2095,27361,27361,569,29872,1094,3806
EUR,2019-06-07T00:00:00Z,31910,31888,4258,29614,2116,28381,28381,572,30923,1043,4023
EUR,2019-06-08T00:00:00Z,27217,27282,4161,25941,1237,23697,23697,538,28210,515,2615
EUR,2019-06-09T00:00:00Z,28171,28167,4101,27068,1059,24660,24660,551,29280,486,2463
EUR,2019-06-10T00:00:00Z,30137,30082,4022,28441,1655,26670,26670,570,30035,719,3365
EUR,2019-06-11T00:00:00Z,30853,30830,4024,28623,2054,27525,27525,544,29895,1042,3765
EUR,2019-06-12T00:00:00Z,31183,31163,4111,28835,2143,27825,27825,569,30037,1130,3923
EUR,2019-06-13T00:00:00Z,32141,32138,4145,29714,2311,28684,28684,576,30709,1156,4306
EUR,2019-06-14T00:00:00Z,32596,32564,4242,30165,2227,29091,29091,565,31431,1063,4140
EUR,2019-06-15T00:00:00Z,27638,27683,4166,26279,1235,24149,24149,509,28461,540,2680
EUR,2019-06-16T00:00:00Z,29551,29512,4145,28181,1373,25902,25902,539,30104,533,3063
EUR,2019-06-17T00:00:00Z,31796,31739,4078,29572,2077,28309,28309,502,31025,861,3842
EUR,2019-06-18T00:00:00Z,31142,31136,4051,28883,2087,27772,27772,516,30078,1094,3850
EUR,2019-06-19T00:00:00Z,31542,31535,4115,29183,2177,28124,28124,523,30309,1130,4037
EUR,2019-06-20T00:00:00Z,31529,31576,4173,29383,2085,28010,28010,547,30656,1136,3850
EUR,2019-06-21T00:00:00Z,31850,31821,4281,29661,2010,28244,28244,525,31027,1002,3923
EUR,2019-06-22T00:00:00Z,27567,27596,4196,26208,1217,24025,24025,484,28524,540,2558
EUR,2019-06-23T00:00:00Z,29714,29688,4248,28188,1458,26045,26045,538,30202,548,3145
EUR,2019-06-24T00:00:00Z,31659,31652,4117,29524,2023,28153,28153,507,30989,854,3822
EUR,2019-06-25T00:00:00Z,31159,31160,4116,28969,2014,27725,27725,505,30236,1119,3744
EUR,2019-06-26T00:00:00Z,31575,31580,4167,29299,2137,28095,28095,544,30444,1150,4010
EUR,2019-06-27T00:00:00Z,32434,32488,4295,29996,2333,28834,28834,537,31046,1197,4382
EUR,2019-06-28T00:00:00Z,32856,32870,4305,30419,2323,29215,29215,537,31553,1084,4411
EUR,2019-06-29T00:00:00Z,28386,28406,4229,26834,1434,24786,24786,492,29015,575,2908
EUR,2019-06-30T00:00:00Z,30074,30086,4217,28631,1487,26378,26378,554,30356,522,3458
EUR,2019-07-01T00:00:00Z,31803,31760,4218,29693,2045,28133,28133,526,31094,904,3958
EUR,2019-07-02T00:00:00Z,31208,31232,4187,29118,1997,27653,27653,516,30500,1122,3681
EUR,2019-07-03T00:00:00Z,31676,31662,4252,29477,2064,28086,28086,541,30718,1172,3903
EUR,2019-07-04T00:00:00Z,32382,32402,4301,30017,2298,28731,28731,564,31296,1190,4131
EUR,2019-07-05T00:00:00Z,32728,32691,4328,30449,2141,29041,29041,541,31822,1046,4051
EUR,2019-07-06T00:00:00Z,28301,28364,4252,26945,1264,24704,24704,500,29234,552,2675
EUR,2019-07-07T00:00:00Z,29657,29654,4270,28316,1336,25936,25936,548,30419,536,2968
EUR,2019-07-08T00:00:00Z,31756,31698,4177,29734,1923,28140,28140,521,31197,911,3727
EUR,2019-07-09T00:00:00Z,31147,31170,4188,29110,1897,27617,27617,496,30516,1109,3571
EUR,2019-07-10T00:00:00Z,31544,31514,4246,29227,2174,27954,27954,544,30549,1161,3938
EUR,2019-07-11T00:00:00Z,32221,32279,4299,29996,2163,28585,28585,544,31187,1183,4089
EUR,2019-07-12T00:00:00Z,32314,32260,4355,30081,2024,28645,28645,532,31587,1068,3806
EUR,2019-07-13T00:00:00Z,28484,28533,4271,27171,1222,24850,24850,498,29403,559,2703
EUR,2019-07-14T00:00:00Z,29780,29842,4281,28424,1372,26110,26110,566,30519,531,3028
EUR,2019-07-15T00:00:00Z,31791,31780,4240,29775,1927,28140,28140,512,31261,887,3795
EUR,2019-07-16T00:00:00Z,31098,31070,4193,28954,2008,27505,27505,493,30471,1132,3553
EUR,2019-07-17T00:00:00Z,31288,31310,4278,29149,2014,27709,27709,553,30609,1164,3669
EUR,2019-07-18T00:00:00Z,31933,31965,4284,29864,2060,28266,28266,577,31162,1171,3876
EUR,2019-07-19T00:00:00Z,32346,32340,4375,30177,2082,28657,28657,606,31731,1048,3856
EUR,2019-07-20T00:00:00Z,28508,28540,4349,27143,1238,24861,24861,543,29438,562,2730
EUR,2019-07-21T00:00:00Z,29587,29569,4307,28272,1275,25889,25889,588,30491,513,2851
EUR,2019-07-22T00:00:00Z,31358,31323,4236,29439,1834,27728,27728,557,31078,885,3547
EUR,2019-07-23T00:00:00Z,30890,30890,4229,28873,1910,27310,27310,543,30415,1109,3489
EUR,2019-07-24T00:00:00Z,30892,30901,4278,28817,1932,27327,27327,562,30219,1164,3645
EUR,2019-07-25T00:00:00Z,31318,31304,4293,29260,2008,27649,27649,589,30649,1116,3797
EUR,2019-07-26T00:00:00Z,31791,31823,4382,29659,2014,28113,28113,555,31162,1027,3867
EUR,2019-07-27T00:00:00Z,28133,28155,4285,26820,1255,24460,24460,533,28992,536,2833
EUR,2019-07-28T00:00:00Z,29514,29537,4303,28337,1226,25769,25769,585,30481,522,2864
EUR,2019-07-29T00:00:00Z,31357,31315,4236,29303,1982,27702,27702,552,30971,871,3680
EUR,2019-07-30T00:00:00Z,30467,30450,4221,28594,1828,26830,26830,557,30235,1066,3343
EUR,2019-07-31T00:00:00Z,30992,31089,4258,29053,1992,27361,27361,584,30476,1101,3727
EUR,2019-08-01T00:00:00Z,31358,31337,4280,29431,1935,27635,27635,587,30883,1125,3639
EUR,2019-08-02T00:00:00Z,31565,31547,4399,29584,1841,27871,27871,584,31428,1018,3379
EUR,2019-08-03T00:00:00Z,28446,28487,4311,27108,1257,24780,24780,524,29506,529,2642
EUR,2019-08-04T00:00:00Z,29504,29510,4301,28226,1295,25778,25778,587,30631,512,2680
EUR,2019-08-05T00:00:00Z,30588,30557,4167,28929,1628,26949,26949,529,30797,827,3101
EUR,2019-08-06T00:00:00Z,29993,30009,4176,28151,1736,26444,26444,506,30098,1059,2907
EUR,2019-08-07T00:00:00Z,29952,29935,4236,28310,1528,26349,26349,537,30033,1107,2935
EUR,2019-08-08T00:00:00Z,30926,30919,4273,28934,1940,27236,27236,539,30671,1104,3373
EUR,2019-08-09T00:00:00Z,31534,31499,4339,29588,1784,27856,27856,534,31427,1000,3284
EUR,2019-08-10T00:00:00Z,28373,28446,4215,27249,1124,24720,24720,489,29566,497,2525
EUR,2019-08-11T00:00:00Z,29469,29485,4231,28230,1237,25792,25792,537,30603,504,2592
EUR,2019-08-12T00:00:00Z,30657,30613,4125,29018,1574,27038,27038,486,30941,820,2957
EUR,2019-08-13T00:00:00Z,30206,30193,4132,28412,1722,26630,26630,497,30330,1022,2914
EUR,2019-08-14T00:00:00Z,30678,30668,4258,28820,1759,27031,27031,523,30599,1044,3195
EUR,2019-08-15T00:00:00Z,30414,30433,4210,28850,1599,26739,26739,552,30900,858,2902
EUR,2019-08-16T00:00:00Z,31321,31356,4314,29594,1661,27658,27658,551,31615,964,2991
EUR,2019-08-17T00:00:00Z,28251,28322,4250,27037,1246,24563,24563,524,29491,455,2588
EUR,2019-08-18T00:00:00Z,29847,29838,4281,28582,1321,26089,26089,589,30813,495,2877
EUR,2019-08-19T00:00:00Z,31124,31081,4176,29408,1743,27439,27439,562,31281,840,3207
EUR,2019-08-20T00:00:00Z,30572,30584,4250,28753,1775,26952,26952,575,30601,1038,3140
EUR,2019-08-21T00:00:00Z,31061,31032,4309,29002,1989,27387,27387,595,30780,1107,3414
EUR,2019-08-22T00:00:00Z,31796,31808,4368,29615,2167,28073,28073,620,31290,1106,3755
EUR,2019-08-23T00:00:00Z,32146,32097,4399,30095,1953,28379,28379,584,31932,1028,3488
EUR,2019-08-24T00:00:00Z,28188,28240,4300,26888,1329,24453,24453,542,29351,506,2660
EUR,2019-08-25T00:00:00Z,29720,29751,4307,28434,1369,25945,25945,585,30752,492,2867
EUR,2019-08-26T00:00:00Z,31436,31384,4200,29671,1785,27712,27712,549,31356,819,3482
EUR,2019-08-27T00:00:00Z,31048,31055,4219,29016,1994,27419,27419,546,30598,1084,3548
EUR,2019-08-28T00:00:00Z,31496,31504,4283,29496,1942,27846,27846,568,31000,1149,3573
EUR,2019-08-29T00:00:00Z,32164,32203,4333,30219,2007,28400,28400,593,31684,1163,3713
EUR,2019-08-30T00:00:00Z,32515,32533,4385,30541,1936,28758,28758,573,32184,1045,3634
EUR,2019-08-31T00:00:00Z,28368,28419,4277,27060,1327,24643,24643,521,29390,540,2735
EUR,2019-09-01T00:00:00Z,29603,29608,4334,28215,1352,25885,25885,576,30415,536,2951
EUR,2019-09-02T00:00:00Z,31364,31287,4166,29555,1710,27757,27757,538,31424,880,3128
EUR,2019-09-03T00:00:00Z,31167,31177,4138,29213,1839,27687,27687,534,30805,1080,3306
EUR,2019-09-04T00:00:00Z,31604,31591,4189,29391,2029,28105,28105,520,30890,1128,3592
EUR,2019-09-05T00:00:00Z,32088,32073,4250,29961,2029,28461,28461,541,31437,1139,3665
EUR,2019-09-06T00:00:00Z,31929,31895,4267,29736,1969,28393,28393,542,31487,1022,3464
EUR,2019-09-07T00:00:00Z,27464,27519,4226,26181,1135,23928,23928,487,28747,546,2249
EUR,2019-09-08T00:00:00Z,29613,29640,4248,28308,1273,25994,25994,570,30452,541,2836
EUR,2019-09-09T00:00:00Z,30891,30773,3911,28889,1910,27472,27472,519,30367,858,3486
EUR,2019-09-10T00:00:00Z,30260,30217,3872,28193,1952,26972,26972,513,29434,1101,3483
EUR,2019-09-11T00:00:00Z,31277,31264,4085,28893,2161,27914,27914,512,30334,1146,3659
EUR,2019-09-12T00:00:00Z,32135,32191,4166,29735,2299,28657,28657,532,31079,1157,3965
EUR,2019-09-13T00:00:00Z,32473,32434,4266,29952,2244,28964,28964,520,31476,1080,3907
EUR,2019-09-14T00:00:00Z,27358,27398,4110,26069,1190,23886,23886,500,28468,562,2340
EUR,2019-09-15T00:00:00Z,29398,29391,4125,28035,1331,25834,25834,536,30156,549,2786
EUR,2019-09-16T00:00:00Z,31226,31179,4014,29227,1852,27817,27817,506,30767,871,3456
EUR,2019-09-17T00:00:00Z,30719,30696,4021,28448,2020,27411,27411,485,29860,1083,3546
EUR,2019-09-18T00:00:00Z,31095,31096,4071,28688,2113,27811,27811,492,29921,1142,3809
EUR,2019-09-19T00:00:00Z,31763,31788,4156,29460,2139,28311,28311,516,30601,1170,3985
EUR,2019-09-20T00:00:00Z,32249,32255,4215,29782,2189,28821,28821,504,31135,1067,3985
EUR,2019-09-21T00:00:00Z,26876,26913,4139,25494,1202,23442,23442,489,27916,548,2372
EUR,2019-09-22T00:00:00Z,28803,28815,4127,27572,1186,25259,25259,527,29622,529,2735
EUR,2019-09-23T00:00:00Z,30936,30885,4090,28695,1960,27578,27578,503,30277,895,3574
EUR,2019-09-24T00:00:00Z,30170,30188,4061,27809,2034,26931,26931,478,29247,1135,3523
EUR,2019-09-25T00:00:00Z,31019,31022,4143,28517,2209,27692,27692,521,29796,1152,3922
EUR,2019-09-26T00:00:00Z,31408,31441,4198,29034,2150,27997,27997,530,30345,1174,3863
EUR,2019-09-27T00:00:00Z,31417,31407,4205,29012,2183,27958,27958,535,30350,1072,3979
EUR,2019-09-28T00:00:00Z,26640,26702,4169,25329,1118,23214,23214,489,27701,558,2358
EUR,2019-09-29T00:00:00Z,28585,28537,4134,27212,1195,25083,25083,503,29248,552,2742
EUR,2019-09-30T00:00:00Z,30418,30341,4021,28259,1795,27144,27144,460,29777,906,3392
EUR,2019-10-01T00:00:00Z,29094,29074,4005,26961,1830,25838,25838,466,28357,1114,3325
EUR,2019-10-02T00:00:00Z,29771,29781,4063,27530,1990,26479,26479,510,28790,1165,3628
EUR,2019-10-03T00:00:00Z,29940,29970,4069,27689,2026,26648,26648,523,29089,1097,3599
EUR,2019-10-04T00:00:00Z,30426,30432,4108,28178,1928,27146,27146,503,29717,1004,3494
EUR,2019-10-05T00:00:00Z,25374,25421,4025,24101,1066,22075,22075,473,26511,488,2194
EUR,2019-10-06T00:00:00Z,27655,27674,4029,26303,1253,24286,24286,543,28477,497,2612
EUR,2019-10-07T00:00:00Z,29410,29377,3856,27404,1829,26202,26202,505,29035,822,3233
EUR,2019-10-08T00:00:00Z,28283,28197,3862,26097,1750,25219,25219,449,27520,1062,3128
EUR,2019-10-09T00:00:00Z,28492,28568,3846,26167,1906,25576,25576,436,27458,1112,3350
EUR,2019-10-10T00:00:00Z,29659,29670,3969,27360,2121,26391,26391,513,28694,1148,3609
EUR,2019-10-11T00:00:00Z,30257,30265,4096,27979,2025,26929,26929,508,29489,1052,3560
EUR,2019-10-12T00:00:00Z,24893,24943,3998,23529,1178,21602,21602,472,25998,546,2162
EUR,2019-10-13T00:00:00Z,26974,26989,3991,25799,1091,23613,23613,532,28006,514,2362
EUR,2019-10-14T00:00:00Z,28950,28895,3902,26846,1837,25762,25762,503,28511,875,3200
EUR,2019-10-15T00:00:00Z,28020,28006,3876,25878,1850,24909,24909,487,27294,1098,3212
EUR,2019-10-16T00:00:00Z,28490,28540,3927,26204,2038,25376,25376,516,27564,1142,3464
EUR,2019-10-17T00:00:00Z,29505,29493,3980,27177,2117,26238,26238,515,28416,1201,3658
EUR,2019-10-18T00:00:00Z,29832,29874,4066,27705,1909,26549,26549,524,29153,1070,3458
EUR,2019-10-19T00:00:00Z,24600,24714,4033,23486,996,21298,21298,500,25848,561,2107
EUR,2019-10-20T00:00:00Z,26413,26401,3975,25296,1038,23036,23036,532,27515,544,2251
EUR,2019-10-21T00:00:00Z,28908,28865,3907,26828,1804,25719,25719,486,28586,871,3083
EUR,2019-10-22T00:00:00Z,27735,27716,3855,25601,1856,24663,24663,525,27028,1129,3156
EUR,2019-10-23T00:00:00Z,28487,28506,3945,26274,1920,25361,25361,508,27565,1189,3386
EUR,2019-10-24T00:00:00Z,29298,29312,3965,26974,2146,26075,26075,551,28194,1209,3683
EUR,2019-10-25T00:00:00Z,29136,29161,4059,26866,2020,25913,25913,562,28268,1058,3620
EUR,2019-10-26T00:00:00Z,24477,24552,3984,23167,1155,21243,21243,521,25457,573,2277
EUR,2019-10-27T00:00:00Z,24562,24523,3733,23426,1119,21364,21364,558,25384,536,2359
EUR,2019-10-28T00:00:00Z,26521,26426,3629,24532,1709,23545,23545,469,26081,850,2940
EUR,2019-10-29T00:00:00Z,25130,25178,3558,23111,1823,22321,22321,506,24256,1138,3099
EUR,2019-10-30T00:00:00Z,25658,25692,3683,23487,1916,22769,22769,506,24644,1193,3250
EUR,2019-10-31T00:00:00Z,26216,26247,3693,24249,1808,23232,23232,520,25443,1165,3143
EUR,2019-11-01T00:00:00Z,25150,25163,3652,23806,1202,22162,22162,510,25635,862,2164
EUR,2019-11-02T00:00:00Z,20363,20405,3641,19532,795,17284,17284,485,21785,527,1657
EUR,2019-11-03T00:00:00Z,23934,23861,3612,23061,874,20790,20790,543,24876,549,2123
EUR,2019-11-04T00:00:00Z,25893,25843,3592,24136,1551,22946,22946,490,25549,897,2834
EUR,2019-11-05T00:00:00Z,24207,24234,3533,22170,1775,21436,21436,473,23289,1133,3056
EUR,2019-11-06T00:00:00Z,24240,24196,3641,22054,1836,21407,21407,503,23192,1190,3150
EUR,2019-11-07T00:00:00Z,24498,24496,3565,22462,1862,21644,21644,539,23372,1196,3321
EUR,2019-11-08T00:00:00Z,25687,25695,3641,23687,1761,22807,22807,515,24850,1090,3150
EUR,2019-11-09T00:00:00Z,18793,18935,3566,17979,787,15895,15895,500,20157,526,1650
EUR,2019-11-10T00:00:00Z,22388,22373,3569,21430,940,19389,19389,568,23483,519,1938
EUR,2019-11-11T00:00:00Z,24708,24603,3494,23126,1330,21832,21832,471,24566,835,2549
EUR,2019-11-12T00:00:00Z,23071,23078,3494,21141,1622,20375,20375,484,22257,1120,2881
EUR,2019-11-13T00:00:00Z,23387,23380,3556,21314,1701,20680,20680,485,22516,1178,2878
EUR,2019-11-14T00:00:00Z,24765,24826,3613,22754,1813,21930,21930,520,23762,1209,3210
EUR,2019-11-15T00:00:00Z,26017,26004,3677,24076,1660,23104,23104,497,25354,1080,2980
EUR,2019-11-16T00:00:00Z,18752,18817,3605,17709,892,15831,15831,468,19875,566,1765
EUR,2019-11-17T00:00:00Z,22244,22219,3534,21331,823,19293,19293,519,23335,528,1826
EUR,2019-11-18T00:00:00Z,24905,24836,3515,22986,1576,22105,22105,442,24389,908,2781
EUR,2019-11-19T00:00:00Z,22943,22964,3508,20732,1871,20279,20279,484,21832,1145,3135
EUR,2019-11-20T00:00:00Z,23404,23430,3565,21260,1821,20698,20698,511,22263,1232,3152
EUR,2019-11-21T00:00:00Z,24343,24387,3563,22463,1672,21552,21552,521,23556,1201,2942
EUR,2019-11-22T00:00:00Z,25984,25990,3704,23977,1697,23118,23118,522,25207,1115,3056
EUR,2019-11-23T00:00:00Z,18494,18561,3582,17459,885,15612,15612,483,19695,557,1674
EUR,2019-11-24T00:00:00Z,22169,22167,3536,21130,954,19236,19236,521,23184,540,1897
EUR,2019-11-25T00:00:00Z,24005,23961,3460,22135,1542,21279,21279,451,23364,937,2837
EUR,2019-11-26T00:00:00Z,22817,22793,3376,20648,1812,20231,20231,457,21623,1198,3015
EUR,2019-11-27T00:00:00Z,23239,23274,3441,21066,1856,20632,20632,483,22070,1217,3077
EUR,2019-11-28T00:00:00Z,24359,24308,3328,22350,1811,21661,21661,484,23200,1195,3095
EUR,2019-11-29T00:00:00Z,25604,25657,3402,23637,1787,22926,22926,492,24755,1116,2956
EUR,2019-11-30T00:00:00Z,18535,18639,3440,17356,1079,15773,15773,475,19413,580,1883
EUR,2019-12-01T00:00:00Z,21896,21890,3497,20991,808,18999,18999,510,22989,525,1783
EUR,2019-12-02T00:00:00Z,24736,24616,3507,22771,1618,21923,21923,467,24084,960,2852
EUR,2019-12-03T00:00:00Z,22971,22991,3446,20833,1792,20364,20364,474,21892,1216,2964
EUR,2019-12-04T00:00:00Z,23796,23749,3600,21438,1903,21090,21090,487,22465,1252,3225
EUR,2019-12-05T00:00:00Z,23406,23426,3571,21445,1598,20686,20686,469,22441,1244,2930
EUR,2019-12-06T00:00:00Z,24865,24913,3652,22970,1591,22060,22060,496,24191,1072,2951
EUR,2019-12-07T00:00:00Z,18370,18434,3541,17297,886,15545,15545,466,19435,568,1722
EUR,2019-12-08T00:00:00Z,22064,22010,3535,21070,855,19133,19133,520,23062,548,1851
EUR,2019-12-09T00:00:00Z,24813,24765,3516,22988,1452,22064,22064,443,24230,923,2804
EUR,2019-12-10T00:00:00Z,22350,22340,3504,20241,1697,19731,19731,484,21242,1186,3015
EUR,2019-12-11T00:00:00Z,23819,23834,3601,21533,1863,21146,21146,491,22465,1213,3320
EUR,2019-12-12T00:00:00Z,24326,24346,3616,22318,1692,21540,21540,495,23261,1250,3116
EUR,2019-12-13T00:00:00Z,25154,25180,3646,23479,1396,22315,22315,502,24613,1096,2812
EUR,2019-12-14T00:00:00Z,19030,19112,3629,18078,750,16147,16147,462,20095,591,1771
EUR,2019-12-15T00:00:00Z,22234,22214,3613,21144,934,19272,19272,516,23189,553,1950
EUR,2019-12-16T00:00:00Z,24872,24842,3619,22723,1788,22057,22057,473,24127,944,3059
EUR,2019-12-17T00:00:00Z,22897,22917,3615,20790,1723,20184,20184,499,21973,1231,2925
EUR,2019-12-18T00:00:00Z,24310,24348,3701,21987,1947,21551,21551,529,23074,1271,3291
EUR,2019-12-19T00:00:00Z,25537,25550,3722,23658,1662,22589,22589,544,24756,1278,3008
EUR,2019-12-20T00:00:00Z,26468,26504,3875,24732,1481,23459,23459,576,26042,1154,2893
EUR,2019-12-21T00:00:00Z,21559,21662,3731,20424,1060,18512,18512,507,22445,611,2160
EUR,2019-12-22T00:00:00Z,22667,22634,3678,21888,693,19589,19589,548,24119,554,1587
EUR,2019-12-23T00:00:00Z,23379,23325,3588,22084,1030,20488,20488,487,23940,876,1887
EUR,2019-12-24T00:00:00Z,16390,16275,3220,15723,421,13820,13820,519,17679,761,924
EUR,2019-12-25T00:00:00Z,11540,11540,2838,11266,280,9211,9211,515,13388,274,722
EUR,2019-12-26T00:00:00Z,20474,20643,3115,20050,707,17776,17776,532,21874,451,1548
EUR,2019-12-27T00:00:00Z,23459,23510,3498,22541,979,20523,20523,573,24274,806,1939
EUR,2019-12-28T00:00:00Z,20309,20384,3481,19570,888,17276,17276,522,21776,416,1747
EUR,2019-12-29T00:00:00Z,21843,21752,3445,21211,732,18798,18798,591,23475,431,1482
EUR,2019-12-30T00:00:00Z,22335,22270,3343,21264,1017,19495,19495,515,23277,757,1591
EUR,2019-12-31T00:00:00Z,16734,16659,3136,16036,495,14205,14205,480,18077,719,872
EUR,2020-01-01T00:00:00Z,17213,17325,3031,16964,297,14776,14776,531,19248,249,796
EUR,2020-01-02T00:00:00Z,22985,23048,3464,22169,935,20057,20057,592,23839,823,1906
EUR,2020-01-03T00:00:00Z,23635,23650,3615,22569,1015,20662,20662,577,24380,877,1943
EUR,2020-01-04T00:00:00Z,20428,20481,3608,19709,841,17293,17293,543,21891,426,1842
EUR,2020-01-05T00:00:00Z,22767,22688,3591,21957,871,19601,19601,566,24073,403,1944
EUR,2020-01-06T00:00:00Z,23472,23345,3493,22088,1211,20518,20518,494,24184,607,2002
EUR,2020-01-07T00:00:00Z,21586,21567,3540,19983,1337,18842,18842,550,21530,995,2336
EUR,2020-01-08T00:00:00Z,21827,21869,3509,20126,1469,19137,19137,545,21462,1083,2559
EUR,2020-01-09T00:00:00Z,22474,22470,3547,20928,1352,19626,19626,510,22273,1097,2458
EUR,2020-01-10T00:00:00Z,24282,24319,3635,22513,1564,21425,21425,537,24002,998,2713
EUR,2020-01-11T00:00:00Z,18411,18461,3508,17488,946,15417,15417,488,19578,501,1864
EUR,2020-01-12T00:00:00Z,21356,21307,3522,20545,881,18285,18285,571,22541,476,1932
EUR,2020-01-13T00:00:00Z,23148,23033,3480,21394,1415,20355,20355,464,22935,814,2541
EUR,2020-01-14T00:00:00Z,20394,20352,3386,18624,1400,17824,17824,489,19772,1072,2567
EUR,2020-01-15T00:00:00Z,21587,21614,3434,19578,1669,19005,19005,485,20727,1099,2855
EUR,2020-01-16T00:00:00Z,22850,22830,3497,20797,1776,20116,20116,507,21965,1112,2994
EUR,2020-01-17T00:00:00Z,24296,24282,3631,22407,1540,21508,21508,509,23783,1021,2775
EUR,2020-01-18T00:00:00Z,17902,17917,3491,16995,786,15015,15015,469,19166,494,1613
EUR,2020-01-19T00:00:00Z,21348,21278,3516,20298,925,18416,18416,530,22233,491,2016
EUR,2020-01-20T00:00:00Z,23327,23225,3449,21526,1483,20562,20562,469,22858,849,2752
EUR,2020-01-21T00:00:00Z,21406,21338,3346,19348,1693,18821,18821,465,20337,1070,2981
EUR,2020-01-22T00:00:00Z,21625,21669,3391,19720,1579,19097,19097,494,20776,1111,2804
EUR,2020-01-23T00:00:00Z,23147,23188,3454,21117,1811,20450,20450,498,22044,1123,3216
EUR,2020-01-24T00:00:00Z,24502,24587,3533,22665,1614,21770,21770,493,23833,1008,2971
EUR,2020-01-25T00:00:00Z,17835,17932,3457,16942,761,15068,15068,462,19158,519,1484
EUR,2020-01-26T00:00:00Z,21382,21335,3441,20391,870,18521,18521,507,22310,478,1915
EUR,2020-01-27T00:00:00Z,23471,23420,3392,21634,1490,20810,20810,436,22910,811,2796
EUR,2020-01-28T00:00:00Z,21072,21053,3237,19313,1430,18598,18598,454,20383,1025,2573
EUR,2020-01-29T00:00:00Z,21662,21706,3258,19770,1610,19200,19200,471,20755,1062,2822
EUR,2020-01-30T00:00:00Z,23140,23162,3371,21134,1768,20512,20512,483,22212,1084,2977
EUR,2020-01-31T00:00:00Z,24696,24734,3471,22823,1638,21979,21979,482,24010,962,2961
EUR,2020-02-01T00:00:00Z,18334,18393,3376,17411,873,15527,15527,461,19528,444,1689
EUR,2020-02-02T00:00:00Z,21475,21414,3316,20599,865,18623,18623,515,22513,431,1837
EUR,2020-02-03T00:00:00Z,23622,23543,3275,21822,1523,20988,20988,444,23122,804,2695
EUR,2020-02-04T00:00:00Z,21325,21284,3137,19719,1335,18857,18857,440,20704,1003,2485
EUR,2020-02-05T00:00:00Z,22196,22165,3185,20138,1761,19734,19734,458,20990,1049,3046
EUR,2020-02-06T00:00:00Z,23544,23614,3291,21403,1957,20968,20968,461,22309,1096,3246
EUR,2020-02-07T00:00:00Z,24655,24685,3343,22694,1732,22012,22012,442,23925,975,2870
EUR,2020-02-08T00:00:00Z,18883,18971,3330,17771,1078,16127,16127,453,19750,470,1960
EUR,2020-02-09T00:00:00Z,18789,18692,3117,18149,624,16097,16097,507,20044,391,1456
EUR,2020-02-10T00:00:00Z,21198,21172,3203,19996,941,18656,18656,427,21419,811,1911
EUR,2020-02-11T00:00:00Z,21322,21332,3137,19808,1271,18870,18870,433,20779,1058,2380
EUR,2020-02-12T00:00:00Z,22659,22665,3195,20793,1641,20153,20153,459,21633,1098,2899
EUR,2020-02-13T00:00:00Z,23914,23899,3330,21928,1765,21242,21242,453,22730,1133,3161
EUR,2020-02-14T00:00:00Z,25613,25650,3434,23708,1723,22869,22869,472,24628,1002,3236
EUR,2020-02-15T00:00:00Z,19821,19894,3339,18714,1099,17009,17009,447,20426,507,2220
EUR,2020-02-16T00:00:00Z,21711,21658,3310,20990,682,18885,18885,498,22860,464,1658
EUR,2020-02-17T00:00:00Z,24064,24012,3261,22423,1389,21443,21443,441,23699,827,2548
EUR,2020-02-18T00:00:00Z,22705,22708,3181,20637,1829,20225,20225,459,21574,1074,2999
EUR,2020-02-19T00:00:00Z,23262,23283,3239,21223,1816,20742,20742,476,22136,1123,3020
EUR,2020-02-20T00:00:00Z,24016,24057,3332,22233,1677,21319,21319,489,23117,1142,2984
EUR,2020-02-21T00:00:00Z,25755,25754,3450,23758,1777,23005,23005,482,24825,1034,3127
EUR,2020-02-22T00:00:00Z,20271,20280,3422,19149,1054,17384,17384,459,20882,525,2219
EUR,2020-02-23T00:00:00Z,22332,22270,3359,21346,977,19423,19423,504,22873,510,2300
EUR,2020-02-24T00:00:00Z,24641,24556,3331,22850,1538,21931,21931,454,23996,841,2883
EUR,2020-02-25T00:00:00Z,22778,22768,3241,20901,1620,20243,20243,460,21806,1078,2879
EUR,2020-02-26T00:00:00Z,23019,23044,3319,21267,1477,20463,20463,464,22145,1130,2789
EUR,2020-02-27T00:00:00Z,23743,23778,3339,22064,1480,21121,21121,484,22913,1126,2845
EUR,2020-02-28T00:00:00Z,25464,25560,3475,23543,1764,22753,22753,512,24683,1048,3052
EUR,2020-02-29T00:00:00Z,19520,19579,3378,18739,756,16674,16674,449,20642,534,1698
EUR,2020-03-01T00:00:00Z,22302,22302,3349,21508,824,19441,19441,518,23245,505,1931
EUR,2020-03-02T00:00:00Z,24169,24066,3264,22563,1333,21516,21516,442,23831,840,2490
EUR,2020-03-03T00:00:00Z,22514,22509,3246,20711,1559,19975,19975,469,21702,1103,2712
EUR,2020-03-04T00:00:00Z,23010,23046,3219,21012,1794,20510,20510,480,21907,1145,2974
EUR,2020-03-05T00:00:00Z,23394,23393,3311,21486,1703,20765,20765,478,22398,1145,2957
EUR,2020-03-06T00:00:00Z,24323,24325,3328,22647,1475,21684,21684,487,23728,1020,2703
EUR,2020-03-07T00:00:00Z,18656,18738,3247,17756,876,15972,15972,458,19697,530,1653
EUR,2020-03-08T00:00:00Z,21363,21288,3189,20290,1011,18635,18635,475,22042,498,1951
EUR,2020-03-09T00:00:00Z,22667,22610,3083,20863,1588,20174,20174,431,22003,849,2682
EUR,2020-03-10T00:00:00Z,20462,20437,3047,18561,1627,18103,18103,440,19417,1078,2741
EUR,2020-03-11T00:00:00Z,20458,20466,3095,18195,1940,18140,18140,447,19056,1132,3043
EUR,2020-03-12T00:00:00Z,20920,20953,3105,18889,1750,18549,18549,421,19654,1154,2937
EUR,2020-03-13T00:00:00Z,21718,21767,3178,19647,1722,19380,19380,443,20641,1043,2864
EUR,2020-03-14T00:00:00Z,16033,16016,2998,14764,1040,13640,13640,394,16093,533,2177
EUR,2020-03-15T00:00:00Z,17299,17202,2871,15985,1049,15038,15038,442,17301,503,2101
EUR,2020-03-16T00:00:00Z,16743,16626,2746,14954,1290,14748,14748,370,15561,943,2487
EUR,2020-03-17T00:00:00Z,13174,13119,2531,11541,1083,11461,11461,324,11888,1171,2097
EUR,2020-03-18T00:00:00Z,11815,11779,2386,10339,1005,10203,10203,340,10631,1187,1913
EUR,2020-03-19T00:00:00Z,10920,10861,2290,9518,818,9445,9445,291,9791,1165,1671
EUR,2020-03-20T00:00:00Z,10495,10500,2250,9135,755,9170,9170,316,9513,1049,1579
EUR,2020-03-21T00:00:00Z,6567,6535,1940,5589,408,5422,5422,258,6409,512,1017
EUR,2020-03-22T00:00:00Z,6340,6278,1786,5437,295,5343,5343,243,6269,492,757
EUR,2020-03-23T00:00:00Z,5834,5725,1619,4626,575,4950,4950,212,4858,879,1084
EUR,2020-03-24T00:00:00Z,5322,5296,1520,4160,562,4576,4576,201,4079,1100,1064
EUR,2020-03-25T00:00:00Z,4957,4914,1442,3808,552,4225,4225,157,3599,1122,1082
EUR,2020-03-26T00:00:00Z,5009,4965,1437,3817,626,4241,4241,148,3532,1138,1211
EUR,2020-03-27T00:00:00Z,4809,4800,1345,3704,584,4124,4124,149,3589,1015,1030
EUR,2020-03-28T00:00:00Z,2854,2828,1194,2032,356,2226,2226,126,2366,521,695
EUR,2020-03-29T00:00:00Z,2696,2673,1087,2025,231,2140,2140,115,2262,521,561
EUR,2020-03-30T00:00:00Z,3491,3459,980,2599,464,2998,2998,91,2420,809,814
EUR,2020-03-31T00:00:00Z,3599,3605,1125,2549,520,3097,3097,88,2278,995,922
EUR,2020-04-01T00:00:00Z,3835,3793,1090,2693,616,3296,3296,68,2260,1031,1109
EUR,2020-04-02T00:00:00Z,3509,3521,1121,2436,523,3023,3023,74,2048,1028,1005
EUR,2020-04-03T00:00:00Z,3490,3487,1106,2460,518,2972,2972,79,2236,896,952
EUR,2020-04-04T00:00:00Z,2044,2046,944,1343,272,1577,1577,47,1460,501,599
EUR,2020-04-05T00:00:00Z,2162,2129,974,1475,215,1692,1692,65,1655,511,498
EUR,2020-04-06T00:00:00Z,3107,3112,927,2190,513,2657,2657,69,1872,826,933
EUR,2020-04-07T00:00:00Z,3274,3293,1050,2279,530,2791,2791,84,1854,979,1027
EUR,2020-04-08T00:00:00Z,3486,3485,1089,2303,674,2977,2977,73,1907,983,1177
EUR,2020-04-09T00:00:00Z,3282,3277,1142,2042,674,2780,2780,80,1810,934,1115
EUR,2020-04-10T00:00:00Z,2454,2456,994,1624,403,1975,1975,86,1576,645,800
EUR,2020-04-11T00:00:00Z,1675,1683,965,1006,245,1220,1220,79,1171,457,589
EUR,2020-04-12T00:00:00Z,1587,1571,889,1036,166,1136,1136,70,1308,401,383
EUR,2020-04-13T00:00:00Z,2157,2104,815,1532,265,1727,1727,79,1572,482,559
EUR,2020-04-14T00:00:00Z,3194,3199,963,2168,573,2754,2754,66,1844,895,966
EUR,2020-04-15T00:00:00Z,3438,3467,1094,2283,643,2974,2974,90,1905,1014,1102
EUR,2020-04-16T00:00:00Z,3529,3526,1147,2313,689,2995,2995,89,1911,1031,1207
EUR,2020-04-17T00:00:00Z,3298,3326,1103,2152,662,2795,2795,89,1889,878,1151
EUR,2020-04-18T00:00:00Z,1756,1752,954,1031,305,1278,1278,61,1191,496,604
EUR,2020-04-19T00:00:00Z,1928,1886,968,1193,286,1439,1439,73,1378,514,556
EUR,2020-04-20T00:00:00Z,3237,3216,1022,2141,620,2732,2732,63,1892,826,1066
EUR,2020-04-21T00:00:00Z,3432,3443,1121,2284,619,2928,2928,78,1894,987,1144
EUR,2020-04-22T00:00:00Z,3691,3719,1242,2370,753,3149,3149,105,2004,1027,1335
EUR,2020-04-23T00:00:00Z,3802,3800,1282,2447,757,3214,3214,99,2098,1057,1332
EUR,2020-04-24T00:00:00Z,3581,3570,1205,2318,730,2996,2996,98,2078,919,1256
EUR,2020-04-25T00:00:00Z,1889,1891,1070,1074,324,1376,1376,64,1330,506,632
EUR,2020-04-26T00:00:00Z,2076,2084,1088,1271,328,1554,1554,82,1569,516,603
EUR,2020-04-27T00:00:00Z,3472,3435,1110,2238,747,2906,2906,95,2034,852,1210
EUR,2020-04-28T00:00:00Z,3596,3627,1238,2350,689,3045,3045,99,2056,1015,1206
EUR,2020-04-29T00:00:00Z,3868,3865,1287,2494,783,3273,3273,105,2116,1044,1405
EUR,2020-04-30T00:00:00Z,3776,3773,1342,2382,775,3153,3153,104,2089,1033,1378
EUR,2020-05-01T00:00:00Z,2663,2656,1227,1731,418,2071,2071,129,1989,623,765
EUR,2020-05-02T00:00:00Z,1806,1823,1141,1069,240,1282,1282,104,1422,496,533
EUR,2020-05-03T00:00:00Z,2256,2220,1119,1390,364,1698,1698,96,1669,533,672
EUR,2020-05-04T00:00:00Z,3699,3691,1110,2394,819,3164,3164,98,2108,821,1395
EUR,2020-05-05T00:00:00Z,3794,3795,1286,2396,808,3213,3213,115,2106,1012,1373
EUR,2020-05-06T00:00:00Z,4040,4056,1361,2471,957,3422,3422,115,2234,1044,1511
EUR,2020-05-07T00:00:00Z,4256,4255,1381,2570,1043,3641,3641,125,2253,1034,1708
EUR,2020-05-08T00:00:00Z,3755,3749,1331,2373,803,3111,3111,115,2277,829,1402
EUR,2020-05-09T00:00:00Z,2210,2219,1191,1238,450,1632,1632,82,1568,524,787
EUR,2020-05-10T00:00:00Z,2340,2334,1227,1469,313,1748,1748,84,1793,546,671
EUR,2020-05-11T00:00:00Z,3818,3791,1246,2494,757,3211,3211,100,2278,860,1360
EUR,2020-05-12T00:00:00Z,4267,4277,1342,2522,1127,3645,3645,93,2210,1005,1777
EUR,2020-05-13T00:00:00Z,4365,4393,1443,2602,1137,3680,3680,104,2317,1067,1798
EUR,2020-05-14T00:00:00Z,4556,4581,1473,2705,1195,3872,3872,109,2356,1053,1965
EUR,2020-05-15T00:00:00Z,4509,4499,1491,2637,1227,3783,3783,131,2466,974,1916
EUR,2020-05-16T00:00:00Z,2508,2534,1274,1357,607,1899,1899,96,1686,524,1029
EUR,2020-05-17T00:00:00Z,2565,2530,1298,1489,499,1913,1913,105,1885,538,864
EUR,2020-05-18T00:00:00Z,4338,4355,1323,2528,1211,3728,3728,98,2338,890,1835
EUR,2020-05-19T00:00:00Z,4538,4537,1382,2623,1304,3884,3884,119,2358,1029,1923
EUR,2020-05-20T00:00:00Z,5040,5051,1489,2888,1510,4326,4326,123,2517,1047,2324
EUR,2020-05-21T00:00:00Z,4026,4044,1444,2314,1084,3334,3334,107,2243,930,1670
EUR,2020-05-22T00:00:00Z,4218,4207,1447,2501,1061,3522,3522,107,2456,937,1617
EUR,2020-05-23T00:00:00Z,2623,2622,1325,1503,544,1964,1964,92,1826,553,994
EUR,2020-05-24T00:00:00Z,2973,2942,1286,1755,639,2330,2330,96,2104,543,1034
EUR,2020-05-25T00:00:00Z,4412,4384,1205,2582,1274,3819,3819,85,2360,817,1885
EUR,2020-05-26T00:00:00Z,4816,4808,1416,2716,1433,4149,4149,91,2421,1049,2096
EUR,2020-05-27T00:00:00Z,5197,5202,1489,2989,1544,4483,4483,107,2603,1121,2299
EUR,2020-05-28T00:00:00Z,5117,5126,1477,2936,1510,4425,4425,106,2494,1117,2313
EUR,2020-05-29T00:00:00Z,5085,5100,1462,2896,1556,4377,4377,106,2616,981,2317
EUR,2020-05-30T00:00:00Z,2827,2829,1320,1490,783,2172,2172,110,1850,545,1199
EUR,2020-05-31T00:00:00Z,2870,2834,1231,1762,576,2222,2222,88,2012,525,1033
EUR,2020-06-01T00:00:00Z,4359,4326,1189,2808,1067,3743,3743,123,2675,742,1648
EUR,2020-06-02T00:00:00Z,5250,5273,1326,3192,1475,4639,4639,109,2760,1004,2229
EUR,2020-06-03T00:00:00Z,5750,5790,1445,3540,1607,5079,5079,132,3022,1088,2483
EUR,2020-06-04T00:00:00Z,5973,5974,1490,3799,1496,5272,5272,111,3251,1138,2397
EUR,2020-06-05T00:00:00Z,5859,5839,1454,3855,1404,5122,5122,138,3484,1017,2213
EUR,2020-06-06T00:00:00Z,3622,3639,1346,2254,824,2966,2966,130,2509,549,1367
EUR,2020-06-07T00:00:00Z,4012,3986,1309,2710,772,3320,3320,114,2861,573,1358
EUR,2020-06-08T00:00:00Z,5825,5788,1278,3818,1452,5174,5174,110,3459,912,2178
EUR,2020-06-09T00:00:00Z,5921,5922,1284,3859,1537,5277,5277,115,3242,1090,2349
EUR,2020-06-10T00:00:00Z,6326,6349,1462,4071,1662,5597,5597,118,3503,1102,2591
EUR,2020-06-11T00:00:00Z,6076,6052,1433,3921,1546,5357,5357,130,3468,1070,2363
EUR,2020-06-12T00:00:00Z,6394,6410,1454,4166,1650,5683,5683,150,3748,1018,2505
EUR,2020-06-13T00:00:00Z,3859,3874,1316,2515,831,3183,3183,113,2762,564,1337
EUR,2020-06-14T00:00:00Z,4392,4380,1316,3064,819,3709,3709,136,3183,552,1464
EUR,2020-06-15T00:00:00Z,7079,7060,1313,4914,1671,6383,6383,143,4175,934,2790
EUR,2020-06-16T00:00:00Z,6974,6974,1332,4655,1788,6317,6317,144,3830,1130,2815
EUR,2020-06-17T00:00:00Z,7352,7353,1481,4814,1897,6643,6643,131,4143,1141,2909
EUR,2020-06-18T00:00:00Z,7535,7536,1462,4964,1952,6817,6817,124,4118,1181,3079
EUR,2020-06-19T00:00:00Z,7725,7742,1477,5246,1888,7005,7005,149,4723,978,2910
EUR,2020-06-20T00:00:00Z,5132,5168,1342,3520,1111,4448,4448,122,3651,567,1756
EUR,2020-06-21T00:00:00Z,6113,6072,1293,4451,1185,5391,5391,136,4421,562,1947
EUR,2020-06-22T00:00:00Z,8072,8014,1307,5645,1908,7362,7362,137,4921,946,2994
EUR,2020-06-23T00:00:00Z,7899,7914,1327,5391,2024,7234,7234,164,4525,1123,3095
EUR,2020-06-24T00:00:00Z,8305,8330,1483,5539,2166,7586,7586,140,4853,1145,3191
EUR,2020-06-25T00:00:00Z,8636,8598,1468,5707,2367,7850,7850,159,4785,1167,3591
EUR,2020-06-26T00:00:00Z,8879,8914,1509,6246,2069,8128,8128,160,5524,1038,3263
EUR,2020-06-27T00:00:00Z,5890,5904,1279,4414,1018,5211,5211,129,4385,544,1783
EUR,2020-06-28T00:00:00Z,6700,6663,1309,5101,1123,5977,5977,148,5064,547,1923
EUR,2020-06-29T00:00:00Z,8354,8330,1291,6089,1794,7673,7673,164,5353,912,2910
EUR,2020-06-30T00:00:00Z,8451,8453,1346,5887,2036,7771,7771,136,4919,1110,3240
EUR,2020-07-01T00:00:00Z,11687,11709,1550,8971,2190,10862,10862,178,7812,1184,3716
EUR,2020-07-02T00:00:00Z,11688,11694,1531,8876,2277,10861,10861,164,7876,1176,3633
EUR,2020-07-03T00:00:00Z,12893,12933,1539,10147,2243,12082,12082,186,9299,1032,3599
EUR,2020-07-04T00:00:00Z,10110,10107,1415,8346,1305,9321,9321,171,8295,545,2227
EUR,2020-07-05T00:00:00Z,10866,10846,1389,9086,1356,10058,10058,178,8894,545,2393
EUR,2020-07-06T00:00:00Z,12056,12046,1320,9627,1995,11310,11310,151,8842,896,3205
EUR,2020-07-07T00:00:00Z,11381,11393,1386,8840,2078,10635,10635,166,7939,1130,3236
EUR,2020-07-08T00:00:00Z,12125,12134,1533,9327,2256,11316,11316,174,8421,1153,3543
EUR,2020-07-09T00:00:00Z,12138,12137,1542,9411,2200,11300,11300,178,8405,1185,3563
EUR,2020-07-10T00:00:00Z,13512,13516,1535,10773,2251,12659,12659,191,9819,1050,3691
EUR,2020-07-11T00:00:00Z,10888,10908,1455,9054,1387,10069,10069,170,8897,561,2439
EUR,2020-07-12T00:00:00Z,11406,11362,1374,9599,1380,10574,10574,160,9338,530,2486
EUR,2020-07-13T00:00:00Z,12406,12399,1356,10102,1882,11641,11641,177,9285,945,3111
EUR,2020-07-14T00:00:00Z,11817,11808,1377,9449,1940,11026,11026,168,8485,1102,3180
EUR,2020-07-15T00:00:00Z,13036,13065,1595,10290,2259,12159,12159,202,9305,1177,3662
EUR,2020-07-16T00:00:00Z,13492,13511,1690,10688,2276,12550,12550,202,9598,1217,3840
EUR,2020-07-17T00:00:00Z,14645,14626,1669,11930,2182,13700,13700,211,11009,1070,3703
EUR,2020-07-18T00:00:00Z,12144,12169,1536,10365,1364,11250,11250,203,10237,548,2481
EUR,2020-07-19T00:00:00Z,12658,12646,1493,10961,1298,11762,11762,211,10714,549,2490
EUR,2020-07-20T00:00:00Z,13749,13749,1406,11387,1997,12896,12896,189,10554,946,3291
EUR,2020-07-21T00:00:00Z,12912,12874,1464,10249,2196,12052,12052,176,9332,1124,3454
EUR,2020-07-22T00:00:00Z,13326,13331,1646,10560,2251,12411,12411,211,9716,1165,3576
EUR,2020-07-23T00:00:00Z,13968,13932,1651,11116,2398,12974,12974,240,10012,1205,3949
EUR,2020-07-24T00:00:00Z,15065,15083,1647,12338,2244,14126,14126,208,11523,1056,3651
EUR,2020-07-25T00:00:00Z,13022,13021,1538,11128,1502,12112,12112,238,10892,566,2711
EUR,2020-07-26T00:00:00Z,13168,13160,1478,11569,1235,12266,12266,221,11310,557,2416
EUR,2020-07-27T00:00:00Z,13977,13983,1414,11650,1951,13138,13138,194,10767,953,3296
EUR,2020-07-28T00:00:00Z,13016,12990,1457,10569,2017,12165,12165,202,9646,1117,3280
EUR,2020-07-29T00:00:00Z,13666,13707,1639,11036,2197,12726,12726,226,10075,1141,3657
EUR,2020-07-30T00:00:00Z,14178,14181,1644,11433,2263,13243,13243,225,10446,1169,3726
EUR,2020-07-31T00:00:00Z,15396,15408,1596,12680,2257,14466,14466,196,11749,1024,3761
EUR,2020-08-01T00:00:00Z,14924,14979,1580,13029,1531,13973,13973,211,12722,547,2872
EUR,2020-08-02T00:00:00Z,15141,15123,1505,13489,1296,14195,14195,222,13258,555,2478
EUR,2020-08-03T00:00:00Z,15775,15740,1461,13636,1739,14871,14871,193,12937,888,3012
EUR,2020-08-04T00:00:00Z,14575,14574,1506,12207,1913,13717,13717,195,11377,1098,3152
EUR,2020-08-05T00:00:00Z,15116,15159,1685,12530,2122,14162,14162,225,11722,1157,3459
EUR,2020-08-06T00:00:00Z,15467,15448,1685,12959,2057,14471,14471,257,12099,1170,3432
EUR,2020-08-07T00:00:00Z,16843,16866,1699,14353,2051,15866,15866,261,13662,1022,3420
EUR,2020-08-08T00:00:00Z,14983,14978,1676,13117,1459,13965,13965,257,12991,561,2701
EUR,2020-08-09T00:00:00Z,15338,15344,1595,13593,1366,14376,14376,249,13473,566,2516
EUR,2020-08-10T00:00:00Z,15892,15827,1588,13712,1792,14853,14853,227,13074,909,3110
EUR,2020-08-11T00:00:00Z,14429,14419,1546,12252,1814,13468,13468,233,11458,1100,3055
EUR,2020-08-12T00:00:00Z,14885,14902,1763,12536,1865,13868,13868,246,11819,1145,3201
EUR,2020-08-13T00:00:00Z,15183,15203,1721,12884,1890,14137,14137,247,12159,1164,3173
EUR,2020-08-14T00:00:00Z,16872,16918,1708,14543,1954,15827,15827,243,13861,991,3354
EUR,2020-08-15T00:00:00Z,15044,15036,1714,13266,1429,13915,13915,245,13177,511,2722
EUR,2020-08-16T00:00:00Z,15785,15804,1610,14149,1358,14721,14721,250,13837,528,2753
EUR,2020-08-17T00:00:00Z,16084,16044,1565,13918,1820,15040,15040,216,13242,897,3165
EUR,2020-08-18T00:00:00Z,14608,14627,1561,12356,1901,13636,13636,220,11625,1087,3107
EUR,2020-08-19T00:00:00Z,15395,15397,1691,12847,2137,14354,14354,238,12012,1138,3526
EUR,2020-08-20T00:00:00Z,15880,15857,1688,13241,2267,14783,14783,243,12494,1111,3592
EUR,2020-08-21T00:00:00Z,16981,16991,1729,14566,2020,15902,15902,246,13922,1016,3378
EUR,2020-08-22T00:00:00Z,14910,14943,1661,13227,1384,13810,13810,229,13137,526,2609
EUR,2020-08-23T00:00:00Z,15914,15904,1593,14158,1502,14824,14824,260,13859,547,2848
EUR,2020-08-24T00:00:00Z,16396,16326,1581,13933,2074,15348,15348,215,13248,895,3446
EUR,2020-08-25T00:00:00Z,14928,14938,1549,12524,2073,13938,13938,218,11705,1086,3355
EUR,2020-08-26T00:00:00Z,15409,15434,1735,12999,2026,14328,14328,246,12050,1146,3565
EUR,2020-08-27T00:00:00Z,16269,16275,1764,13515,2389,15128,15128,253,12567,1162,3940
EUR,2020-08-28T00:00:00Z,17342,17373,1779,14954,2020,16206,16206,245,14104,1033,3617
EUR,2020-08-29T00:00:00Z,14845,14867,1746,13135,1373,13686,13686,229,13145,534,2576
EUR,2020-08-30T00:00:00Z,15989,15998,1644,14281,1492,14823,14823,254,13963,522,2933
EUR,2020-08-31T00:00:00Z,16708,16644,1632,14290,2042,15610,15610,223,13511,891,3563
EUR,2020-09-01T00:00:00Z,14678,14650,1572,12371,1963,13643,13643,222,11535,1088,3284
EUR,2020-09-02T00:00:00Z,14890,14956,1750,12332,2169,13827,13827,233,11591,1159,3502
EUR,2020-09-03T00:00:00Z,15638,15582,1804,12935,2282,14451,14451,253,12202,1176,3644
EUR,2020-09-04T00:00:00Z,16879,16907,1823,14203,2232,15755,15755,228,13683,1047,3529
EUR,2020-09-05T00:00:00Z,13832,13822,1735,12113,1367,12666,12666,228,12332,537,2347
EUR,2020-09-06T00:00:00Z,14954,14962,1639,13365,1347,13817,13817,253,13318,521,2513
EUR,2020-09-07T00:00:00Z,15558,15529,1654,13187,1953,14503,14503,210,12651,935,3208
EUR,2020-09-08T00:00:00Z,14094,14124,1583,11580,2161,13129,13129,236,10943,1106,3276
EUR,2020-09-09T00:00:00Z,14664,14679,1843,11898,2281,13559,13559,239,11291,1151,3581
EUR,2020-09-10T00:00:00Z,15259,15239,1836,12566,2263,14091,14091,259,11902,1180,3584
EUR,2020-09-11T00:00:00Z,16649,16648,1857,13922,2252,15504,15504,239,13439,1054,3539
EUR,2020-09-12T00:00:00Z,13182,13213,1776,11579,1243,12028,12028,232,11856,536,2207
EUR,2020-09-13T00:00:00Z,14756,14748,1745,12920,1487,13594,13594,243,12964,548,2641
EUR,2020-09-14T00:00:00Z,15093,15031,1661,12564,2068,14044,14044,214,12183,913,3198
EUR,2020-09-15T00:00:00Z,13652,13636,1673,10996,2223,12618,12618,223,10419,1117,3357
EUR,2020-09-16T00:00:00Z,14049,14093,1854,11327,2254,12937,12937,231,10818,1158,3460
EUR,2020-09-17T00:00:00Z,14635,14604,1870,11975,2192,13438,13438,236,11335,1189,3513
EUR,2020-09-18T00:00:00Z,16067,16073,1929,13456,2117,14870,14870,232,12967,1052,3483
EUR,2020-09-19T00:00:00Z,12476,12506,1794,10896,1198,11333,11333,240,11371,552,1966
EUR,2020-09-20T00:00:00Z,14079,14070,1764,12334,1387,12913,12913,250,12431,559,2496
EUR,2020-09-21T00:00:00Z,14591,14534,1692,12212,1899,13532,13532,211,11768,925,3111
EUR,2020-09-22T00:00:00Z,13243,13258,1652,10632,2178,12253,12253,214,10027,1132,3303
EUR,2020-09-23T00:00:00Z,13663,13695,1899,10963,2175,12548,12548,227,10458,1175,3404
EUR,2020-09-24T00:00:00Z,14251,14279,1891,11633,2148,13088,13088,230,10988,1204,3480
EUR,2020-09-25T00:00:00Z,15660,15645,1960,13258,1889,14434,14434,237,12807,1088,3213
EUR,2020-09-26T00:00:00Z,12097,12152,1810,10733,981,10969,10969,245,11148,571,1806
EUR,2020-09-27T00:00:00Z,13642,13618,1777,12115,1130,12468,12468,230,12271,542,2209
EUR,2020-09-28T00:00:00Z,14193,14183,1710,11849,1844,13172,13172,199,11505,935,2963
EUR,2020-09-29T00:00:00Z,12920,12908,1698,10480,1988,11881,11881,220,9842,1165,3160
EUR,2020-09-30T00:00:00Z,13805,13833,1889,11005,2305,12669,12669,231,10432,1181,3587
EUR,2020-10-01T00:00:00Z,13657,13670,1883,10962,2273,12455,12455,247,10440,1159,3520
EUR,2020-10-02T00:00:00Z,14759,14767,1946,12500,1740,13562,13562,223,12205,1037,2945
EUR,2020-10-03T00:00:00Z,11277,11314,1899,9909,945,10068,10068,231,10449,503,1802
EUR,2020-10-04T00:00:00Z,12617,12604,1804,11167,1036,11430,11430,217,11463,534,2011
EUR,2020-10-05T00:00:00Z,13461,13396,1709,11161,1807,12387,12387,207,10879,908,2890
EUR,2020-10-06T00:00:00Z,11796,11784,1673,9484,1813,10802,10802,193,8907,1089,2975
EUR,2020-10-07T00:00:00Z,12468,12547,1884,9880,2060,11396,11396,205,9359,1155,3310
EUR,2020-10-08T00:00:00Z,13147,13113,1816,10515,2169,11978,11978,219,9976,1150,3375
EUR,2020-10-09T00:00:00Z,14966,14979,1903,12263,2211,13806,13806,239,11951,1042,3385
EUR,2020-10-10T00:00:00Z,11153,11205,1869,9774,987,9967,9967,240,10248,533,1850
EUR,2020-10-11T00:00:00Z,12508,12506,1818,11010,1109,11318,11318,242,11315,555,2068
EUR,2020-10-12T00:00:00Z,13095,13031,1741,10866,1725,12005,12005,211,10684,918,2730
EUR,2020-10-13T00:00:00Z,11469,11483,1696,9118,1877,10460,10460,200,8676,1120,2896
EUR,2020-10-14T00:00:00Z,12067,12127,1917,9631,1939,10942,10942,235,9225,1174,3088
EUR,2020-10-15T00:00:00Z,12239,12221,1949,9782,1949,11034,11034,255,9369,1185,3127
EUR,2020-10-16T00:00:00Z,14799,14821,2054,12344,1952,13543,13543,274,11980,1078,3293
EUR,2020-10-17T00:00:00Z,11349,11400,1920,9751,1196,10129,10129,248,10255,560,2053
EUR,2020-10-18T00:00:00Z,12410,12366,1869,10823,1181,11140,11140,238,11154,578,2142
EUR,2020-10-19T00:00:00Z,12671,12646,1721,10495,1738,11583,11583,221,10283,957,2715
EUR,2020-10-20T00:00:00Z,10922,10924,1711,8638,1819,9912,9912,235,8226,1159,2784
EUR,2020-10-21T00:00:00Z,11450,11460,1908,9186,1727,10308,10308,220,8780,1206,2836
EUR,2020-10-22T00:00:00Z,12281,12301,1907,9906,1915,11105,11105,251,9388,1240,3100
EUR,2020-10-23T00:00:00Z,13942,13975,1961,11573,1926,12728,12728,271,11324,1084,3052
EUR,2020-10-24T00:00:00Z,10906,10955,1906,9427,1098,9692,9692,262,9891,586,1954
EUR,2020-10-25T00:00:00Z,11810,11786,1878,10320,1096,10557,10557,256,10726,576,1993
EUR,2020-10-26T00:00:00Z,12209,12189,1802,10132,1578,11114,11114,229,9961,973,2579
EUR,2020-10-27T00:00:00Z,10582,10603,1749,8308,1809,9555,9555,237,7927,1189,2751
EUR,2020-10-28T00:00:00Z,11190,11230,2004,8880,1749,10041,10041,255,8651,1225,2758
EUR,2020-10-29T00:00:00Z,11950,11928,2001,9484,1954,10692,10692,254,9137,1242,3061
EUR,2020-10-30T00:00:00Z,13350,13367,2023,11178,1671,12119,12119,275,11004,1080,2789
EUR,2020-10-31T00:00:00Z,9926,9937,1963,8511,1039,8630,8630,281,9074,603,1837
EUR,2020-11-01T00:00:00Z,11359,11307,1924,10104,861,10047,10047,271,10506,561,1823
EUR,2020-11-02T00:00:00Z,11320,11318,1819,9385,1436,10248,10248,251,9353,922,2366
EUR,2020-11-03T00:00:00Z,9675,9677,1844,7565,1529,8634,8634,221,7278,1190,2471
EUR,2020-11-04T00:00:00Z,10220,10227,1997,7920,1717,9058,9058,246,7727,1215,2693
EUR,2020-11-05T00:00:00Z,10317,10331,2050,7953,1751,9142,9142,249,7770,1236,2749
EUR,2020-11-06T00:00:00Z,11799,11828,2020,9566,1689,10612,10612,261,9492,1106,2678
EUR,2020-11-07T00:00:00Z,7875,7908,1920,6569,900,6649,6649,256,7185,578,1627
EUR,2020-11-08T00:00:00Z,9408,9391,1908,8204,803,8176,8176,292,8737,607,1571
EUR,2020-11-09T00:00:00Z,9886,9836,1820,7831,1500,8814,8814,243,7780,963,2408
EUR,2020-11-10T00:00:00Z,8463,8459,1851,6395,1484,7433,7433,241,6101,1214,2415
EUR,2020-11-11T00:00:00Z,8588,8594,1998,6677,1321,7455,7455,270,6663,1163,2171
EUR,2020-11-12T00:00:00Z,9332,9364,2020,7057,1720,8170,8170,272,6773,1246,2779
EUR,2020-11-13T00:00:00Z,10535,10545,1998,8255,1711,9384,9384,269,8148,1110,2707
EUR,2020-11-14T00:00:00Z,6599,6645,1883,5285,874,5470,5470,268,5927,613,1502
EUR,2020-11-15T00:00:00Z,8161,8113,1881,6943,778,6931,6931,259,7456,592,1554
EUR,2020-11-16T00:00:00Z,9232,9185,1849,7155,1523,8140,8140,251,7125,956,2447
EUR,2020-11-17T00:00:00Z,8019,8027,1841,5778,1622,7031,7031,227,5500,1231,2511
EUR,2020-11-18T00:00:00Z,8801,8835,1968,6250,1931,7725,7725,239,5974,1224,2952
EUR,2020-11-19T00:00:00Z,8664,8677,2020,6423,1590,7566,7566,259,6071,1277,2686
EUR,2020-11-20T00:00:00Z,9776,9819,2032,7639,1547,8642,8642,266,7553,1139,2527
EUR,2020-11-21T00:00:00Z,6077,6081,1925,4717,854,4922,4922,261,5392,620,1485
EUR,2020-11-22T00:00:00Z,7368,7304,1917,6060,798,6177,6177,281,6726,594,1456
EUR,2020-11-23T00:00:00Z,8622,8633,1815,6596,1485,7594,7594,236,6521,987,2389
EUR,2020-11-24T00:00:00Z,7600,7632,1803,5364,1663,6629,6629,227,5094,1250,2486
EUR,2020-11-25T00:00:00Z,8333,8341,2014,5988,1692,7226,7226,247,5791,1280,2624
EUR,2020-11-26T00:00:00Z,8310,8303,1966,6052,1643,7212,7212,261,5827,1265,2570
EUR,2020-11-27T00:00:00Z,9410,9426,1955,7435,1459,8267,8267,281,7307,1162,2381
EUR,2020-11-28T00:00:00Z,5788,5829,1884,4552,740,4690,4690,250,5249,636,1292
EUR,2020-11-29T00:00:00Z,7229,7187,1917,5951,749,6053,6053,255,6617,628,1373
EUR,2020-11-30T00:00:00Z,8636,8589,1795,6656,1410,7607,7607,244,6461,992,2409
EUR,2020-12-01T00:00:00Z,7513,7496,1818,5464,1439,6522,6522,235,5188,1238,2296
EUR,2020-12-02T00:00:00Z,8351,8398,2026,6074,1588,7299,7299,239,5875,1287,2527
EUR,2020-12-03T00:00:00Z,8486,8523,2120,6258,1527,7360,7360,257,6017,1299,2590
EUR,2020-12-04T00:00:00Z,9884,9898,2068,7780,1504,8695,8695,266,7742,1139,2472
EUR,2020-12-05T00:00:00Z,6146,6201,1982,4895,747,4986,4986,264,5616,640,1369
EUR,2020-12-06T00:00:00Z,7148,7072,2030,5920,650,5886,5886,267,6672,615,1314
EUR,2020-12-07T00:00:00Z,8467,8464,1881,6653,1263,7393,7393,259,6738,984,2075
EUR,2020-12-08T00:00:00Z,7893,7882,1871,5741,1531,6861,6861,230,5595,1170,2379
EUR,2020-12-09T00:00:00Z,8468,8496,2122,6348,1418,7323,7323,248,6137,1285,2467
EUR,2020-12-10T00:00:00Z,8950,8963,2171,6617,1667,7712,7712,255,6401,1297,2758
EUR,2020-12-11T00:00:00Z,10207,10216,2202,8072,1500,8939,8939,291,7925,1185,2665
EUR,2020-12-12T00:00:00Z,6533,6577,2113,5238,724,5300,5300,265,5930,648,1497
EUR,2020-12-13T00:00:00Z,7788,7744,2110,6377,828,6488,6488,271,7131,629,1555
EUR,2020-12-14T00:00:00Z,9480,9457,1980,7221,1669,8325,8325,259,7326,989,2556
EUR,2020-12-15T00:00:00Z,8828,8833,2046,6514,1709,7644,7644,253,6193,1245,2832
EUR,2020-12-16T00:00:00Z,9724,9734,2243,7209,1802,8463,8463,260,6992,1295,2968
EUR,2020-12-17T00:00:00Z,11210,11268,2256,8785,1814,9893,9893,271,8506,1304,3046
EUR,2020-12-18T00:00:00Z,13266,13277,2302,11030,1652,11856,11856,298,10973,1185,2827
EUR,2020-12-19T00:00:00Z,10250,10339,2228,8882,924,8847,8847,293,9464,668,1903
EUR,2020-12-20T00:00:00Z,10601,10558,2170,9304,798,9170,9170,284,10073,624,1576
EUR,2020-12-21T00:00:00Z,10921,10881,2009,9194,1214,9666,9666,281,9249,985,2183
EUR,2020-12-22T00:00:00Z,10153,10139,1955,8309,1300,8985,8985,258,8057,1244,2264
EUR,2020-12-23T00:00:00Z,11189,11205,2102,9441,1229,9928,9928,307,9267,1297,2209
EUR,2020-12-24T00:00:00Z,7374,7310,1840,6328,548,6251,6251,284,6740,918,1059
EUR,2020-12-25T00:00:00Z,4557,4558,1504,4093,259,3565,3565,306,4793,382,681
EUR,2020-12-26T00:00:00Z,7109,7249,1537,6455,583,6059,6059,276,6903,371,1301
EUR,2020-12-27T00:00:00Z,9203,9204,1721,8378,598,8010,8010,300,8825,518,1354
EUR,2020-12-28T00:00:00Z,9161,9151,1658,8164,703,8081,8081,295,8328,841,1357
EUR,2020-12-29T00:00:00Z,8200,8189,1674,6997,838,7164,7164,285,6924,1105,1481
EUR,2020-12-30T00:00:00Z,9298,9303,1869,8000,918,8121,8121,308,8060,1111,1617
EUR,2020-12-31T00:00:00Z,5849,5853,1633,4957,509,4878,4878,275,5329,865,905
EUR,2021-01-01T00:00:00Z,5075,5138,1425,4700,203,4165,4165,281,5457,338,534
EUR,2021-01-02T00:00:00Z,8135,8188,1628,7464,552,6998,6998,319,8109,385,1150
EUR,2021-01-03T00:00:00Z,10531,10450,1736,9715,620,9259,9259,350,10181,479,1412
EUR,2021-01-04T00:00:00Z,10081,10036,1659,8873,902,8972,8972,290,9059,830,1546
EUR,2021-01-05T00:00:00Z,8474,8404,1739,6992,989,7428,7428,271,6940,1050,1731
EUR,2021-01-06T00:00:00Z,8382,8420,1855,7020,919,7282,7282,275,7236,920,1639
EUR,2021-01-07T00:00:00Z,8594,8594,1947,7027,1072,7431,7431,290,7126,1080,1841
EUR,2021-01-08T00:00:00Z,9850,9863,1940,8347,1083,8648,8648,305,8493,1000,1877
EUR,2021-01-09T00:00:00Z,6996,7001,1841,6049,672,5761,5761,326,6706,526,1330
EUR,2021-01-10T00:00:00Z,8632,8580,1839,7671,715,7339,7339,352,8186,508,1531
EUR,2021-01-11T00:00:00Z,8458,8392,1732,6763,1253,7373,7373,272,6897,872,1980
EUR,2021-01-12T00:00:00Z,7202,7184,1772,5444,1230,6214,6214,274,5276,1104,2066
EUR,2021-01-13T00:00:00Z,7690,7733,1909,5964,1216,6599,6599,265,5950,1114,2025
EUR,2021-01-14T00:00:00Z,8052,8076,2007,6231,1295,6892,6892,298,6163,1166,2205
EUR,2021-01-15T00:00:00Z,9077,9090,2010,7304,1281,7881,7881,310,7404,1073,2119
EUR,2021-01-16T00:00:00Z,5751,5786,1918,4640,709,4552,4552,283,5358,573,1337
EUR,2021-01-17T00:00:00Z,6861,6781,1898,5816,592,5607,5607,272,6570,543,1194
EUR,2021-01-18T00:00:00Z,8195,8143,1783,6377,1282,7132,7132,237,6463,927,2053
EUR,2021-01-19T00:00:00Z,7055,7065,1804,5186,1291,6095,6095,257,5034,1139,2109
EUR,2021-01-20T00:00:00Z,7724,7756,1944,5584,1540,6642,6642,231,5607,1062,2400
EUR,2021-01-21T00:00:00Z,7711,7735,1970,5728,1393,6616,6616,261,5727,1131,2233
EUR,2021-01-22T00:00:00Z,8782,8788,1994,6858,1367,7618,7618,268,6963,1080,2177
EUR,2021-01-23T00:00:00Z,5427,5459,1906,4344,617,4276,4276,258,5056,602,1210
EUR,2021-01-24T00:00:00Z,6526,6487,1887,5489,597,5308,5308,269,6189,549,1236
EUR,2021-01-25T00:00:00Z,7922,7841,1797,6159,1232,6816,6816,242,6109,966,2114
EUR,2021-01-26T00:00:00Z,7113,7099,1819,5136,1366,6134,6134,244,4889,1178,2255
EUR,2021-01-27T00:00:00Z,7310,7358,1928,5507,1194,6285,6285,247,5289,1198,2143
EUR,2021-01-28T00:00:00Z,7983,7996,1998,5946,1441,6869,6869,276,5760,1210,2416
EUR,2021-01-29T00:00:00Z,8605,8642,1970,6868,1216,7454,7454,261,6871,1066,2117
EUR,2021-01-30T00:00:00Z,5445,5474,1925,4317,675,4257,4257,256,5077,604,1237
EUR,2021-01-31T00:00:00Z,6786,6702,1882,5538,761,5565,5565,259,6163,572,1447
EUR,2021-02-01T00:00:00Z,7897,7819,1754,6071,1238,6864,6864,212,6085,935,2044
EUR,2021-02-02T00:00:00Z,7063,7101,1786,5107,1378,6116,6116,224,4845,1169,2258
EUR,2021-02-03T00:00:00Z,7594,7641,1971,5538,1394,6553,6553,222,5431,1197,2276
EUR,2021-02-04T00:00:00Z,8192,8194,2033,5898,1649,7061,7061,256,5752,1200,2629
EUR,2021-02-05T00:00:00Z,9016,9064,1998,6809,1670,7855,7855,253,6864,1061,2553
EUR,2021-02-06T00:00:00Z,5545,5562,1959,4301,752,4338,4338,244,5093,617,1303
EUR,2021-02-07T00:00:00Z,6064,5915,1868,5002,521,4832,4832,245,5801,504,1087
EUR,2021-02-08T00:00:00Z,7157,7140,1743,5638,988,6148,6148,221,5878,801,1691
EUR,2021-02-09T00:00:00Z,6499,6569,1773,4752,1203,5568,5568,229,4759,952,2018
EUR,2021-02-10T00:00:00Z,7553,7544,1977,5628,1297,6437,6437,242,5470,1182,2250
EUR,2021-02-11T00:00:00Z,8102,8133,2011,5926,1571,6987,6987,261,5769,1189,2551
EUR,2021-02-12T00:00:00Z,9088,9109,1978,7045,1517,7919,7919,263,6971,1081,2489
EUR,2021-02-13T00:00:00Z,6169,6195,1907,4693,1028,4981,4981,246,5237,715,1677
EUR,2021-02-14T00:00:00Z,6775,6709,1857,5448,826,5599,5599,247,6104,574,1454
EUR,2021-02-15T00:00:00Z,7864,7811,1713,6058,1300,6847,6847,244,6039,900,2133
EUR,2021-02-16T00:00:00Z,6839,6859,1644,4901,1435,5934,5934,217,4605,1134,2242
EUR,2021-02-17T00:00:00Z,7725,7763,1835,5607,1562,6719,6719,236,5370,1194,2441
EUR,2021-02-18T00:00:00Z,8253,8244,1872,6010,1694,7179,7179,259,5722,1187,2668
EUR,2021-02-19T00:00:00Z,9065,9130,1869,7010,1626,7971,7971,282,6888,1065,2553
EUR,2021-02-20T00:00:00Z,6116,6177,1802,4769,1061,4965,4965,305,5307,565,1761
EUR,2021-02-21T00:00:00Z,7066,6963,1889,5720,871,5828,5828,280,6289,557,1635
EUR,2021-02-22T00:00:00Z,8165,8112,1697,6068,1587,7155,7155,230,6011,918,2423
EUR,2021-02-23T00:00:00Z,7238,7242,1764,5087,1596,6282,6282,250,4797,1171,2480
EUR,2021-02-24T00:00:00Z,8153,8163,1926,5609,1941,7102,7102,263,5418,1215,2844
EUR,2021-02-25T00:00:00Z,8613,8622,2013,6090,1929,7480,7480,277,5835,1242,2955
EUR,2021-02-26T00:00:00Z,9381,9423,1998,7189,1699,8219,8219,302,7069,1097,2721
EUR,2021-02-27T00:00:00Z,6170,6214,1921,4784,1025,4948,4948,294,5396,609,1725
EUR,2021-02-28T00:00:00Z,7248,7174,1961,5784,998,5965,5965,287,6363,573,1808
EUR,2021-03-01T00:00:00Z,8511,8409,1777,6528,1469,7403,7403,258,6471,934,2370
EUR,2021-03-02T00:00:00Z,7586,7622,1788,5378,1666,6626,6626,251,5057,1175,2601
EUR,2021-03-03T00:00:00Z,8263,8313,2021,5887,1750,7165,7165,248,5797,1106,2756
EUR,2021-03-04T00:00:00Z,8688,8706,2050,6355,1799,7483,7483,294,6154,1220,2831
EUR,2021-03-05T00:00:00Z,9433,9482,2103,7278,1633,8239,8239,339,7259,1107,2649
EUR,2021-03-06T00:00:00Z,6143,6162,1954,4688,1044,4913,4913,294,5383,592,1711
EUR,2021-03-07T00:00:00Z,7158,7051,2000,5763,870,5862,5862,287,6475,599,1560
EUR,2021-03-08T00:00:00Z,8507,8476,1776,6451,1618,7432,7432,294,6411,941,2493
EUR,2021-03-09T00:00:00Z,7600,7595,1837,5412,1638,6559,6559,252,5080,1196,2612
EUR,2021-03-10T00:00:00Z,8299,8342,2054,5881,1803,7187,7187,284,5698,1239,2801
EUR,2021-03-11T00:00:00Z,8203,8202,2016,6262,1400,7006,7006,280,6120,1215,2344
EUR,2021-03-12T00:00:00Z,9412,9436,2077,7360,1498,8206,8206,294,7269,1138,2529
EUR,2021-03-13T00:00:00Z,5793,5843,1956,4714,677,4576,4576,288,5424,616,1308
EUR,2021-03-14T00:00:00Z,7072,6979,2003,5891,697,5772,5772,313,6571,619,1402
EUR,2021-03-15T00:00:00Z,8367,8313,1813,6465,1400,7256,7256,254,6496,918,2264
EUR,2021-03-16T00:00:00Z,7733,7756,1850,5588,1636,6696,6696,282,5195,1192,2688
EUR,2021-03-17T00:00:00Z,8440,8482,2088,6062,1782,7290,7290,301,5887,1264,2782
EUR,2021-03-18T00:00:00Z,8944,8934,2075,6568,1851,7692,7692,308,6258,1246,2990
EUR,2021-03-19T00:00:00Z,9819,9850,2114,7555,1760,8571,8571,332,7537,1116,2777
EUR,2021-03-20T00:00:00Z,6432,6482,1984,5062,1029,5143,5143,305,5701,614,1761
EUR,2021-03-21T00:00:00Z,7405,7317,2008,6097,867,6076,6076,327,6720,610,1643
EUR,2021-03-22T00:00:00Z,8872,8833,1847,6671,1722,7737,7737,272,6585,963,2692
EUR,2021-03-23T00:00:00Z,7933,7972,1858,5557,1873,6874,6874,258,5316,1128,2845
EUR,2021-03-24T00:00:00Z,8943,8978,2056,6305,2081,7761,7761,282,6036,1217,3189
EUR,2021-03-25T00:00:00Z,9677,9701,2127,7023,2169,8372,8372,314,6739,1246,3335
EUR,2021-03-26T00:00:00Z,10967,11001,2146,8360,2120,9654,9654,313,8162,1157,3308
EUR,2021-03-27T00:00:00Z,7274,7335,1977,5995,975,5967,5967,306,6582,613,1753
EUR,2021-03-28T00:00:00Z,8646,8559,2014,7251,1021,7252,7252,334,7870,633,1784
EUR,2021-03-29T00:00:00Z,9786,9737,1902,7579,1763,8564,8564,286,7622,949,2674
EUR,2021-03-30T00:00:00Z,8985,8969,1946,6492,2012,7785,7785,282,6256,1191,3004
EUR,2021-03-31T00:00:00Z,10291,10344,2141,7612,2098,9079,9079,295,7284,1241,3326
EUR,2021-04-01T00:00:00Z,10463,10518,2115,8023,2001,9153,9153,312,7793,1182,3165
EUR,2021-04-02T00:00:00Z,9955,9926,2055,8080,1464,8602,8602,321,8435,825,2340
EUR,2021-04-03T00:00:00Z,7377,7411,2060,6177,834,6056,6056,339,7067,560,1444
EUR,2021-04-04T00:00:00Z,7810,7748,1969,6896,571,6459,6459,337,7730,483,1223
EUR,2021-04-05T00:00:00Z,8585,8517,1741,7401,856,7408,7408,305,7834,549,1616
EUR,2021-04-06T00:00:00Z,8447,8431,1865,6674,1297,7354,7354,313,6596,1045,2196
EUR,2021-04-07T00:00:00Z,9286,9326,2113,7243,1511,8077,8077,333,7154,1226,2488
EUR,2021-04-08T00:00:00Z,9872,9894,2184,7521,1843,8545,8545,328,7430,1228,2891
EUR,2021-04-09T00:00:00Z,11127,11150,2153,8821,1835,9787,9787,320,8810,1111,2889
EUR,2021-04-10T00:00:00Z,7872,7889,2080,6582,895,6510,6510,307,7266,619,1673
EUR,2021-04-11T00:00:00Z,9265,9180,2041,7990,933,7836,7836,355,8528,610,1826
EUR,2021-04-12T00:00:00Z,9721,9646,1869,7840,1453,8500,8500,296,7830,967,2366
EUR,2021-04-13T00:00:00Z,8610,8577,1922,6332,1749,7484,7484,301,6166,1170,2668
EUR,2021-04-14T00:00:00Z,9332,9375,2121,6879,1855,8139,8139,288,6756,1246,2854
EUR,2021-04-15T00:00:00Z,9814,9856,2143,7433,1870,8552,8552,329,7203,1237,3007
EUR,2021-04-16T00:00:00Z,10995,10978,2108,8520,1935,9719,9719,309,8541,1103,2919
EUR,2021-04-17T00:00:00Z,7340,7397,2020,5965,994,6072,6072,315,6729,612,1639
EUR,2021-04-18T00:00:00Z,8765,8680,2026,7311,1047,7386,7386,326,7871,602,1912
EUR,2021-04-19T00:00:00Z,9749,9719,1890,7602,1689,8581,8581,295,7549,957,2676
EUR,2021-04-20T00:00:00Z,8784,8780,1933,6295,1943,7676,7676,284,5990,1209,2973
EUR,2021-04-21T00:00:00Z,9304,9361,2137,6708,1950,8155,8155,286,6471,1248,3077
EUR,2021-04-22T00:00:00Z,9734,9754,2152,7221,1960,8469,8469,315,7079,1219,3036
EUR,2021-04-23T00:00:00Z,10932,10960,2104,8358,2058,9693,9693,322,8223,1096,3202
EUR,2021-04-24T00:00:00Z,7533,7567,2049,5926,1190,6253,6253,319,6581,634,1951
EUR,2021-04-25T00:00:00Z,8516,8474,1982,7037,1072,7228,7228,330,7689,576,1827
EUR,2021-04-26T00:00:00Z,9667,9674,1859,7485,1761,8540,8540,304,7370,952,2783
EUR,2021-04-27T00:00:00Z,8713,8684,1901,6257,1918,7629,7629,309,5993,1193,2891
EUR,2021-04-28T00:00:00Z,9666,9701,2128,7116,1974,8488,8488,340,6822,1279,3118
EUR,2021-04-29T00:00:00Z,10364,10394,2148,7966,1943,9065,9065,365,7607,1296,3155
EUR,2021-04-30T00:00:00Z,10925,10912,2174,8622,1855,9573,9573,388,8478,1066,3108
EUR,2021-05-01T00:00:00Z,7727,7762,2060,6403,1017,6373,6373,364,7105,576,1799
EUR,2021-05-02T00:00:00Z,8401,8310,2041,7039,919,7066,7066,355,7699,580,1721
EUR,2021-05-03T00:00:00Z,9923,9853,1855,7758,1758,8744,8744,339,7718,882,2771
EUR,2021-05-04T00:00:00Z,8753,8760,1933,6607,1624,7683,7683,335,6330,1155,2680
EUR,2021-05-05T00:00:00Z,9607,9619,2117,7225,1781,8442,8442,340,6965,1231,2928
EUR,2021-05-06T00:00:00Z,10063,10110,2147,7472,2046,8855,8855,348,7258,1238,3170
EUR,2021-05-07T00:00:00Z,11627,11615,2106,9102,2059,10342,10342,367,8913,1071,3283
EUR,2021-05-08T00:00:00Z,8394,8431,2099,6661,1340,7092,7092,368,7290,590,2221
EUR,2021-05-09T00:00:00Z,9233,9132,1994,7773,1092,7905,7905,400,8177,599,2084
EUR,2021-05-10T00:00:00Z,10271,10278,1925,8122,1817,9091,9091,406,7816,972,3076
EUR,2021-05-11T00:00:00Z,9383,9367,1985,6838,2036,8234,8234,344,6468,1197,3195
EUR,2021-05-12T00:00:00Z,10950,10959,2110,8050,2328,9760,9760,340,7572,1199,3718
EUR,2021-05-13T00:00:00Z,9711,9715,2040,7537,1713,8471,8471,335,7567,991,2732
EUR,2021-05-14T00:00:00Z,10568,10530,2040,8462,1642,9293,9293,339,8439,1024,2681
EUR,2021-05-15T00:00:00Z,8124,8184,2058,6696,1050,6850,6850,347,7366,605,1834
EUR,2021-05-16T00:00:00Z,10649,10511,2017,8792,1403,9292,9292,344,9043,603,2566
EUR,2021-05-17T00:00:00Z,11288,11269,1829,9063,1872,10111,10111,319,8731,921,3113
EUR,2021-05-18T00:00:00Z,10415,10412,1963,7882,2042,9282,9282,343,7388,1193,3307
EUR,2021-05-19T00:00:00Z,10974,11003,2045,8373,2120,9778,9778,340,7803,1236,3500
EUR,2021-05-20T00:00:00Z,12299,12310,2140,9337,2476,11013,11013,358,8701,1253,4000
EUR,2021-05-21T00:00:00Z,13786,13799,2118,11083,2267,12485,12485,368,10627,1112,3729
EUR,2021-05-22T00:00:00Z,9599,9653,2053,8017,1189,8334,8334,342,8573,612,2075
EUR,2021-05-23T00:00:00Z,10495,10455,2075,8963,1147,9136,9136,372,9426,579,2181
EUR,2021-05-24T00:00:00Z,12132,12090,1879,9792,1962,10936,10936,348,9478,876,3280
EUR,2021-05-25T00:00:00Z,10842,10854,1959,8252,2099,9736,9736,351,7787,1184,3340
EUR,2021-05-26T00:00:00Z,11553,11557,2140,8667,2326,10336,10336,360,8162,1229,3743
EUR,2021-05-27T00:00:00Z,12416,12446,2156,9425,2511,11132,11132,363,8824,1245,4024
EUR,2021-05-28T00:00:00Z,14701,14661,2159,11647,2569,13359,13359,373,11040,1103,4233
EUR,2021-05-29T00:00:00Z,10784,10854,2127,8900,1457,9511,9511,357,9248,636,2600
EUR,2021-05-30T00:00:00Z,11908,11845,2079,10042,1482,10542,10542,393,10279,615,2710
EUR,2021-05-31T00:00:00Z,12446,12442,1882,9937,2144,11278,11278,354,9702,918,3344
EUR,2021-06-01T00:00:00Z,12959,12946,1982,10232,2293,11783,11783,386,9702,1170,3636
EUR,2021-06-02T00:00:00Z,13819,13836,2172,10850,2454,12546,12546,368,10337,1165,3975
EUR,2021-06-03T00:00:00Z,14037,14065,2217,11264,2336,12672,12672,388,10949,1201,3668
EUR,2021-06-04T00:00:00Z,15542,15506,2187,12933,2130,14170,14170,373,12681,1108,3462
EUR,2021-06-05T00:00:00Z,12567,12586,2120,10928,1294,11205,11205,395,11341,628,2374
EUR,2021-06-06T00:00:00Z,14496,14445,2163,12557,1563,13068,13068,411,12736,610,2938
EUR,2021-06-07T00:00:00Z,14553,14523,1984,11988,2191,13287,13287,375,11587,983,3594
EUR,2021-06-08T00:00:00Z,13007,13008,2023,10151,2368,11840,11840,368,9657,1221,3665
EUR,2021-06-09T00:00:00Z,13803,13792,2218,10755,2500,12510,12510,389,10246,1242,3986
EUR,2021-06-10T00:00:00Z,14819,14853,2225,11830,2591,13433,13433,408,11167,1257,4223
EUR,2021-06-11T00:00:00Z,16424,16411,2185,13580,2441,15020,15020,392,13132,1097,3978
EUR,2021-06-12T00:00:00Z,12797,12828,2139,11016,1468,11397,11397,396,11531,606,2487
EUR,2021-06-13T00:00:00Z,14579,14499,2198,12617,1582,13091,13091,411,12864,584,2950
EUR,2021-06-14T00:00:00Z,15349,15344,2039,12735,2299,14010,14010,391,12223,979,3872
EUR,2021-06-15T00:00:00Z,13964,13947,2067,11348,2321,12554,12554,380,10667,1216,3854
EUR,2021-06-16T00:00:00Z,15281,15287,2326,12396,2482,13755,13755,392,11761,1244,4200
EUR,2021-06-17T00:00:00Z,16050,16068,2302,13229,2535,14470,14470,419,12558,1255,4254
EUR,2021-06-18T00:00:00Z,17731,17695,2268,15118,2331,16110,16110,401,14563,1099,4055
EUR,2021-06-19T00:00:00Z,14334,14413,2208,12766,1432,12765,12765,425,13182,607,2618
EUR,2021-06-20T00:00:00Z,15816,15756,2313,14144,1459,14087,14087,432,14403,614,2900
EUR,2021-06-21T00:00:00Z,16447,16427,2121,14029,2193,14928,14928,398,13506,979,3859
EUR,2021-06-22T00:00:00Z,15122,15115,2171,12586,2278,13606,13606,404,11917,1224,3894
EUR,2021-06-23T00:00:00Z,15935,15973,2345,13055,2551,14347,14347,391,12530,1235,4187
EUR,2021-06-24T00:00:00Z,17040,17025,2401,14197,2612,15294,15294,440,13520,1225,4466
EUR,2021-06-25T00:00:00Z,18764,18766,2356,16133,2484,16983,16983,427,15549,1046,4379
EUR,2021-06-26T00:00:00Z,15633,15646,2346,13913,1574,13872,13872,427,14312,618,2904
EUR,2021-06-27T00:00:00Z,17073,17033,2370,15304,1636,15226,15226,431,15494,608,3209
EUR,2021-06-28T00:00:00Z,17829,17771,2181,15352,2328,16145,16145,407,14773,998,4091
EUR,2021-06-29T00:00:00Z,16020,16037,2231,13627,2206,14394,14394,401,13130,1206,3728
EUR,2021-06-30T00:00:00Z,17342,17393,2389,14676,2471,15621,15621,423,13949,1197,4391
EUR,2021-07-01T00:00:00Z,19647,19653,2542,16995,2514,17687,17687,439,16293,1214,4545
EUR,2021-07-02T00:00:00Z,21252,21264,2509,18625,2521,19298,19298,437,18251,1054,4350
EUR,2021-07-03T00:00:00Z,18758,18768,2460,16939,1745,16788,16788,407,17214,613,3318
EUR,2021-07-04T00:00:00Z,19339,19271,2428,17812,1489,17325,17325,445,18002,600,3128
EUR,2021-07-05T00:00:00Z,19797,19765,2314,17373,2306,17976,17976,408,17163,957,3874
EUR,2021-07-06T00:00:00Z,18011,17992,2305,15760,2129,16220,16220,412,15226,1189,3780
EUR,2021-07-07T00:00:00Z,19096,19162,2503,16416,2510,17228,17228,400,15991,1216,4223
EUR,2021-07-08T00:00:00Z,19796,19839,2572,17298,2398,17800,17800,433,16782,1246,4240
EUR,2021-07-09T00:00:00Z,21850,21825,2552,19132,2602,19817,19817,429,18729,1083,4475
EUR,2021-07-10T00:00:00Z,19342,19386,2532,17615,1671,17318,17318,409,17831,590,3398
EUR,2021-07-11T00:00:00Z,19959,19876,2543,18236,1632,17862,17862,438,18533,611,3267
EUR,2021-07-12T00:00:00Z,20374,20366,2387,17999,2288,18473,18473,408,17443,978,4254
EUR,2021-07-13T00:00:00Z,18403,18427,2334,16259,2063,16564,16564,391,15874,1174,3609
EUR,2021-07-14T00:00:00Z,19066,19084,2618,16782,2064,17122,17122,437,16543,1200,3722
EUR,2021-07-15T00:00:00Z,20242,20250,2637,17715,2414,18176,18176,450,17327,1244,4195
EUR,2021-07-16T00:00:00Z,22552,22522,2682,19951,2434,20440,20440,434,19648,1068,4352
EUR,2021-07-17T00:00:00Z,20324,20316,2638,18461,1736,18223,18223,419,18689,601,3546
EUR,2021-07-18T00:00:00Z,20644,20620,2569,18798,1754,18578,18578,436,19151,582,3389
EUR,2021-07-19T00:00:00Z,21377,21355,2419,18868,2419,19429,19429,403,18687,941,4078
EUR,2021-07-20T00:00:00Z,20047,20027,2396,17387,2537,18136,18136,383,17005,1150,4166
EUR,2021-07-21T00:00:00Z,20402,20464,2514,17786,2436,18517,18517,388,17435,1166,4136
EUR,2021-07-22T00:00:00Z,21204,21230,2540,18555,2551,19194,19194,407,18146,1182,4319
EUR,2021-07-23T00:00:00Z,23196,23183,2624,20556,2521,21114,21114,437,20275,1073,4354
EUR,2021-07-24T00:00:00Z,20948,20972,2567,19272,1635,18867,18867,422,19632,574,3269
EUR,2021-07-25T00:00:00Z,21577,21526,2559,19937,1573,19482,19482,448,20171,543,3355
EUR,2021-07-26T00:00:00Z,20167,20161,2330,18061,2029,18319,18319,412,17870,910,3641
EUR,2021-07-27T00:00:00Z,19976,19965,2384,17671,2181,18102,18102,397,17163,1152,3921
EUR,2021-07-28T00:00:00Z,20577,20605,2578,18040,2344,18631,18631,411,17768,1195,3999
EUR,2021-07-29T00:00:00Z,21435,21434,2606,18866,2465,19395,19395,464,18444,1184,4310
EUR,2021-07-30T00:00:00Z,23284,23328,2636,20809,2370,21238,21238,442,20572,1071,4173
EUR,2021-07-31T00:00:00Z,21572,21609,2608,19717,1792,19468,19468,405,19873,593,3652
EUR,2021-08-01T00:00:00Z,22340,22287,2607,20703,1600,20168,20168,451,20790,572,3548
EUR,2021-08-02T00:00:00Z,22299,22262,2404,20033,2182,20343,20343,401,19758,911,3950
EUR,2021-08-03T00:00:00Z,20595,20604,2437,18374,2102,18699,18699,414,18174,1176,3564
EUR,2021-08-04T00:00:00Z,21017,21036,2625,18680,2111,19057,19057,421,18556,1178,3683
EUR,2021-08-05T00:00:00Z,21627,21610,2594,19338,2158,19592,19592,446,19198,1180,3713
EUR,2021-08-06T00:00:00Z,23211,23205,2686,20806,2188,21168,21168,432,20826,1069,3785
EUR,2021-08-07T00:00:00Z,21289,21324,2650,19590,1580,19214,19214,422,20104,598,3119
EUR,2021-08-08T00:00:00Z,22148,22138,2636,20413,1623,20069,20069,456,20822,572,3279
EUR,2021-08-09T00:00:00Z,21942,21870,2513,19745,2006,19970,19970,423,19718,970,3577
EUR,2021-08-10T00:00:00Z,20489,20505,2463,18281,2133,18532,18532,416,18064,1169,3645
EUR,2021-08-11T00:00:00Z,20968,21016,2652,18542,2197,19022,19022,429,18541,1211,3639
EUR,2021-08-12T00:00:00Z,21793,21767,2593,19328,2338,19743,19743,443,19158,1181,3921
EUR,2021-08-13T00:00:00Z,23301,23290,2684,20863,2290,21225,21225,472,20826,1060,3952
EUR,2021-08-14T00:00:00Z,21583,21670,2628,19708,1843,19495,19495,422,20103,583,3494
EUR,2021-08-15T00:00:00Z,22314,22290,2635,20608,1673,20156,20156,469,20912,551,3454
EUR,2021-08-16T00:00:00Z,22079,22054,2541,19965,1939,20113,20113,426,19917,951,3578
EUR,2021-08-17T00:00:00Z,20686,20689,2530,18455,2089,18731,18731,431,18267,1161,3647
EUR,2021-08-18T00:00:00Z,21412,21488,2694,18857,2367,19434,19434,453,18685,1207,4027
EUR,2021-08-19T00:00:00Z,21930,21908,2709,19471,2276,19842,19842,461,19362,1190,3905
EUR,2021-08-20T00:00:00Z,23648,23646,2775,21122,2346,21522,21522,472,21054,1082,4108
EUR,2021-08-21T00:00:00Z,21507,21558,2715,19722,1728,19344,19344,445,20119,589,3458
EUR,2021-08-22T00:00:00Z,22584,22540,2731,20809,1683,20356,20356,456,21069,589,3566
EUR,2021-08-23T00:00:00Z,22561,22518,2596,20196,2200,20524,20524,438,20058,961,3974
EUR,2021-08-24T00:00:00Z,21139,21128,2579,18657,2336,19145,19145,450,18391,1168,4013
EUR,2021-08-25T00:00:00Z,21865,21917,2783,19214,2465,19779,19779,460,18902,1227,4334
EUR,2021-08-26T00:00:00Z,22491,22455,2735,19919,2461,20309,20309,479,19605,1189,4322
EUR,2021-08-27T00:00:00Z,23977,23961,2901,21443,2326,21746,21746,479,21343,1078,4250
EUR,2021-08-28T00:00:00Z,21584,21632,2791,19846,1660,19382,19382,464,20349,619,3330
EUR,2021-08-29T00:00:00Z,22813,22742,2733,20941,1779,20576,20576,475,21206,586,3662
EUR,2021-08-30T00:00:00Z,23170,23110,2597,20613,2439,21068,21068,437,20283,938,4428
EUR,2021-08-31T00:00:00Z,21736,21725,2630,19089,2467,19699,19699,425,18620,1168,4399
EUR,2021-09-01T00:00:00Z,21957,21999,2778,19300,2371,19941,19941,435,19024,1241,4185
EUR,2021-09-02T00:00:00Z,22540,22532,2770,19846,2491,20433,20433,469,19627,1209,4272
EUR,2021-09-03T00:00:00Z,23921,23982,2816,21330,2438,21800,21800,482,21175,1103,4307
EUR,2021-09-04T00:00:00Z,21013,21028,2743,19371,1523,18830,18830,427,20008,602,3028
EUR,2021-09-05T00:00:00Z,22448,22399,2714,20531,1805,20262,20262,466,20946,594,3511
EUR,2021-09-06T00:00:00Z,22452,22380,2495,19891,2392,20472,20472,419,19707,967,4105
EUR,2021-09-07T00:00:00Z,20456,20440,2513,17799,2417,18570,18570,404,17467,1196,4067
EUR,2021-09-08T00:00:00Z,21552,21605,2688,18630,2643,19613,19613,418,18242,1211,4509
EUR,2021-09-09T00:00:00Z,22405,22416,2719,19625,2619,20300,20300,442,19207,1199,4557
EUR,2021-09-10T00:00:00Z,23882,23861,2741,21211,2498,21732,21732,440,20986,1090,4375
EUR,2021-09-11T00:00:00Z,20523,20562,2697,18827,1573,18394,18394,406,19484,602,3011
EUR,2021-09-12T00:00:00Z,22312,22300,2673,20388,1847,20165,20165,461,20726,577,3605
EUR,2021-09-13T00:00:00Z,22334,22271,2500,19796,2354,20378,20378,424,19515,970,4166
EUR,2021-09-14T00:00:00Z,20347,20358,2520,17835,2322,18438,18438,411,17508,1201,3969
EUR,2021-09-15T00:00:00Z,21159,21187,2686,18478,2344,19222,19222,385,17944,1243,4322
EUR,2021-09-16T00:00:00Z,21987,22002,2633,19211,2504,20049,20049,409,18663,1216,4470
EUR,2021-09-17T00:00:00Z,23974,23916,2709,21140,2647,21840,21840,447,20710,1097,4690
EUR,2021-09-18T00:00:00Z,20036,20109,2700,18259,1656,17944,17944,415,19022,605,2989
EUR,2021-09-19T00:00:00Z,21856,21832,2725,20038,1677,19700,19700,453,20376,616,3449
EUR,2021-09-20T00:00:00Z,22135,22050,2580,19482,2386,20138,20138,402,19326,982,4141
EUR,2021-09-21T00:00:00Z,20248,20270,2525,17538,2474,18377,18377,397,17106,1190,4242
EUR,2021-09-22T00:00:00Z,20801,20840,2690,17957,2526,18871,18871,404,17641,1216,4317
EUR,2021-09-23T00:00:00Z,22057,22028,2710,19117,2715,19984,19984,442,18625,1247,4671
EUR,2021-09-24T00:00:00Z,23159,23159,2756,20396,2539,21079,21079,453,20120,1113,4459
EUR,2021-09-25T00:00:00Z,19604,19704,2664,18014,1521,17522,17522,414,18770,607,2823
EUR,2021-09-26T00:00:00Z,21520,21503,2688,19814,1622,19365,19365,467,20130,606,3389
EUR,2021-09-27T00:00:00Z,22004,21923,2530,19464,2307,20033,20033,408,19221,966,4115
EUR,2021-09-28T00:00:00Z,19902,19921,2527,17289,2378,18009,18009,380,16947,1212,4035
EUR,2021-09-29T00:00:00Z,20663,20675,2699,17932,2416,18739,18739,448,17605,1226,4216
EUR,2021-09-30T00:00:00Z,21802,21837,2679,19147,2561,19749,19749,498,18654,1220,4514
EUR,2021-10-01T00:00:00Z,23216,23205,2788,20612,2382,21114,21114,476,20443,1114,4226
EUR,2021-10-02T00:00:00Z,19126,19204,2700,17626,1381,17081,17081,459,18425,617,2666
EUR,2021-10-03T00:00:00Z,20976,20936,2732,19283,1543,18839,18839,486,19772,590,3197
EUR,2021-10-04T00:00:00Z,21339,21282,2568,19039,2070,19383,19383,439,18952,981,3744
EUR,2021-10-05T00:00:00Z,19210,19179,2573,16837,2065,17340,17340,427,16603,1201,3672
EUR,2021-10-06T00:00:00Z,20132,20195,2695,17539,2280,18220,18220,408,17175,1249,4091
EUR,2021-10-07T00:00:00Z,21191,21220,2694,18650,2391,19155,19155,479,18263,1241,4231
EUR,2021-10-08T00:00:00Z,22939,22952,2789,20205,2454,20896,20896,454,20025,1106,4318
EUR,2021-10-09T00:00:00Z,18889,18957,2700,17333,1443,16826,16826,457,18217,593,2667
EUR,2021-10-10T00:00:00Z,20967,20945,2741,19157,1690,18817,18817,494,19722,575,3292
EUR,2021-10-11T00:00:00Z,21123,21046,2602,18688,2141,19175,19175,438,18739,981,3712
EUR,2021-10-12T00:00:00Z,19346,19335,2591,16901,2146,17467,17467,425,16690,1183,3766
EUR,2021-10-13T00:00:00Z,19921,19980,2739,17212,2356,18034,18034,441,17094,1236,3978
EUR,2021-10-14T00:00:00Z,21176,21164,2786,18429,2501,19094,19094,471,18227,1263,4227
EUR,2021-10-15T00:00:00Z,22953,22956,2843,20299,2438,20821,20821,492,20265,1120,4195
EUR,2021-10-16T00:00:00Z,18944,18984,2821,17330,1471,16782,16782,477,18234,647,2742
EUR,2021-10-17T00:00:00Z,20658,20631,2801,19037,1508,18445,18445,502,19655,606,3085
EUR,2021-10-18T00:00:00Z,21289,21206,2650,18955,2033,19300,19300,444,18949,998,3692
EUR,2021-10-19T00:00:00Z,18891,18898,2587,16496,2096,17022,17022,413,16295,1212,3673
EUR,2021-10-20T00:00:00Z,19967,19981,2759,17447,2209,17975,17975,443,17256,1246,3914
EUR,2021-10-21T00:00:00Z,20691,20767,2776,18497,2035,18628,18628,479,18303,1224,3782
EUR,2021-10-22T00:00:00Z,22981,23006,2887,20608,2180,20814,20814,503,20516,1134,4026
EUR,2021-10-23T00:00:00Z,19307,19408,2870,17713,1498,17118,17118,485,18581,625,2876
EUR,2021-10-24T00:00:00Z,20768,20676,2816,19146,1474,18508,18508,500,19923,582,2931
EUR,2021-10-25T00:00:00Z,21205,21151,2688,18903,2038,19193,19193,467,18994,985,3651
EUR,2021-10-26T00:00:00Z,19113,19087,2600,16572,2255,17201,17201,429,16439,1202,3787
EUR,2021-10-27T00:00:00Z,19837,19904,2817,17201,2312,17885,17885,475,17193,1202,3936
EUR,2021-10-28T00:00:00Z,20807,20826,2840,18394,2198,18717,18717,517,18245,1235,3953
EUR,2021-10-29T00:00:00Z,22501,22478,2846,20178,2156,20363,20363,565,20184,1121,3876
EUR,2021-10-30T00:00:00Z,18751,18788,2832,17415,1247,16564,16564,520,18295,612,2588
EUR,2021-10-31T00:00:00Z,19637,19523,2785,18314,1237,17354,17354,531,19011,555,2771
EUR,2021-11-01T00:00:00Z,19481,19423,2659,17783,1446,17509,17509,494,18221,824,2844
EUR,2021-11-02T00:00:00Z,17805,17808,2577,15759,1791,15945,15945,460,15662,1163,3303
EUR,2021-11-03T00:00:00Z,18550,18612,2784,16294,1944,16608,16608,469,16167,1283,3573
EUR,2021-11-04T00:00:00Z,19281,19314,2742,17099,1991,17273,17273,511,17074,1255,3504
EUR,2021-11-05T00:00:00Z,21121,21137,2819,18883,2027,19038,19038,510,18928,1158,3644
EUR,2021-11-06T00:00:00Z,16387,16485,2735,15165,1237,14260,14260,526,16040,636,2462
EUR,2021-11-07T00:00:00Z,19049,19014,2764,17852,1321,16736,16736,611,18465,584,2889
EUR,2021-11-08T00:00:00Z,19463,19402,2650,17488,1758,17453,17453,485,17607,1013,3277
EUR,2021-11-09T00:00:00Z,17441,17433,2611,15094,2058,15581,15581,470,14989,1192,3582
EUR,2021-11-10T00:00:00Z,18328,18370,2827,15791,2198,16409,16409,528,15799,1240,3778
EUR,2021-11-11T00:00:00Z,18440,18480,2748,16530,1723,16446,16446,528,16594,1217,3191
EUR,2021-11-12T00:00:00Z,20017,20012,2755,18004,1815,17987,17987,532,18245,1159,3170
EUR,2021-11-13T00:00:00Z,14884,14974,2746,13841,962,12824,12824,516,14942,644,1964
EUR,2021-11-14T00:00:00Z,18236,18215,2814,16999,1147,16022,16022,531,17854,613,2493
EUR,2021-11-15T00:00:00Z,19336,19243,2680,17142,1882,17375,17375,500,17355,1015,3334
EUR,2021-11-16T00:00:00Z,17259,17249,2627,14869,2018,15464,15464,471,14817,1242,3456
EUR,2021-11-17T00:00:00Z,17746,17770,2763,15411,1944,15902,15902,505,15342,1281,3496
EUR,2021-11-18T00:00:00Z,18828,18826,2798,16329,2186,16873,16873,533,16257,1308,3749
EUR,2021-11-19T00:00:00Z,20342,20357,2802,17974,2078,18354,18354,510,18101,1173,3581
EUR,2021-11-20T00:00:00Z,15028,15051,2731,13688,1194,13002,13002,537,14746,637,2231
EUR,2021-11-21T00:00:00Z,17634,17597,2792,16392,1097,15485,15485,536,17356,613,2313
EUR,2021-11-22T00:00:00Z,18860,18841,2666,16786,1730,16998,16998,479,17060,999,3123
EUR,2021-11-23T00:00:00Z,16772,16787,2619,14500,1919,15027,15027,507,14493,1251,3295
EUR,2021-11-24T00:00:00Z,17472,17506,2790,15017,2034,15630,15630,494,15104,1294,3444
EUR,2021-11-25T00:00:00Z,18328,18278,2697,16033,1988,16422,16422,535,16034,1294,3391
EUR,2021-11-26T00:00:00Z,19554,19531,2736,17684,1594,17595,17595,525,17903,1210,2902
EUR,2021-11-27T00:00:00Z,14201,14268,2728,13395,644,12248,12248,547,14547,668,1553
EUR,2021-11-28T00:00:00Z,17188,17184,2756,16226,844,15091,15091,546,17210,620,1997
EUR,2021-11-29T00:00:00Z,18442,18305,2680,16400,1619,16547,16547,500,16744,1044,2912
EUR,2021-11-30T00:00:00Z,16342,16346,2634,14222,1687,14612,14612,468,14230,1286,3028
EUR,2021-12-01T00:00:00Z,16677,16740,2845,14587,1577,14879,14879,472,14773,1295,2942
EUR,2021-12-02T00:00:00Z,17788,17795,2791,15635,1695,15943,15943,482,15648,1323,3151
EUR,2021-12-03T00:00:00Z,19773,19755,2836,17617,1688,17882,17882,495,17876,1182,3083
EUR,2021-12-04T00:00:00Z,14823,14840,2827,13757,745,12830,12830,496,14940,671,1718
EUR,2021-12-05T00:00:00Z,16928,16975,2770,15883,832,14930,14930,513,17016,604,1866
EUR,2021-12-06T00:00:00Z,17911,17830,2659,15985,1431,16114,16114,449,16472,1004,2600
EUR,2021-12-07T00:00:00Z,16042,16033,2665,13997,1534,14313,14313,434,14199,1257,2740
EUR,2021-12-08T00:00:00Z,17311,17349,2792,15155,1645,15543,15543,475,15458,1198,2936
EUR,2021-12-09T00:00:00Z,17918,17927,2870,15678,1736,16052,16052,492,15773,1319,3193
EUR,2021-12-10T00:00:00Z,19472,19469,2863,17550,1459,17543,17543,474,17839,1218,2815
EUR,2021-12-11T00:00:00Z,14713,14750,2777,13555,811,12816,12816,497,14716,663,1765
EUR,2021-12-12T00:00:00Z,17379,17398,2832,16120,937,15374,15374,487,17186,637,2067
EUR,2021-12-13T00:00:00Z,18629,18540,2790,16339,1708,16786,16786,455,16846,1042,2950
EUR,2021-12-14T00:00:00Z,16622,16584,2772,14410,1652,14820,14820,449,14554,1292,2989
EUR,2021-12-15T00:00:00Z,18039,18080,2975,15467,2012,16123,16123,458,15615,1317,3522
EUR,2021-12-16T00:00:00Z,19322,19336,2974,16718,2116,17342,17342,493,16831,1317,3661
EUR,2021-12-17T00:00:00Z,21412,21415,3082,18808,2057,19345,19345,466,19032,1241,3675
EUR,2021-12-18T00:00:00Z,17227,17235,2992,15761,1120,15103,15103,515,16855,675,2344
EUR,2021-12-19T00:00:00Z,18740,18748,2929,17440,1006,16586,16586,474,18616,643,2117
EUR,2021-12-20T00:00:00Z,20058,20027,2934,17636,1866,18112,18112,463,18247,1060,3129
EUR,2021-12-21T00:00:00Z,18640,18618,2880,16290,1827,16737,16737,477,16632,1312,3054
EUR,2021-12-22T00:00:00Z,19796,19792,3022,17488,1757,17807,17807,486,17766,1349,3152
EUR,2021-12-23T00:00:00Z,20088,20111,2948,18318,1333,18108,18108,508,18737,1276,2586
EUR,2021-12-24T00:00:00Z,14877,14854,2797,13948,511,12975,12975,501,15078,943,1236
EUR,2021-12-25T00:00:00Z,9639,9640,2393,9216,313,7893,7893,536,10624,391,907
EUR,2021-12-26T00:00:00Z,17432,17567,2616,16703,702,15500,15500,523,17814,438,1770
EUR,2021-12-27T00:00:00Z,18841,18782,2707,17345,1111,16946,16946,487,18033,842,2289
EUR,2021-12-28T00:00:00Z,16994,17025,2698,15696,993,15140,15140,509,16320,1056,2012
EUR,2021-12-29T00:00:00Z,17500,17525,2860,16215,943,15589,15589,583,16950,1134,1935
EUR,2021-12-30T00:00:00Z,18095,18145,2833,16786,1041,16152,16152,573,17599,1148,1914
EUR,2021-12-31T00:00:00Z,14452,14383,2712,13303,643,12667,12667,491,14696,808,1155
EUR,2022-01-01T00:00:00Z,12951,13063,2509,12464,363,11209,11209,531,14053,364,919
EUR,2022-01-02T00:00:00Z,19397,19359,2783,18281,1021,17241,17241,571,19294,440,2352
EUR,2022-01-03T00:00:00Z,19169,19102,2750,17586,1199,17255,17255,519,18372,826,2337
EUR,2022-01-04T00:00:00Z,17003,16956,2711,15217,1342,15166,15166,477,15781,1084,2405
EUR,2022-01-05T00:00:00Z,16740,16769,2833,15033,1258,14908,14908,524,15758,1078,2289
EUR,2022-01-06T00:00:00Z,16705,16720,2757,14901,1476,14813,14813,523,15836,962,2337
EUR,2022-01-07T00:00:00Z,18422,18415,2868,16734,1307,16470,16470,543,17646,972,2292
EUR,2022-01-08T00:00:00Z,15680,15673,2791,14667,845,13611,13611,562,15832,541,1931
EUR,2022-01-09T00:00:00Z,17855,17820,2803,16884,852,15711,15711,576,17869,539,2132
EUR,2022-01-10T00:00:00Z,16045,15982,2681,14249,1349,14245,14245,498,14893,925,2462
EUR,2022-01-11T00:00:00Z,13936,13903,2637,11838,1619,12228,12228,483,12162,1133,2799
EUR,2022-01-12T00:00:00Z,13904,13927,2784,11759,1627,12166,12166,506,12222,1162,2787
EUR,2022-01-13T00:00:00Z,14483,14490,2726,12294,1676,12757,12757,481,12655,1169,2873
EUR,2022-01-14T00:00:00Z,16524,16530,2777,14381,1649,14699,14699,453,14887,1084,2837
EUR,2022-01-15T00:00:00Z,12761,12755,2644,11419,1011,10925,10925,484,12722,561,1792
EUR,2022-01-16T00:00:00Z,14736,14702,2618,13508,950,12839,12839,478,14557,549,1971
EUR,2022-01-17T00:00:00Z,15001,14903,2532,12885,1599,13328,13328,440,13383,949,2684
EUR,2022-01-18T00:00:00Z,13131,13073,2548,10814,1745,11531,11531,435,11002,1175,2931
EUR,2022-01-19T00:00:00Z,13738,13783,2696,11167,1958,12117,12117,418,11413,1192,3217
EUR,2022-01-20T00:00:00Z,14577,14583,2657,12276,1758,12897,12897,429,12382,1205,3105
EUR,2022-01-21T00:00:00Z,16609,16615,2708,14210,1864,14841,14841,400,14582,1109,3092
EUR,2022-01-22T00:00:00Z,12471,12519,2634,11241,908,10675,10675,469,12441,596,1747
EUR,2022-01-23T00:00:00Z,14532,14463,2590,13102,1059,12672,12672,428,14170,539,2042
EUR,2022-01-24T00:00:00Z,14254,14098,2395,11936,1735,12667,12667,382,12316,889,2862
EUR,2022-01-25T00:00:00Z,11931,11889,2281,9725,1676,10528,10528,391,9830,1086,2767
EUR,2022-01-26T00:00:00Z,13272,13386,2559,10987,1729,11771,11771,389,11082,1226,2968
EUR,2022-01-27T00:00:00Z,14329,14390,2623,12074,1750,12681,12681,410,12152,1167,3129
EUR,2022-01-28T00:00:00Z,16528,16565,2744,14132,1852,14773,14773,409,14475,1119,3135
EUR,2022-01-29T00:00:00Z,12425,12390,2522,11174,864,10667,10667,412,12208,601,1751
EUR,2022-01-30T00:00:00Z,14762,14823,2522,13382,1095,12981,12981,396,14329,551,2120
EUR,2022-01-31T00:00:00Z,14566,14453,2540,12556,1437,12915,12915,429,12927,959,2647
EUR,2022-02-01T00:00:00Z,13778,13779,2471,11790,1459,12246,12246,410,11886,1167,2668
EUR,2022-02-02T00:00:00Z,14533,14529,2586,12165,1781,12928,12928,399,12271,1215,3047
EUR,2022-02-03T00:00:00Z,15688,15712,2573,13264,1943,14028,14028,409,13277,1188,3316
EUR,2022-02-04T00:00:00Z,17362,17380,2621,15073,1757,15692,15692,402,15383,1084,2985
EUR,2022-02-05T00:00:00Z,13987,14044,2542,12468,1192,12256,12256,428,13663,575,1965
EUR,2022-02-06T00:00:00Z,15738,15673,2522,14550,875,13899,13899,436,15504,532,1912
EUR,2022-02-07T00:00:00Z,16271,16187,2452,14098,1715,14590,14590,398,14547,908,2811
EUR,2022-02-08T00:00:00Z,14319,14316,2417,12073,1808,12750,12750,413,12113,1142,3043
EUR,2022-02-09T00:00:00Z,15259,15270,2596,12635,2098,13610,13610,411,12615,1176,3539
EUR,2022-02-10T00:00:00Z,16725,16718,2629,14163,2150,14921,14921,420,14140,1193,3609
EUR,2022-02-11T00:00:00Z,18938,18993,2665,16521,2062,17110,17110,428,16640,1091,3518
EUR,2022-02-12T00:00:00Z,15701,15731,2647,13927,1540,13774,13774,457,14775,587,2753
EUR,2022-02-13T00:00:00Z,16869,16827,2601,15401,1254,14876,14876,437,16305,566,2386
EUR,2022-02-14T00:00:00Z,16963,16887,2511,14941,1567,15214,15214,384,15277,960,2783
EUR,2022-02-15T00:00:00Z,15171,15143,2538,12961,1749,13471,13471,406,12946,1166,3137
EUR,2022-02-16T00:00:00Z,15575,15569,2688,13314,1749,13823,13823,431,13395,1196,3161
EUR,2022-02-17T00:00:00Z,16423,16412,2648,14367,1639,14591,14591,411,14548,1177,2930
EUR,2022-02-18T00:00:00Z,17660,17706,2638,15871,1557,15747,15747,447,16102,1027,2937
EUR,2022-02-19T00:00:00Z,16051,16079,2751,14668,1216,13975,13975,481,15397,625,2614
EUR,2022-02-20T00:00:00Z,17179,17161,2666,15994,1067,15086,15086,474,16653,533,2542
EUR,2022-02-21T00:00:00Z,16843,16756,2529,15225,1247,15002,15002,405,15523,963,2516
EUR,2022-02-22T00:00:00Z,15705,15655,2537,13449,1847,13955,13955,429,13351,1165,3318
EUR,2022-02-23T00:00:00Z,16455,16478,2638,13822,2243,14687,14687,458,13849,1208,3647
EUR,2022-02-24T00:00:00Z,17368,17418,2693,14840,2123,15546,15546,416,14817,1175,3664
EUR,2022-02-25T00:00:00Z,19244,19244,2821,16890,1926,17287,17287,437,17104,1108,3426
EUR,2022-02-26T00:00:00Z,16000,15994,2735,14300,1430,13999,13999,471,15157,574,2735
EUR,2022-02-27T00:00:00Z,17680,17641,2654,15950,1446,15708,15708,438,16626,528,2897
EUR,2022-02-28T00:00:00Z,18250,18172,2633,15757,1983,16444,16444,396,16018,911,3445
EUR,2022-03-01T00:00:00Z,16764,16751,2585,14256,2033,15067,15067,427,14358,1092,3425
EUR,2022-03-02T00:00:00Z,17316,17366,2769,14612,2176,15572,15572,448,14802,1145,3611
EUR,2022-03-03T00:00:00Z,18349,18364,2785,15667,2207,16509,16509,456,15734,1167,3759
EUR,2022-03-04T00:00:00Z,20316,20340,2886,17710,2157,18352,18352,450,17914,1098,3742
EUR,2022-03-05T00:00:00Z,16321,16340,2802,14740,1271,14315,14315,468,15740,551,2523
EUR,2022-03-06T00:00:00Z,18139,18087,2787,16515,1299,16092,16092,468,17521,545,2536
EUR,2022-03-07T00:00:00Z,18654,18565,2749,16369,1774,16761,16761,434,16846,927,3119
EUR,2022-03-08T00:00:00Z,16742,16724,2618,14252,1968,15005,15005,378,14337,1131,3371
EUR,2022-03-09T00:00:00Z,17413,17426,2786,14599,2170,15649,15649,366,14799,1149,3608
EUR,2022-03-10T00:00:00Z,18513,18527,2773,15647,2291,16688,16688,359,15721,1193,3797
EUR,2022-03-11T00:00:00Z,19565,19584,2819,17166,1852,17676,17676,365,17483,1057,3298
EUR,2022-03-12T00:00:00Z,15400,15361,2639,13783,1178,13520,13520,360,14845,516,2240
EUR,2022-03-13T00:00:00Z,17799,17814,2729,16205,1165,15864,15864,351,17117,592,2391
EUR,2022-03-14T00:00:00Z,18730,18669,2723,16310,1843,16875,16875,353,16602,933,3342
EUR,2022-03-15T00:00:00Z,17041,17030,2606,14556,1928,15324,15324,343,14508,1154,3428
EUR,2022-03-16T00:00:00Z,17832,17842,2845,14961,2191,16044,16044,368,15143,1223,3632
EUR,2022-03-17T00:00:00Z,18737,18767,2803,16100,2073,16892,16892,364,16171,1196,3609
EUR,2022-03-18T00:00:00Z,20408,20421,2914,17708,2098,18468,18468,359,17977,1119,3624
EUR,2022-03-19T00:00:00Z,15955,15991,2746,14358,1184,13993,13993,336,15470,575,2244
EUR,2022-03-20T00:00:00Z,18428,18430,2806,16741,1309,16351,16351,350,17671,564,2622
EUR,2022-03-21T00:00:00Z,19101,18987,2656,16700,1841,17220,17220,330,16936,940,3322
EUR,2022-03-22T00:00:00Z,17021,16997,2636,14337,2088,15279,15279,323,14355,1144,3563
EUR,2022-03-23T00:00:00Z,18080,18112,2811,15267,2190,16270,16270,346,15302,1206,3760
EUR,2022-03-24T00:00:00Z,19170,19182,2797,16315,2297,17289,17289,347,16346,1229,3835
EUR,2022-03-25T00:00:00Z,20646,20684,2908,17876,2214,18677,18677,346,18153,1118,3728
EUR,2022-03-26T00:00:00Z,16403,16480,2715,14777,1309,14414,14414,332,15851,592,2358
EUR,2022-03-27T00:00:00Z,20243,20241,2867,18639,1233,18112,18112,368,19694,560,2486
EUR,2022-03-28T00:00:00Z,21769,21670,2825,19112,2058,19788,19788,344,19585,916,3494
EUR,2022-03-29T00:00:00Z,20413,20380,2854,17702,2093,18487,18487,344,18067,1118,3465
EUR,2022-03-30T00:00:00Z,20769,20772,2933,18179,1933,18861,18861,366,18530,1173,3343
EUR,2022-03-31T00:00:00Z,21435,21470,2928,19095,1819,19440,19440,378,19324,1176,3343
EUR,2022-04-01T00:00:00Z,22573,22573,2978,20522,1500,20501,20501,355,20942,1056,3002
EUR,2022-04-02T00:00:00Z,18532,18599,2914,17213,883,16460,16460,340,18574,566,1871
EUR,2022-04-03T00:00:00Z,20651,20598,2914,19025,1142,18515,18515,348,20255,585,2242
EUR,2022-04-04T00:00:00Z,21856,21778,2822,19503,1729,19912,19912,333,20091,893,3071
EUR,2022-04-05T00:00:00Z,20575,20548,2887,18063,1808,18706,18706,342,18489,1129,3141
EUR,2022-04-06T00:00:00Z,21688,21690,2937,18937,2046,19803,19803,346,19226,1144,3551
EUR,2022-04-07T00:00:00Z,22249,22307,2986,19893,1761,20279,20279,363,20206,1179,3255
EUR,2022-04-08T00:00:00Z,23886,23911,3053,21396,1911,21790,21790,354,21783,1050,3528
EUR,2022-04-09T00:00:00Z,20000,20050,2980,18306,1196,17891,17891,324,19609,551,2323
EUR,2022-04-10T00:00:00Z,21551,21522,2993,19807,1274,19354,19354,355,21006,571,2497
EUR,2022-04-11T00:00:00Z,22595,22533,2921,19888,2080,20583,20583,345,20590,915,3385
EUR,2022-04-12T00:00:00Z,21602,21562,2909,18881,2075,19633,19633,335,19360,1105,3401
EUR,2022-04-13T00:00:00Z,22738,22767,2975,19819,2326,20755,20755,370,20240,1144,3736
EUR,2022-04-14T00:00:00Z,23422,23456,2997,20565,2418,21288,21288,391,20904,1075,4002
EUR,2022-04-15T00:00:00Z,22420,22452,2973,20036,1933,20307,20307,377,21058,813,3071
EUR,2022-04-16T00:00:00Z,19841,19863,2945,18228,1236,17638,17638,344,19816,500,2094
EUR,2022-04-17T00:00:00Z,20775,20730,2976,19424,931,18539,18539,365,21025,439,1867
