APT_ICAO,DATE,PHASE,N_VALID,(-1e+09.-60],(-60.-55],(-55.-50],(-50.-45],(-45.-40],(-40.-35],(-35.-30],(-30.-25],(-25.-20],(-20.-15],(-15.-10],(-10.-5],(-5.0],(0.5],(5.10],(10.15],(15.20],(20.25],(25.30],(30.35],(35.40],(40.45],(45.50],(50.55],(55.60],(60.1e+09],EARLY_M15M05,EARLY_M05M00,LATE_P00P05,LATE_P05P15,WITHIN_M05P05,WITHIN_M15P15
SBBR,2019-01,ARR,5477,2,0,2,1,7,22,50,180,442,739,829,826,698,510,286,216,143,112,76,55,43,35,32,18,24,127,0.30217,0.12744,0.09312,0.09166,0.22056,0.61439
SBBR,2020-01,ARR,5524,2,2,7,2,7,16,33,87,293,582,771,834,747,710,437,262,198,116,95,57,44,22,25,14,18,139,0.29055,0.13523,0.12853,0.12654,0.26376,0.68085
SBBR,2021-01,ARR,3693,3,0,0,0,2,8,51,171,399,665,684,599,394,269,131,87,59,49,29,23,16,8,6,8,5,24,0.34741,0.10669,0.07284,0.05903,0.17953,0.58597
SBBR,2022-01,ARR,4529,0,0,0,3,9,15,33,97,296,628,810,757,527,459,224,165,124,86,59,46,25,23,17,11,17,95,0.34599,0.11636,0.10135,0.08589,0.21771,0.64959
SBBR,2019-02,ARR,4829,2,0,1,2,4,12,35,143,314,594,712,732,550,512,298,206,170,130,79,62,57,29,27,26,22,110,0.29903,0.1139,0.10603,0.10437,0.21992,0.62332
SBBR,2020-02,ARR,4789,5,1,5,7,5,25,27,107,276,565,758,783,633,543,271,193,132,107,71,40,34,21,25,19,17,117,0.32178,0.13218,0.11338,0.09689,0.24556,0.66423
SBBR,2021-02,ARR,2778,1,0,0,0,0,12,42,121,301,486,596,437,294,191,77,62,40,22,16,14,15,11,9,2,3,25,0.37185,0.10583,0.06875,0.05004,0.17459,0.59647
SBBR,2022-02,ARR,3455,0,0,0,2,7,13,34,127,318,527,705,630,418,277,120,86,58,33,26,8,18,10,4,2,2,29,0.3864,0.12098,0.08017,0.05962,0.20116,0.64718
SBBR,2019-03,ARR,5137,3,1,0,0,1,15,61,189,427,767,906,781,581,419,238,160,114,94,60,46,36,25,26,29,17,139,0.3284,0.1131,0.08157,0.07748,0.19467,0.60055
SBBR,2020-03,ARR,3739,1,0,6,5,10,12,40,121,275,534,696,677,508,324,139,102,66,42,39,13,17,10,9,9,5,69,0.36721,0.13587,0.08665,0.06446,0.22252,0.65419
SBBR,2021-03,ARR,2400,0,0,0,0,2,7,38,114,300,497,536,393,243,124,48,21,16,10,16,6,4,3,0,3,3,16,0.38708,0.10125,0.05167,0.02875,0.15292,0.56875
SBBR,2022-03,ARR,3702,0,0,2,0,4,9,28,115,334,635,784,660,428,279,136,74,50,37,30,10,13,11,10,6,3,42,0.39006,0.11561,0.07536,0.05673,0.19098,0.63776
SBBR,2019-04,ARR,4766,2,0,1,0,3,14,63,153,360,723,865,732,545,421,241,142,97,78,53,42,48,21,20,20,13,106,0.33508,0.11435,0.08833,0.08036,0.20269,0.61813
SBBR,2020-04,ARR,286,5,0,0,0,0,3,13,27,44,38,42,30,25,15,9,4,6,1,5,0,5,2,1,3,2,6,0.25175,0.08741,0.05245,0.04545,0.13986,0.43706
SBBR,2021-04,ARR,1688,1,0,2,2,6,9,31,85,215,318,409,272,153,76,34,19,17,8,7,3,1,2,6,0,2,9,0.40344,0.09064,0.04502,0.0314,0.13566,0.5705
SBBR,2022-04,ARR,3307,0,0,0,0,1,2,21,96,245,468,663,617,409,290,150,87,54,54,25,33,13,16,11,3,4,43,0.38706,0.12368,0.08769,0.07167,0.21137,0.67009
SBBR,2019-05,ARR,4787,0,0,0,0,2,12,70,208,481,810,913,764,532,396,175,117,75,57,27,24,21,11,17,10,8,54,0.35032,0.11113,0.08272,0.061,0.19386,0.60518
SBBR,2020-05,ARR,340,1,0,0,0,3,1,7,15,26,35,56,53,37,29,17,18,11,8,10,3,2,1,0,0,1,4,0.32059,0.10882,0.08529,0.10294,0.19412,0.61765
SBBR,2021-05,ARR,2336,0,1,3,6,3,9,39,96,218,405,492,452,282,168,59,27,19,11,10,4,1,2,2,7,0,19,0.40411,0.12072,0.07192,0.03682,0.19264,0.63356
SBBR,2022-05,ARR,3771,1,0,0,3,2,8,21,92,216,453,654,664,574,445,182,136,79,59,39,26,16,13,17,12,7,49,0.34951,0.15221,0.11801,0.08433,0.27022,0.70406
SBBR,2019-06,ARR,4397,1,0,0,2,2,16,79,191,444,722,880,700,454,320,177,108,68,61,37,27,22,13,12,4,3,52,0.35934,0.10325,0.07278,0.06482,0.17603,0.60018
SBBR,2020-06,ARR,589,0,0,0,0,0,0,3,23,62,82,91,92,85,60,32,15,12,1,2,11,1,1,0,3,0,13,0.3107,0.14431,0.10187,0.0798,0.24618,0.63667
SBBR,2021-06,ARR,2688,0,0,2,0,2,4,10,68,234,403,587,573,369,218,78,47,24,8,14,5,3,4,2,3,3,25,0.43155,0.13728,0.0811,0.0465,0.21838,0.69643
SBBR,2019-07,ARR,5240,5,0,0,0,2,20,52,148,420,783,976,861,624,480,248,177,109,69,54,50,23,24,21,13,9,71,0.35057,0.11908,0.0916,0.08111,0.21069,0.64237
SBBR,2020-07,ARR,1255,1,0,0,1,0,6,26,82,165,244,234,205,125,63,30,22,13,5,6,3,4,1,1,5,2,11,0.3498,0.0996,0.0502,0.04143,0.1498,0.54104
SBBR,2021-07,ARR,3497,1,0,0,0,4,7,37,123,302,562,763,637,428,288,120,68,36,28,16,15,9,10,4,7,4,26,0.40034,0.12239,0.08236,0.05376,0.20475,0.65885
SBBR,2019-08,ARR,4803,3,0,0,1,5,12,48,140,339,626,817,817,655,537,218,162,104,78,57,42,26,25,14,12,9,54,0.3402,0.13637,0.11181,0.07912,0.24818,0.6675
SBBR,2020-08,ARR,1831,0,0,0,1,1,2,12,67,161,316,400,330,233,141,53,29,17,15,14,7,2,6,2,3,0,19,0.39869,0.12725,0.07701,0.04478,0.20426,0.64773
SBBR,2021-08,ARR,3603,1,0,0,0,2,5,24,101,281,587,765,771,440,280,114,54,48,33,21,8,12,11,7,4,5,29,0.42631,0.12212,0.07771,0.04663,0.19983,0.67277
SBBR,2019-09,ARR,4869,1,0,0,5,7,22,57,128,344,662,874,855,621,446,230,151,109,94,73,34,28,22,14,10,12,68,0.3551,0.12754,0.0916,0.07825,0.21914,0.6525
SBBR,2020-09,ARR,2498,0,0,0,0,0,2,19,57,181,449,552,501,340,201,71,38,19,14,9,10,7,2,8,2,2,14,0.42154,0.13611,0.08046,0.04363,0.21657,0.68175
SBBR,2021-09,ARR,3846,0,0,0,0,0,3,14,92,316,649,833,735,480,325,129,75,49,41,16,17,14,7,6,5,8,32,0.4077,0.1248,0.0845,0.05304,0.20931,0.67005
SBBR,2019-10,ARR,5194,1,0,3,6,12,11,31,100,327,636,918,918,710,544,283,182,143,86,65,55,21,26,15,12,10,79,0.35348,0.1367,0.10474,0.08953,0.24143,0.68444
SBBR,2020-10,ARR,3135,1,0,0,0,4,5,15,95,248,488,644,603,408,281,115,68,36,27,18,14,12,9,4,2,2,34,0.39777,0.13014,0.08963,0.05837,0.21978,0.67592
SBBR,2021-10,ARR,4021,1,0,0,0,1,4,11,68,238,553,798,808,575,372,169,97,72,57,42,19,21,8,10,7,8,79,0.3994,0.143,0.09251,0.06615,0.23551,0.70107
SBBR,2019-11,ARR,5195,1,2,4,8,11,17,26,78,210,484,737,842,753,614,344,265,164,135,95,82,56,39,25,13,26,155,0.30395,0.14495,0.11819,0.11723,0.26314,0.68431
SBBR,2020-11,ARR,3090,1,0,0,0,0,3,28,77,223,351,514,512,452,333,189,115,71,63,34,29,22,14,8,11,4,35,0.33204,0.14628,0.10777,0.09838,0.25405,0.68447
SBBR,2021-11,ARR,4254,1,0,0,1,3,1,16,66,225,461,680,734,563,519,259,194,115,98,58,47,26,32,22,19,15,97,0.33239,0.13235,0.122,0.10649,0.25435,0.69323
SBBR,2019-12,ARR,5305,2,0,3,5,2,8,42,91,248,457,680,794,736,625,348,263,211,160,105,81,83,56,49,40,33,180,0.27785,0.13874,0.11781,0.11517,0.25655,0.64958
SBBR,2020-12,ARR,3708,0,0,1,1,2,11,36,139,323,582,699,606,469,304,169,93,54,58,35,27,16,16,12,9,5,41,0.35194,0.12648,0.08198,0.07066,0.20847,0.63107
SBBR,2021-12,ARR,4703,1,0,0,0,4,10,43,114,249,425,650,745,652,548,307,200,183,141,81,71,46,38,35,26,11,116,0.29662,0.13863,0.11652,0.1078,0.25516,0.65958
SBCF,2019-01,ARR,4185,0,0,0,1,2,0,11,32,142,405,661,695,638,496,291,193,150,95,68,60,38,34,27,23,16,107,0.32401,0.15245,0.11852,0.11565,0.27097,0.71063
SBCF,2020-01,ARR,4429,9,5,3,1,5,3,19,51,176,346,560,678,683,549,307,246,165,127,86,68,64,53,26,31,27,136,0.27952,0.15421,0.12396,0.12486,0.27817,0.68255
SBCF,2021-01,ARR,3035,2,0,1,0,0,2,10,71,212,454,582,524,424,276,138,88,65,45,21,20,20,5,4,7,11,51,0.36442,0.1397,0.09094,0.07446,0.23064,0.66952
SBCF,2022-01,ARR,3391,1,0,0,2,1,4,8,22,77,260,490,566,530,455,240,179,129,99,56,57,38,35,21,16,16,88,0.31141,0.1563,0.13418,0.12356,0.29047,0.72545
SBCF,2019-02,ARR,3774,0,0,0,1,3,1,10,33,106,285,540,605,574,455,286,220,144,110,74,64,48,33,33,37,14,98,0.30339,0.15209,0.12056,0.13408,0.27266,0.71012
SBCF,2020-02,ARR,3814,1,0,2,2,1,7,16,54,201,489,645,615,502,386,218,162,94,90,60,53,28,28,30,26,18,82,0.33036,0.13162,0.10121,0.09963,0.23283,0.66282
SBCF,2021-02,ARR,2129,1,0,0,0,1,1,7,46,160,364,459,380,276,182,80,57,24,15,16,11,10,6,3,8,4,18,0.39408,0.12964,0.08549,0.06435,0.21512,0.67356
SBCF,2022-02,ARR,2699,0,0,0,0,0,1,5,32,150,425,594,521,399,226,113,61,44,35,22,12,11,8,5,5,3,27,0.41312,0.14783,0.08373,0.06447,0.23157,0.70915
SBCF,2019-03,ARR,3983,0,0,0,1,2,4,16,57,199,478,698,711,526,420,218,147,105,69,49,41,36,24,17,17,20,127,0.35375,0.13206,0.10545,0.09164,0.23751,0.6829
SBCF,2020-03,ARR,2858,0,0,1,2,4,5,16,67,231,404,549,532,362,263,112,89,48,34,18,17,15,15,11,8,8,47,0.37824,0.12666,0.09202,0.07033,0.21868,0.66725
SBCF,2021-03,ARR,2161,0,0,0,0,2,1,7,58,211,378,505,391,251,152,59,45,18,20,14,10,4,5,3,3,2,22,0.41462,0.11615,0.07034,0.04813,0.18649,0.64924
SBCF,2022-03,ARR,3047,0,1,0,1,0,4,6,51,185,468,652,631,412,255,122,66,52,33,19,14,10,12,5,6,5,36,0.42107,0.13521,0.08369,0.0617,0.2189,0.70167
SBCF,2019-04,ARR,3832,0,0,0,0,0,2,10,60,194,398,636,622,548,467,245,194,107,71,52,45,33,18,11,12,15,92,0.32829,0.14301,0.12187,0.11456,0.26487,0.70772
SBCF,2020-04,ARR,297,0,0,0,0,0,1,2,13,29,47,36,38,38,27,18,17,9,1,4,2,0,1,0,1,1,12,0.24916,0.12795,0.09091,0.11785,0.21886,0.58586
SBCF,2021-04,ARR,1683,0,0,2,2,2,3,13,48,158,315,426,297,183,86,43,32,23,10,6,6,8,3,0,1,3,13,0.42959,0.10873,0.0511,0.04456,0.15983,0.63399
SBCF,2022-04,ARR,3119,2,0,0,0,2,2,11,32,174,449,639,657,449,291,106,92,51,34,31,14,16,5,13,5,4,40,0.41552,0.14396,0.0933,0.06348,0.23726,0.71626
SBCF,2019-05,ARR,3991,1,1,2,2,1,2,9,68,264,502,727,716,574,404,200,122,78,68,49,33,20,22,15,8,14,88,0.36156,0.14382,0.10123,0.08068,0.24505,0.6873
SBCF,2020-05,ARR,359,0,0,0,0,0,0,5,18,34,60,68,50,45,20,13,6,2,9,3,2,3,1,0,0,1,19,0.32869,0.12535,0.05571,0.05292,0.18106,0.56267
SBCF,2021-05,ARR,1932,0,2,1,3,1,5,14,54,152,335,468,369,236,147,47,23,20,9,12,5,6,5,4,2,0,12,0.43323,0.12215,0.07609,0.03623,0.19824,0.6677
SBCF,2022-05,ARR,3535,0,0,0,1,1,1,9,56,196,465,693,690,515,374,149,89,65,45,25,27,16,19,14,5,9,71,0.39123,0.14569,0.1058,0.06733,0.25149,0.71004
SBCF,2019-06,ARR,3951,0,0,0,0,0,1,17,67,223,460,686,736,601,448,215,131,78,49,48,37,32,21,19,12,8,62,0.35991,0.15211,0.11339,0.08757,0.2655,0.71298
SBCF,2020-06,ARR,457,1,0,0,0,0,4,3,20,57,89,81,80,49,17,12,14,7,3,3,4,1,1,1,0,1,9,0.3523,0.10722,0.0372,0.05689,0.14442,0.55361
SBCF,2021-06,ARR,2127,0,0,1,1,2,7,9,37,135,300,450,431,307,196,102,55,26,19,10,4,4,8,4,4,1,14,0.4142,0.14433,0.09215,0.07381,0.23648,0.72449
SBCF,2019-07,ARR,4492,0,0,0,0,0,6,6,72,215,432,777,844,648,526,268,179,144,85,61,51,34,23,24,12,9,76,0.36086,0.14426,0.1171,0.09951,0.26135,0.72173
SBCF,2020-07,ARR,716,0,1,0,0,2,6,7,34,100,147,136,107,63,37,17,13,8,6,4,1,0,2,1,0,1,21,0.33939,0.08799,0.05168,0.0419,0.13966,0.52095
SBCF,2021-07,ARR,2775,0,0,1,1,2,4,5,37,159,408,581,551,412,250,115,73,46,23,22,12,17,5,7,3,7,34,0.40793,0.14847,0.09009,0.06775,0.23856,0.71423
SBCF,2019-08,ARR,4276,0,0,0,0,1,4,10,48,182,393,644,775,676,587,318,211,109,79,55,38,31,26,12,13,7,57,0.33185,0.15809,0.13728,0.12371,0.29537,0.75094
SBCF,2020-08,ARR,1043,1,0,1,0,0,3,15,61,141,179,223,167,109,59,29,11,11,2,6,1,1,1,0,2,3,17,0.37392,0.10451,0.05657,0.03835,0.16107,0.57335
SBCF,2021-08,ARR,2816,2,0,0,0,1,4,16,63,175,495,670,601,335,193,87,45,30,17,11,5,9,7,5,4,5,36,0.45135,0.11896,0.06854,0.04688,0.1875,0.68572
SBCF,2019-09,ARR,4104,0,0,0,1,2,3,7,49,166,362,572,686,636,539,302,178,147,108,63,54,46,28,25,18,11,99,0.30653,0.15497,0.13134,0.11696,0.28631,0.7098
SBCF,2020-09,ARR,1361,0,0,0,0,1,2,4,29,112,227,247,294,183,120,46,32,24,6,6,3,3,3,2,2,1,9,0.3975,0.13446,0.08817,0.05731,0.22263,0.67744
SBCF,2021-09,ARR,2974,0,0,0,1,2,1,9,40,205,435,658,666,342,270,101,66,44,31,19,15,9,7,8,5,4,36,0.44519,0.115,0.09079,0.05615,0.20578,0.70713
SBCF,2019-10,ARR,4263,0,0,0,0,0,0,7,43,125,360,577,685,645,604,311,215,155,118,87,64,52,35,25,18,13,123,0.29604,0.1513,0.14168,0.12339,0.29299,0.71241
SBCF,2020-10,ARR,1819,2,0,0,0,0,2,5,39,139,246,389,347,238,169,81,61,22,15,9,11,9,5,6,1,3,20,0.40462,0.13084,0.09291,0.07806,0.22375,0.70643
SBCF,2021-10,ARR,3055,2,1,1,0,3,0,6,38,132,375,538,628,418,334,165,107,64,56,31,32,19,17,8,7,11,60,0.38167,0.13682,0.10933,0.08903,0.24615,0.71686
SBCF,2019-11,ARR,3981,0,0,0,0,2,2,10,41,119,288,475,627,649,581,279,203,168,129,100,58,43,26,32,16,17,114,0.27681,0.16302,0.14594,0.12108,0.30897,0.70686
SBCF,2020-11,ARR,2236,0,0,0,0,0,0,10,27,112,280,364,389,293,267,128,94,68,55,29,23,11,13,9,8,9,47,0.33676,0.13104,0.11941,0.09928,0.25045,0.68649
SBCF,2021-11,ARR,2938,0,0,0,0,1,3,3,19,86,244,445,495,413,379,186,147,111,78,47,41,41,18,17,19,10,130,0.31995,0.14057,0.129,0.11334,0.26957,0.70286
SBCF,2019-12,ARR,4245,0,0,0,1,1,0,9,39,134,264,523,673,613,568,337,262,195,114,95,87,54,52,29,26,23,144,0.28174,0.14441,0.1338,0.14111,0.27821,0.70106
SBCF,2020-12,ARR,2749,0,0,0,0,1,2,10,44,180,390,472,462,352,285,145,114,50,51,35,33,21,14,15,9,13,51,0.33976,0.12805,0.10367,0.09422,0.23172,0.6657
SBCF,2021-12,ARR,3618,0,0,0,1,0,0,5,28,79,276,501,575,508,475,293,201,149,113,78,78,41,33,36,26,16,104,0.2974,0.14041,0.13129,0.13654,0.2717,0.70564
SBGR,2019-01,ARR,12490,29,25,26,31,39,90,233,413,775,1097,1367,1378,1279,1236,825,653,557,418,356,256,180,155,159,129,101,658,0.21978,0.1024,0.09896,0.11833,0.20136,0.53947
SBGR,2020-01,ARR,12881,2,5,9,26,60,121,264,563,992,1359,1651,1640,1335,1288,762,599,424,339,247,195,167,122,102,67,62,467,0.25549,0.10364,0.09999,0.10566,0.20363,0.56479
SBGR,2021-01,ARR,8270,27,11,7,13,29,79,268,586,1050,1361,1269,997,736,567,330,206,142,116,82,61,47,37,35,22,22,161,0.274,0.089,0.06856,0.06481,0.15756,0.49637
SBGR,2022-01,ARR,9259,5,9,13,27,45,94,202,435,750,1043,1249,1236,1002,845,495,339,299,224,181,125,95,78,63,50,38,305,0.26839,0.10822,0.09126,0.09007,0.19948,0.55794
SBGR,2019-02,ARR,10880,27,15,17,25,69,133,219,472,789,1131,1334,1267,1136,1104,678,522,363,298,211,182,149,98,90,71,52,417,0.23906,0.10441,0.10147,0.11029,0.20588,0.55524
SBGR,2020-02,ARR,11311,13,10,16,35,64,147,310,559,995,1327,1486,1388,1212,1042,618,440,348,237,171,155,76,102,76,60,46,364,0.25409,0.10715,0.09212,0.09354,0.19928,0.5469
SBGR,2021-02,ARR,6338,15,9,9,13,28,88,207,485,851,1121,1019,793,519,340,221,146,100,66,54,45,13,24,18,20,14,112,0.28589,0.08189,0.05364,0.0579,0.13553,0.47933
SBGR,2022-02,ARR,7435,11,5,9,14,39,93,203,410,850,1115,1211,1058,767,561,281,183,147,75,80,67,38,26,16,21,11,135,0.30518,0.10316,0.07545,0.06241,0.17861,0.5462
SBGR,2019-03,ARR,11460,26,13,17,35,62,135,289,531,946,1322,1526,1411,1144,1046,594,495,351,262,184,157,126,92,88,69,49,479,0.25628,0.09983,0.09127,0.09503,0.1911,0.54241
SBGR,2020-03,ARR,8916,8,9,19,36,65,141,329,613,1069,1351,1367,1129,819,650,395,235,147,102,72,62,44,22,21,17,13,175,0.27995,0.09186,0.0729,0.07066,0.16476,0.51537
SBGR,2021-03,ARR,5541,39,4,17,27,47,115,279,529,810,1025,913,590,357,270,129,92,64,39,26,27,19,10,13,5,10,81,0.27125,0.06443,0.04873,0.03988,0.11316,0.42429
SBGR,2022-03,ARR,7066,9,3,3,9,27,60,179,403,782,1041,1154,993,700,565,292,188,133,103,61,67,42,32,20,21,20,152,0.30385,0.09907,0.07996,0.06793,0.17903,0.55081
SBGR,2019-04,ARR,10667,11,5,12,13,40,98,215,454,839,1209,1440,1433,1154,992,636,459,358,248,164,158,102,102,63,57,45,352,0.26934,0.10818,0.093,0.10265,0.20118,0.57317
SBGR,2020-04,ARR,1389,11,3,2,7,15,46,106,166,212,201,159,109,81,57,32,32,20,15,11,10,10,7,5,7,4,60,0.19294,0.05832,0.04104,0.04608,0.09935,0.33837
SBGR,2021-04,ARR,4481,24,9,11,23,30,69,147,309,593,844,779,547,326,230,114,81,75,43,35,29,19,15,19,10,10,82,0.29592,0.07275,0.05133,0.04352,0.12408,0.46351
SBGR,2022-04,ARR,6519,5,2,4,6,30,64,191,465,737,1043,1042,900,644,461,217,167,133,64,70,41,34,17,24,20,19,115,0.2979,0.09879,0.07072,0.0589,0.1695,0.52631
SBGR,2019-05,ARR,9922,10,8,13,34,72,166,372,675,1079,1497,1486,1231,961,715,373,309,169,147,108,84,77,39,33,32,21,208,0.27384,0.09686,0.07206,0.06874,0.16892,0.51149
SBGR,2020-05,ARR,1710,7,1,4,6,18,27,56,131,192,217,244,205,158,122,60,56,21,26,19,12,11,12,7,9,2,78,0.26257,0.0924,0.07135,0.06784,0.16374,0.49415
SBGR,2021-05,ARR,5591,20,7,13,25,43,84,200,373,621,907,952,722,516,348,202,129,83,71,48,32,23,21,13,19,5,107,0.29941,0.09229,0.06224,0.0592,0.15453,0.51315
SBGR,2022-05,ARR,7189,1,5,3,13,31,70,155,378,773,1004,1244,1059,755,564,298,206,112,99,79,50,43,27,22,18,21,154,0.32035,0.10502,0.07845,0.07011,0.18347,0.57393
SBGR,2019-06,ARR,9918,4,6,14,33,57,129,255,554,1090,1509,1544,1345,972,784,421,273,176,143,89,70,56,44,42,32,29,238,0.29129,0.098,0.07905,0.06997,0.17705,0.53831
SBGR,2020-06,ARR,2124,10,3,11,11,18,31,56,146,249,315,331,281,194,132,99,54,45,22,17,17,8,7,4,8,4,46,0.28814,0.09134,0.06215,0.07203,0.15348,0.51365
SBGR,2021-06,ARR,6287,10,2,8,25,47,100,185,376,635,945,1034,872,674,461,267,178,89,78,55,27,27,21,11,12,11,125,0.30317,0.10721,0.07333,0.07078,0.18053,0.55448
SBGR,2019-07,ARR,11678,8,6,17,27,58,131,256,564,970,1437,1815,1626,1266,1006,598,467,298,223,169,114,94,59,58,45,38,319,0.29466,0.10841,0.08614,0.0912,0.19455,0.58041
SBGR,2020-07,ARR,3335,23,8,14,23,49,80,212,316,471,554,498,383,252,152,70,40,33,21,16,9,16,7,7,4,3,69,0.26417,0.07556,0.04558,0.03298,0.12114,0.41829
SBGR,2021-07,ARR,8037,12,4,13,20,26,56,142,393,799,1238,1362,1230,880,604,331,197,137,102,66,53,44,36,26,30,15,215,0.32251,0.10949,0.07515,0.0657,0.18465,0.57285
SBGR,2019-08,ARR,11598,13,4,14,48,75,169,290,552,981,1541,1744,1661,1356,1090,579,373,271,185,121,92,72,56,46,34,22,206,0.29359,0.11692,0.09398,0.08208,0.2109,0.58657
SBGR,2020-08,ARR,4397,14,4,14,24,38,58,143,320,490,716,756,631,413,293,136,83,54,31,22,9,15,10,8,10,9,91,0.31544,0.09393,0.06664,0.04981,0.16056,0.52581
SBGR,2021-08,ARR,7799,8,14,19,20,29,70,154,390,916,1281,1416,1118,728,539,279,185,119,96,68,48,40,32,27,23,13,158,0.32491,0.09335,0.06911,0.05949,0.16246,0.54686
SBGR,2019-09,ARR,11352,8,7,21,38,77,144,267,473,829,1320,1626,1595,1370,1124,650,444,312,227,151,104,98,54,57,56,45,245,0.28374,0.12068,0.09901,0.09637,0.2197,0.59981
SBGR,2020-09,ARR,5278,11,6,12,18,33,91,165,359,665,890,960,726,473,311,160,115,70,32,26,21,12,11,11,6,8,80,0.31944,0.08962,0.05892,0.0521,0.14854,0.52008
SBGR,2021-09,ARR,7021,9,1,9,7,14,43,89,247,648,1160,1391,1168,741,538,265,149,139,86,47,44,36,27,18,15,11,113,0.36448,0.10554,0.07663,0.05897,0.18217,0.60561
SBGR,2019-10,ARR,11581,6,6,19,30,58,105,234,460,942,1391,1714,1637,1290,1148,646,470,321,224,159,139,82,77,43,41,30,294,0.28935,0.11139,0.09913,0.09636,0.21052,0.59624
SBGR,2020-10,ARR,6452,22,10,6,13,29,64,148,338,645,1040,1153,921,689,488,248,151,115,61,39,40,28,18,15,23,21,119,0.32145,0.10679,0.07564,0.06184,0.18242,0.56572
SBGR,2021-10,ARR,7160,1,0,2,11,19,37,87,241,566,1037,1263,1163,824,640,334,229,147,109,86,49,42,28,28,27,15,157,0.33883,0.11508,0.08939,0.07863,0.20447,0.62193
SBGR,2019-11,ARR,11207,8,8,28,26,79,140,301,581,956,1382,1517,1339,1174,1026,544,445,315,249,182,156,124,74,65,67,44,364,0.25484,0.10476,0.09155,0.08825,0.19631,0.5394
SBGR,2020-11,ARR,6894,18,6,8,19,40,84,136,383,621,916,1141,976,724,582,329,221,161,117,71,58,54,31,23,10,20,143,0.30708,0.10502,0.08442,0.07978,0.18944,0.5763
SBGR,2021-11,ARR,9027,3,6,12,10,34,62,121,262,519,799,1097,1190,1129,1003,619,457,353,287,226,154,115,82,58,51,38,317,0.25335,0.12507,0.11111,0.1192,0.23618,0.60873
SBGR,2019-12,ARR,12638,7,8,11,30,57,107,260,494,811,1334,1534,1563,1294,1203,792,641,423,356,295,250,170,146,115,103,66,555,0.24505,0.10239,0.09519,0.11339,0.19758,0.55602
SBGR,2020-12,ARR,8158,20,5,3,15,31,95,233,463,808,1194,1173,914,746,639,366,271,217,163,153,107,87,70,56,51,33,239,0.25582,0.09144,0.07833,0.07808,0.16977,0.50368
SBGR,2021-12,ARR,9806,3,1,5,15,31,62,148,272,538,866,1078,1153,1073,1069,644,496,416,323,270,212,165,126,105,96,69,545,0.22751,0.10942,0.10901,0.11626,0.21844,0.56221
SBKP,2019-01,ARR,4532,7,1,2,5,5,20,36,93,197,448,672,698,692,574,296,186,143,99,55,48,36,27,29,17,21,122,0.30229,0.15269,0.12665,0.10635,0.27935,0.688
SBKP,2020-01,ARR,4479,1,2,3,8,13,20,48,120,298,511,656,677,533,478,263,209,121,94,69,47,42,35,33,28,20,146,0.29761,0.119,0.10672,0.10538,0.22572,0.62871
SBKP,2021-01,ARR,4155,52,10,5,10,12,16,37,132,323,581,705,649,497,384,191,120,73,64,39,31,36,29,18,14,15,104,0.32587,0.11961,0.09242,0.07485,0.21203,0.61276
SBKP,2022-01,ARR,3870,12,3,5,10,15,17,33,89,190,353,566,604,469,440,226,168,114,110,76,69,41,26,30,19,19,158,0.30233,0.12119,0.1137,0.10181,0.23488,0.63902
SBKP,2019-02,ARR,4262,13,0,2,4,7,13,29,49,157,395,595,641,609,549,269,189,143,101,66,50,48,46,38,34,21,183,0.29,0.14289,0.12881,0.10746,0.2717,0.66917
SBKP,2020-02,ARR,4143,6,1,2,5,17,36,73,175,347,603,630,580,472,379,196,133,89,70,49,38,38,26,19,18,9,129,0.29206,0.11393,0.09148,0.07941,0.20541,0.57688
SBKP,2021-02,ARR,3513,19,6,7,5,6,13,35,139,287,515,700,577,403,283,140,77,52,37,25,21,12,14,10,14,8,101,0.36351,0.11472,0.08056,0.06177,0.19527,0.62055
SBKP,2022-02,ARR,3856,11,3,3,12,4,30,61,148,345,558,704,668,434,319,146,74,56,34,30,22,18,15,21,9,14,114,0.35581,0.11255,0.08273,0.05705,0.19528,0.60814
SBKP,2019-03,ARR,4439,8,6,5,4,8,23,16,74,251,472,726,716,568,514,285,171,122,86,70,43,32,26,21,18,24,146,0.32485,0.12796,0.11579,0.10273,0.24375,0.67132
SBKP,2020-03,ARR,3163,13,5,5,6,13,29,78,189,358,521,535,459,272,196,123,65,47,46,29,27,21,14,8,9,6,83,0.31426,0.08599,0.06197,0.05944,0.14796,0.52166
SBKP,2021-03,ARR,3790,19,4,8,15,14,29,52,154,380,642,734,602,359,264,124,67,51,38,22,22,17,20,18,8,16,99,0.35251,0.09472,0.06966,0.0504,0.16438,0.56728
SBKP,2022-03,ARR,4103,15,3,1,3,10,25,41,116,319,607,744,765,514,335,161,90,70,47,25,28,25,9,10,14,9,114,0.36778,0.12527,0.08165,0.06117,0.20692,0.63588
SBKP,2019-04,ARR,4362,3,0,5,7,11,7,21,48,212,419,662,726,650,522,267,179,110,101,58,41,52,22,30,23,18,163,0.3182,0.14901,0.11967,0.10225,0.26868,0.68913
SBKP,2020-04,ARR,911,19,6,6,10,13,19,61,100,116,146,119,77,52,37,23,14,13,10,6,3,7,2,1,0,5,38,0.21515,0.05708,0.04061,0.04061,0.09769,0.35346
SBKP,2021-04,ARR,3173,19,5,9,5,17,24,56,134,333,559,599,456,329,209,111,69,43,24,21,15,9,10,9,8,10,86,0.33249,0.10369,0.06587,0.05673,0.16956,0.55878
SBKP,2022-04,ARR,4125,7,2,4,11,15,21,36,119,279,615,740,766,542,350,170,94,70,49,31,31,21,17,7,10,13,104,0.36509,0.13139,0.08485,0.064,0.21624,0.64533
SBKP,2019-05,ARR,4501,6,2,3,5,17,17,36,91,227,545,711,741,594,474,243,156,100,90,65,52,37,32,30,28,23,167,0.32259,0.13197,0.10531,0.08865,0.23728,0.64852
SBKP,2020-05,ARR,1306,19,9,10,16,18,27,75,120,172,204,185,145,91,50,21,26,16,9,9,7,6,7,4,5,3,44,0.25268,0.06968,0.03828,0.03599,0.10796,0.39663
SBKP,2021-05,ARR,3699,21,4,11,7,18,28,57,169,368,519,710,616,404,307,137,74,36,21,29,17,16,6,6,6,3,96,0.35848,0.10922,0.083,0.05704,0.19221,0.60773
SBKP,2022-05,ARR,4664,5,4,8,4,8,22,34,128,294,566,767,801,605,438,194,137,92,87,67,49,37,30,21,32,14,207,0.33619,0.12972,0.09391,0.07097,0.22363,0.63079
SBKP,2019-06,ARR,4412,5,0,1,4,5,12,35,85,239,523,711,724,598,457,310,170,93,77,62,39,40,19,24,19,19,130,0.32525,0.13554,0.10358,0.10879,0.23912,0.67316
SBKP,2020-06,ARR,1628,18,5,8,9,16,27,58,114,180,296,270,210,127,77,38,31,16,10,13,9,5,6,9,4,4,64,0.29484,0.07801,0.0473,0.04238,0.12531,0.46253
SBKP,2021-06,ARR,3876,16,4,13,7,11,28,44,133,290,483,597,644,481,421,192,132,78,47,29,28,21,16,15,15,4,114,0.32018,0.1241,0.10862,0.08359,0.23271,0.63648
SBKP,2019-07,ARR,4722,9,2,2,6,12,16,45,100,249,454,715,757,603,545,259,203,146,85,79,41,46,36,20,20,23,217,0.31173,0.1277,0.11542,0.09784,0.24312,0.65269
SBKP,2020-07,ARR,2045,19,8,5,10,7,20,66,145,242,331,356,285,182,107,56,37,24,14,12,18,8,5,4,10,3,65,0.31345,0.089,0.05232,0.04548,0.14132,0.50024
SBKP,2021-07,ARR,4271,20,10,6,7,20,24,40,101,233,449,668,743,639,507,253,136,85,56,38,27,25,18,13,11,13,120,0.33037,0.14961,0.11871,0.09108,0.26832,0.68977
SBKP,2019-08,ARR,4707,11,3,6,9,18,18,38,96,201,388,663,835,748,634,321,184,113,81,51,37,33,20,16,15,24,137,0.31825,0.15891,0.13469,0.10729,0.29361,0.71914
SBKP,2020-08,ARR,2396,11,5,3,7,11,23,64,161,283,419,404,366,206,146,65,33,30,21,9,13,14,7,6,2,7,73,0.32137,0.08598,0.06093,0.0409,0.14691,0.50918
SBKP,2021-08,ARR,4689,36,9,7,8,13,23,32,131,340,643,936,849,581,386,206,99,68,37,38,34,23,14,15,8,15,128,0.38068,0.12391,0.08232,0.06505,0.20623,0.65195
SBKP,2019-09,ARR,4365,11,3,4,5,12,21,29,71,141,350,565,674,644,564,313,220,163,121,76,54,49,36,31,24,24,153,0.28385,0.14754,0.12921,0.12211,0.27675,0.6827
SBKP,2020-09,ARR,2741,12,3,8,4,9,14,51,86,249,397,522,477,317,234,84,58,23,23,19,19,11,7,10,8,8,83,0.36447,0.11565,0.08537,0.05181,0.20102,0.61729
SBKP,2021-09,ARR,4262,23,1,6,8,16,14,45,78,272,557,789,795,578,418,171,81,76,58,35,34,19,20,14,11,10,123,0.37166,0.13562,0.09808,0.05913,0.23369,0.66448
SBKP,2019-10,ARR,4550,5,1,2,4,9,10,25,51,117,326,569,698,677,572,374,254,172,116,93,60,51,43,30,27,28,231,0.27846,0.14879,0.12571,0.13802,0.27451,0.69099
SBKP,2020-10,ARR,3380,14,3,3,8,12,12,22,87,248,443,541,535,477,350,164,116,61,48,39,16,22,14,20,8,7,100,0.31834,0.14112,0.10355,0.08284,0.24467,0.64586
SBKP,2021-10,ARR,4196,22,4,3,14,22,19,44,69,212,431,701,713,561,483,262,149,79,70,57,45,35,28,23,17,10,112,0.33699,0.1337,0.11511,0.09795,0.24881,0.68375
SBKP,2019-11,ARR,4313,7,3,7,6,8,17,43,82,196,361,587,633,631,529,280,185,154,102,69,68,49,37,40,28,19,165,0.28287,0.1463,0.12265,0.10781,0.26895,0.65963
SBKP,2020-11,ARR,3834,36,8,7,11,14,23,44,102,234,441,588,584,459,381,199,156,113,78,53,32,38,30,17,19,19,135,0.30569,0.11972,0.09937,0.09259,0.21909,0.61737
SBKP,2021-11,ARR,4253,32,4,2,16,11,17,29,56,190,433,617,675,584,421,293,171,143,101,69,55,35,31,21,28,20,185,0.30379,0.13731,0.09899,0.1091,0.2363,0.64919
SBKP,2019-12,ARR,4344,7,0,3,7,12,15,26,103,220,444,603,698,593,502,265,170,151,93,71,58,32,28,37,19,14,168,0.29949,0.13651,0.11556,0.10014,0.25207,0.6517
SBKP,2020-12,ARR,4052,57,11,8,17,19,33,47,115,249,538,616,631,480,403,225,127,89,59,45,39,34,17,21,14,8,136,0.30775,0.11846,0.09946,0.08687,0.21792,0.61254
SBKP,2021-12,ARR,4644,22,3,3,3,6,17,30,69,184,378,542,667,633,636,352,280,150,121,84,60,40,39,32,30,20,229,0.26034,0.1363,0.13695,0.13609,0.27326,0.66968
SBRF,2019-01,ARR,3209,2,2,0,3,3,6,3,10,41,122,295,463,506,539,298,214,156,135,78,72,37,43,31,16,14,119,0.23621,0.15768,0.16797,0.15955,0.32565,0.72141
SBRF,2020-01,ARR,3489,2,1,1,0,3,3,13,35,96,217,378,487,580,502,309,241,157,115,79,56,33,23,36,22,11,85,0.24792,0.16624,0.14388,0.15764,0.31012,0.71568
SBRF,2021-01,ARR,2980,0,0,2,1,1,5,12,34,84,254,389,473,485,440,245,162,113,83,61,28,14,19,12,7,14,42,0.28926,0.16275,0.14765,0.13658,0.3104,0.73624
SBRF,2022-01,ARR,3213,0,0,0,0,0,3,3,9,43,143,338,452,515,548,321,216,158,107,81,66,47,32,16,20,17,77,0.24588,0.16029,0.17056,0.16713,0.33084,0.74385
SBRF,2019-02,ARR,2803,2,0,1,1,1,2,1,11,35,103,221,341,413,458,301,215,147,120,85,60,54,50,39,27,15,98,0.2005,0.14734,0.1634,0.18409,0.31074,0.69533
SBRF,2020-02,ARR,2979,1,2,1,2,3,4,18,56,105,215,413,470,450,418,223,144,124,74,51,41,18,23,19,12,11,78,0.29641,0.15106,0.14032,0.1232,0.29137,0.71098
SBRF,2021-02,ARR,2328,0,0,0,0,3,5,16,54,121,250,374,417,343,307,148,85,65,33,29,11,8,12,4,4,4,34,0.33978,0.14734,0.13187,0.10009,0.27921,0.71907
SBRF,2022-02,ARR,2566,0,0,0,0,2,1,1,10,47,180,327,508,463,403,224,131,91,58,28,18,12,11,10,2,2,37,0.32541,0.18044,0.15705,0.13835,0.33749,0.80125
SBRF,2019-03,ARR,2972,0,0,0,0,0,2,4,18,33,107,264,383,456,504,330,212,167,105,87,60,40,41,27,15,10,107,0.2177,0.15343,0.16958,0.18237,0.32301,0.72308
SBRF,2020-03,ARR,2180,1,0,0,0,2,1,7,24,89,170,330,379,337,293,167,105,62,45,39,29,20,11,10,12,3,43,0.32523,0.15459,0.1344,0.12477,0.28899,0.73899
SBRF,2021-03,ARR,2400,0,0,1,1,1,3,5,37,120,272,410,410,356,308,159,103,70,44,24,20,11,6,4,4,3,28,0.34167,0.14833,0.12833,0.10917,0.27667,0.7275
SBRF,2022-03,ARR,2883,0,0,0,0,0,4,5,13,64,200,405,501,495,462,217,153,107,63,44,28,28,17,8,9,7,53,0.31426,0.1717,0.16025,0.12834,0.33195,0.77454
SBRF,2019-04,ARR,2703,1,0,0,1,1,0,4,23,54,133,268,345,407,434,275,207,128,86,47,57,42,29,28,16,15,102,0.22679,0.15057,0.16056,0.17832,0.31114,0.71624
SBRF,2020-04,ARR,269,1,0,0,1,1,2,6,16,22,36,36,42,20,20,14,9,7,9,5,5,5,0,2,1,0,9,0.28996,0.07435,0.07435,0.0855,0.1487,0.52416
SBRF,2021-04,ARR,1862,0,0,0,0,0,3,6,28,87,218,341,358,307,215,94,49,38,35,14,10,12,7,4,8,1,26,0.3754,0.16488,0.11547,0.0768,0.28034,0.73255
SBRF,2022-04,ARR,2583,0,0,0,0,0,0,0,9,67,178,363,459,475,400,221,117,80,62,38,16,23,14,11,9,4,36,0.31823,0.18389,0.15486,0.13086,0.33875,0.78784
SBRF,2019-05,ARR,2752,1,0,0,0,1,3,10,22,62,143,298,438,424,434,266,156,117,68,59,46,44,22,22,24,11,80,0.26744,0.15407,0.1577,0.15334,0.31177,0.73256
SBRF,2020-05,ARR,346,0,0,0,2,0,6,11,26,39,54,49,41,31,30,16,8,5,4,2,1,5,1,3,3,0,9,0.26012,0.0896,0.08671,0.06936,0.1763,0.50578
SBRF,2021-05,ARR,2173,0,0,0,0,1,1,6,25,110,262,367,417,339,284,114,74,53,23,20,10,11,7,7,6,3,32,0.36079,0.15601,0.13069,0.08652,0.2867,0.73401
SBRF,2022-05,ARR,2823,0,0,0,0,1,0,3,12,77,181,362,460,443,424,266,152,115,86,56,33,26,30,12,11,8,64,0.29118,0.15693,0.15019,0.14807,0.30712,0.74637
SBRF,2019-06,ARR,2698,1,0,0,0,0,4,8,21,61,128,268,386,403,420,249,190,117,99,59,47,33,23,30,15,14,121,0.2424,0.14937,0.15567,0.16271,0.30504,0.71016
SBRF,2020-06,ARR,569,1,1,1,1,1,2,10,12,33,62,84,108,88,72,31,21,8,10,2,4,3,1,3,0,2,8,0.33743,0.15466,0.12654,0.09139,0.2812,0.71002
SBRF,2021-06,ARR,2455,0,0,0,0,0,1,3,19,88,230,374,423,395,324,197,128,77,56,42,24,18,6,5,3,3,37,0.32464,0.1609,0.13198,0.13238,0.29287,0.7499
SBRF,2019-07,ARR,3198,0,0,0,0,0,2,6,12,45,134,300,439,501,505,337,249,155,129,94,67,48,30,26,19,9,89,0.23108,0.15666,0.15791,0.18324,0.31457,0.72889
SBRF,2020-07,ARR,913,1,0,0,0,1,0,7,14,39,85,129,151,160,124,64,32,23,17,20,10,5,3,5,2,1,19,0.30668,0.17525,0.13582,0.10515,0.31106,0.72289
SBRF,2021-07,ARR,2999,0,0,0,1,5,6,16,49,117,260,406,548,491,421,222,151,99,50,29,17,17,17,7,9,8,51,0.31811,0.16372,0.14038,0.12437,0.3041,0.74658
SBRF,2019-08,ARR,2959,0,0,0,0,0,2,6,10,53,116,249,380,470,520,354,222,164,88,77,56,38,26,12,20,10,86,0.21257,0.15884,0.17574,0.19466,0.33457,0.7418
SBRF,2020-08,ARR,1039,1,1,1,2,2,4,10,44,60,126,162,184,151,115,74,27,26,10,5,9,2,0,4,1,2,16,0.33301,0.14533,0.11068,0.09721,0.25602,0.68624
SBRF,2021-08,ARR,2924,0,0,0,0,0,2,10,23,75,184,384,513,589,488,230,129,104,52,32,27,12,5,10,11,6,37,0.30677,0.20144,0.16689,0.12278,0.36833,0.79788
SBRF,2019-09,ARR,2870,1,0,0,0,0,3,10,24,58,122,261,407,437,514,284,206,162,108,61,42,26,28,10,13,9,83,0.23275,0.15226,0.17909,0.17073,0.33136,0.73484
SBRF,2020-09,ARR,1228,0,0,0,0,0,4,9,24,56,120,171,199,183,179,89,68,30,24,17,15,8,9,4,3,2,14,0.3013,0.14902,0.14577,0.12785,0.29479,0.72394
SBRF,2021-09,ARR,2709,0,0,0,0,0,1,5,15,54,168,349,508,467,427,230,157,103,75,42,21,28,14,9,3,7,26,0.31635,0.17239,0.15762,0.14286,0.33001,0.78922
SBRF,2019-10,ARR,3065,0,0,0,0,0,1,9,23,50,121,237,376,502,457,334,235,216,147,79,63,32,28,25,24,23,83,0.2,0.16378,0.1491,0.18564,0.31289,0.69853
SBRF,2020-10,ARR,1921,0,0,2,1,1,3,9,13,47,177,269,347,296,278,147,110,62,39,31,24,11,10,7,6,4,27,0.32067,0.15409,0.14472,0.13378,0.2988,0.75325
SBRF,2021-10,ARR,2705,1,0,0,0,0,0,8,18,49,156,304,474,462,445,255,151,100,67,55,36,25,11,16,5,5,61,0.28762,0.17079,0.16451,0.15009,0.3353,0.77301
SBRF,2019-11,ARR,2875,1,0,0,1,2,3,5,13,45,122,227,332,431,456,287,246,182,126,76,63,58,27,20,24,22,105,0.19443,0.14991,0.15861,0.18539,0.30852,0.68835
SBRF,2020-11,ARR,2134,0,0,0,0,2,3,5,23,70,163,277,313,317,332,174,122,86,63,46,28,19,9,18,4,7,52,0.27648,0.14855,0.15558,0.13871,0.30412,0.71931
SBRF,2021-11,ARR,2788,0,0,0,0,1,0,7,31,61,162,317,411,432,423,260,180,135,80,64,48,27,25,17,15,10,82,0.26112,0.15495,0.15172,0.15782,0.30667,0.72561
SBRF,2019-12,ARR,3160,0,0,1,1,1,5,6,27,72,141,265,400,511,448,321,224,147,154,101,62,50,43,28,18,18,112,0.21044,0.16171,0.14177,0.17247,0.30348,0.68639
SBRF,2020-12,ARR,2691,0,0,0,0,1,5,4,17,69,181,300,408,377,428,254,194,129,84,56,45,25,23,21,10,8,47,0.2631,0.1401,0.15905,0.16648,0.29915,0.72873
SBRF,2021-12,ARR,3382,0,0,0,2,1,2,19,29,81,191,399,483,488,532,304,208,140,101,79,63,41,36,22,16,16,128,0.26079,0.14429,0.1573,0.15139,0.3016,0.71378
SBRJ,2019-01,ARR,3670,0,0,0,0,0,0,1,6,72,258,527,585,568,499,327,222,138,97,80,61,53,40,19,25,15,76,0.303,0.15477,0.13597,0.14959,0.29074,0.74332
SBRJ,2020-01,ARR,4494,0,0,0,0,0,0,20,59,172,425,647,708,609,601,347,266,167,114,89,60,46,37,31,22,9,64,0.30151,0.13551,0.13373,0.1364,0.26925,0.70717
SBRJ,2021-01,ARR,2850,0,0,0,0,1,1,6,39,131,323,497,520,390,342,218,135,74,43,42,22,18,9,6,6,3,24,0.35684,0.13684,0.12,0.12386,0.25684,0.73754
SBRJ,2022-01,ARR,2991,0,0,0,0,1,2,9,41,140,317,531,488,421,379,180,107,97,57,49,32,27,21,9,14,10,59,0.34069,0.14076,0.12671,0.09595,0.26747,0.70411
SBRJ,2019-02,ARR,3295,0,0,0,0,0,0,0,12,57,169,397,534,479,452,287,212,138,105,98,81,57,40,32,20,21,103,0.28255,0.14537,0.13718,0.15144,0.28255,0.71654
SBRJ,2020-02,ARR,3964,0,0,0,0,0,2,9,60,161,402,524,623,533,489,278,193,143,112,91,72,56,35,35,24,15,105,0.28935,0.13446,0.12336,0.11882,0.25782,0.66599
SBRJ,2021-02,ARR,2127,0,0,0,0,0,0,2,27,114,279,437,398,285,225,102,84,57,32,20,21,12,5,7,3,5,12,0.39257,0.13399,0.10578,0.08745,0.23977,0.71979
SBRJ,2022-02,ARR,2599,0,0,0,0,0,1,2,23,155,322,574,532,401,250,127,70,43,32,15,13,4,7,5,3,4,16,0.42555,0.15429,0.09619,0.0758,0.25048,0.75183
SBRJ,2019-03,ARR,3514,0,0,0,1,0,0,3,13,83,301,473,630,484,422,268,181,151,108,73,58,41,36,37,25,20,104,0.31389,0.13773,0.12009,0.12777,0.25783,0.69949
SBRJ,2020-03,ARR,2872,0,0,0,0,0,0,8,45,193,381,538,559,400,280,159,112,67,29,25,19,9,8,7,3,4,26,0.38196,0.13928,0.09749,0.09436,0.23677,0.71309
SBRJ,2021-03,ARR,1822,0,0,0,0,0,0,7,38,128,297,376,324,229,182,79,48,33,23,12,4,11,4,5,1,2,17,0.38419,0.12569,0.09989,0.0697,0.22558,0.67947
SBRJ,2022-03,ARR,3017,0,0,0,0,0,1,4,14,91,330,566,581,501,384,175,133,67,43,24,24,15,9,6,5,8,36,0.38018,0.16606,0.12728,0.10209,0.29334,0.7756
SBRJ,2019-04,ARR,3546,0,0,0,1,0,2,4,23,112,297,503,607,568,456,235,211,127,78,55,51,38,29,22,25,12,90,0.31303,0.16018,0.1286,0.12578,0.28878,0.72758
SBRJ,2020-04,ARR,191,0,0,0,0,0,0,3,7,12,29,34,26,25,14,8,6,4,5,5,0,1,2,1,0,1,7,0.31414,0.13089,0.0733,0.0733,0.20419,0.59162
SBRJ,2021-04,ARR,1312,0,0,0,0,1,5,22,70,118,201,274,209,158,107,56,23,21,11,11,3,4,2,3,0,2,10,0.36814,0.12043,0.08155,0.06021,0.20198,0.63034
SBRJ,2022-04,ARR,3301,0,0,0,0,1,0,2,28,121,334,579,659,503,452,189,132,80,64,31,31,23,11,12,8,6,34,0.37504,0.15238,0.13693,0.09724,0.28931,0.76159
SBRJ,2019-05,ARR,3611,0,0,0,0,0,1,8,53,153,378,578,623,512,461,235,159,109,81,61,41,31,28,18,20,11,50,0.33259,0.14179,0.12767,0.10911,0.26945,0.71116
SBRJ,2020-05,ARR,235,0,0,0,0,0,1,3,6,17,33,37,47,26,12,15,9,4,9,2,2,3,5,1,0,1,2,0.35745,0.11064,0.05106,0.10213,0.1617,0.62128
SBRJ,2021-05,ARR,1736,0,0,0,0,0,0,10,58,172,309,327,350,196,125,69,38,28,17,8,6,5,4,1,1,1,11,0.38998,0.1129,0.072,0.06164,0.18491,0.63652
SBRJ,2022-05,ARR,3764,0,0,0,0,1,2,4,33,147,433,673,748,537,501,226,126,83,65,25,32,24,17,14,8,8,56,0.37752,0.14267,0.1331,0.09352,0.27577,0.74681
SBRJ,2019-06,ARR,3274,0,0,0,0,0,4,9,31,123,326,545,604,519,417,197,143,95,71,48,34,31,15,10,11,13,28,0.35095,0.15852,0.12737,0.10385,0.28589,0.74068
SBRJ,2020-06,ARR,452,0,0,0,0,0,0,4,23,66,71,78,51,29,55,15,16,10,8,6,3,7,1,4,2,0,3,0.2854,0.06416,0.12168,0.06858,0.18584,0.53982
SBRJ,2021-06,ARR,2028,0,0,0,0,0,1,19,52,155,255,354,364,286,243,114,57,39,25,15,8,12,4,4,3,2,16,0.35404,0.14103,0.11982,0.08432,0.26085,0.69921
SBRJ,2019-07,ARR,3586,0,0,0,0,0,0,3,34,149,362,578,599,540,505,205,186,126,82,60,30,27,26,14,8,9,41,0.32822,0.15059,0.14083,0.10904,0.29141,0.72867
SBRJ,2020-07,ARR,767,0,0,0,0,0,0,4,35,87,120,123,108,84,70,39,26,12,17,7,10,10,5,0,2,1,7,0.30117,0.10952,0.09126,0.08475,0.20078,0.5867
SBRJ,2021-07,ARR,2577,0,0,0,0,0,4,11,54,144,296,458,469,409,315,129,98,49,39,16,15,15,8,4,9,5,30,0.35972,0.15871,0.12224,0.08809,0.28095,0.72875
SBRJ,2019-08,ARR,2827,0,0,0,0,0,3,8,30,102,249,451,495,454,376,224,119,93,57,44,34,24,13,11,13,9,18,0.33463,0.16059,0.133,0.12133,0.2936,0.74956
SBRJ,2020-08,ARR,1056,1,1,0,0,1,12,29,60,84,144,140,186,125,121,56,27,22,12,11,11,4,3,2,1,1,2,0.30871,0.11837,0.11458,0.0786,0.23295,0.62027
SBRJ,2021-08,ARR,2655,0,0,0,0,0,0,2,31,137,365,537,561,378,289,131,68,37,25,28,13,13,6,7,4,2,21,0.41356,0.14237,0.10885,0.07495,0.25122,0.73974
SBRJ,2019-09,ARR,1563,0,0,0,0,0,0,8,34,91,175,239,258,207,171,93,57,52,36,38,10,13,9,10,7,1,54,0.31798,0.13244,0.1094,0.09597,0.24184,0.65579
SBRJ,2020-09,ARR,1531,0,0,0,0,0,2,12,38,109,240,292,279,179,160,79,38,33,21,13,10,6,7,2,2,2,7,0.37296,0.11692,0.10451,0.07642,0.22142,0.6708
SBRJ,2021-09,ARR,2672,0,0,0,0,1,0,3,24,125,297,550,541,426,300,132,90,58,36,17,15,11,9,11,1,4,20,0.40831,0.15943,0.11228,0.08308,0.27171,0.7631
SBRJ,2019-10,ARR,4111,0,0,0,0,0,1,4,42,177,367,624,730,630,503,303,200,148,94,65,41,35,29,16,16,11,73,0.32936,0.15325,0.12235,0.12235,0.2756,0.72732
SBRJ,2020-10,ARR,2047,0,0,0,0,0,1,20,73,168,331,383,337,254,184,110,54,37,29,13,10,4,5,6,1,2,25,0.35173,0.12408,0.08989,0.08012,0.21397,0.64582
SBRJ,2021-10,ARR,2688,1,1,0,0,0,0,0,24,96,300,496,495,380,338,143,114,65,45,35,30,17,14,5,10,5,74,0.36868,0.14137,0.12574,0.09561,0.26711,0.7314
SBRJ,2019-11,ARR,3994,0,0,0,0,0,1,4,55,165,382,575,623,572,472,303,201,138,113,80,49,53,38,28,23,18,101,0.29995,0.14321,0.11818,0.12619,0.26139,0.68753
SBRJ,2020-11,ARR,2311,0,0,0,0,0,1,4,56,183,326,424,365,271,227,125,67,53,43,42,21,31,12,9,9,8,34,0.34141,0.11727,0.09823,0.08308,0.21549,0.63998
SBRJ,2021-11,ARR,2997,0,0,0,0,0,1,4,21,108,268,467,520,456,376,229,159,81,82,49,37,23,18,10,12,14,62,0.32933,0.15215,0.12546,0.12946,0.27761,0.7364
SBRJ,2019-12,ARR,4318,0,0,0,0,0,0,10,45,156,351,518,653,606,569,294,219,190,135,99,111,63,66,37,24,32,140,0.27119,0.14034,0.13177,0.11881,0.27212,0.66211
SBRJ,2020-12,ARR,2823,0,0,0,0,1,3,12,48,170,338,491,445,383,344,149,109,79,49,48,37,36,14,9,9,7,41,0.33156,0.13567,0.12186,0.09139,0.25753,0.68048
SBRJ,2021-12,ARR,3390,0,0,0,0,0,1,4,27,114,271,454,473,510,491,256,215,135,99,64,61,36,32,24,13,13,96,0.27345,0.15044,0.14484,0.13894,0.29528,0.70767
SBSP,2019-01,ARR,7554,0,0,0,0,4,7,31,125,394,844,1171,1108,964,806,499,354,289,205,150,104,88,61,56,53,41,198,0.30169,0.12761,0.1067,0.11292,0.23431,0.64893
SBSP,2020-01,ARR,7776,0,0,0,0,0,4,20,130,398,928,1330,1343,1088,897,448,297,220,143,110,86,56,55,37,37,16,128,0.34375,0.13992,0.11535,0.09581,0.25527,0.69483
SBSP,2021-01,ARR,3455,0,0,0,0,0,6,39,133,358,614,641,577,385,255,163,83,55,40,27,14,9,8,3,5,3,37,0.35253,0.11143,0.07381,0.0712,0.18524,0.60897
SBSP,2022-01,ARR,5169,0,0,0,0,0,3,20,89,300,637,899,898,665,539,279,185,166,102,74,58,48,38,27,22,18,98,0.34765,0.12865,0.10428,0.08977,0.23293,0.67034
SBSP,2019-02,ARR,6713,0,0,0,0,0,3,13,79,283,612,948,997,857,782,439,364,263,213,159,149,101,84,74,56,41,194,0.28974,0.12766,0.11649,0.11962,0.24415,0.65351
SBSP,2020-02,ARR,6853,1,0,0,0,0,2,20,99,300,780,1094,1155,916,759,390,275,200,162,123,94,87,55,53,38,41,205,0.32818,0.13366,0.11075,0.09704,0.24442,0.66963
SBSP,2021-02,ARR,2584,0,0,0,1,2,9,28,105,297,515,565,459,263,140,68,45,15,17,13,10,7,5,0,1,2,16,0.39628,0.10178,0.05418,0.04373,0.15596,0.59598
SBSP,2022-02,ARR,3903,0,0,0,0,0,3,17,69,315,599,944,811,444,315,131,78,58,23,13,6,8,6,7,3,1,48,0.44965,0.11376,0.08071,0.05355,0.19447,0.69767
SBSP,2019-03,ARR,7149,0,0,0,0,0,7,17,141,401,862,1155,1174,850,789,393,298,243,158,154,92,71,66,47,37,37,154,0.32578,0.1189,0.11037,0.09666,0.22926,0.6517
SBSP,2020-03,ARR,4967,0,0,0,0,1,4,29,108,405,808,1061,909,643,437,206,102,65,43,20,23,18,15,2,5,14,47,0.39662,0.12945,0.08798,0.06201,0.21744,0.67606
SBSP,2021-03,ARR,2101,0,0,0,0,1,15,34,109,328,536,477,315,134,77,28,11,8,5,2,1,6,1,0,3,2,7,0.37696,0.06378,0.03665,0.01856,0.10043,0.49595
SBSP,2022-03,ARR,4073,0,0,0,0,0,3,8,61,257,548,805,821,607,404,200,113,62,45,33,26,17,7,4,6,7,37,0.39921,0.14903,0.09919,0.07685,0.24822,0.72428
SBSP,2019-04,ARR,7008,0,1,0,0,0,3,17,98,364,817,1189,1139,940,769,415,292,224,147,124,86,58,42,43,31,28,177,0.33219,0.13413,0.10973,0.10088,0.24386,0.67694
SBSP,2020-04,ARR,60,0,0,0,0,0,1,5,6,8,11,6,8,5,1,2,2,1,1,0,0,0,1,0,0,0,2,0.23333,0.08333,0.01667,0.06667,0.1,0.4
SBSP,2021-04,ARR,1155,0,0,0,0,0,3,25,63,149,261,271,167,100,61,25,11,5,3,2,1,0,1,2,1,1,3,0.37922,0.08658,0.05281,0.03117,0.13939,0.54978
SBSP,2022-04,ARR,4736,0,0,0,1,0,3,9,67,242,577,952,856,717,528,260,161,107,55,55,29,17,14,15,6,6,57,0.38176,0.15139,0.11149,0.08889,0.26288,0.73353
SBSP,2019-05,ARR,7096,0,1,0,0,1,2,21,127,401,854,1300,1225,985,814,388,266,169,136,107,74,54,35,20,20,13,83,0.35583,0.13881,0.11471,0.09216,0.25352,0.70152
SBSP,2020-05,ARR,31,0,0,0,0,0,1,0,1,1,9,12,4,0,0,0,0,1,1,0,0,0,0,0,0,0,1,0.51613,0,0,0,0,0.51613
SBSP,2021-05,ARR,1730,0,0,0,1,0,2,17,97,252,341,366,277,150,95,48,25,15,10,8,4,3,7,1,1,0,10,0.37168,0.08671,0.05491,0.0422,0.14162,0.55549
SBSP,2022-05,ARR,5682,0,0,0,0,0,0,6,56,203,605,1010,1070,935,673,363,215,145,91,64,42,30,21,21,14,7,109,0.36607,0.16455,0.11844,0.10172,0.283,0.75079
SBSP,2019-06,ARR,6466,0,0,0,0,0,2,14,89,380,858,1244,1211,851,695,333,240,137,115,69,61,32,25,28,14,11,56,0.37968,0.13161,0.10749,0.08862,0.2391,0.70739
SBSP,2020-06,ARR,372,0,0,0,0,0,4,7,22,68,101,100,37,16,3,5,1,0,1,1,1,0,1,0,0,1,3,0.36828,0.04301,0.00806,0.01613,0.05108,0.43548
SBSP,2021-06,ARR,2121,0,0,0,0,0,3,12,61,210,438,492,375,235,140,38,41,15,9,16,7,7,5,0,2,2,13,0.40877,0.1108,0.06601,0.03725,0.1768,0.62282
SBSP,2019-07,ARR,7095,0,0,0,0,0,2,10,72,326,833,1285,1203,971,835,455,278,212,153,118,76,63,39,25,20,12,104,0.35067,0.13686,0.11769,0.10331,0.25455,0.70853
SBSP,2020-07,ARR,665,0,0,0,0,2,8,16,49,118,168,138,77,40,17,4,3,0,6,2,4,1,2,1,0,1,8,0.32331,0.06015,0.02556,0.01053,0.08571,0.41955
SBSP,2021-07,ARR,3347,0,0,0,0,1,0,4,45,175,469,728,732,481,369,127,77,35,18,16,8,6,4,5,2,3,40,0.43621,0.14371,0.11025,0.06095,0.25396,0.75112
SBSP,2019-08,ARR,7030,0,0,0,0,0,0,18,123,385,907,1286,1234,948,759,428,280,185,129,84,62,50,29,13,15,19,74,0.35846,0.13485,0.10797,0.10071,0.24282,0.70199
SBSP,2020-08,ARR,516,0,0,0,0,0,1,4,14,63,106,98,81,61,40,9,10,5,8,0,2,0,0,1,1,2,10,0.3469,0.11822,0.07752,0.03682,0.19574,0.57946
SBSP,2021-08,ARR,3236,3,2,1,1,2,2,13,68,260,584,824,615,406,211,85,46,28,11,9,9,10,6,4,4,0,32,0.44468,0.12546,0.0652,0.04048,0.19067,0.67583
SBSP,2019-09,ARR,7194,1,0,0,0,0,2,10,63,339,764,1209,1149,1057,864,496,325,255,171,108,77,75,48,34,24,18,102,0.32777,0.14693,0.1201,0.11412,0.26703,0.70892
SBSP,2020-09,ARR,911,0,0,0,1,1,6,8,46,111,191,191,151,86,47,26,13,4,6,2,2,2,3,4,0,1,9,0.37541,0.0944,0.05159,0.04281,0.14599,0.56422
SBSP,2021-09,ARR,3461,0,0,0,0,0,1,12,63,221,531,788,749,468,298,125,65,40,28,20,8,5,4,5,2,5,23,0.44409,0.13522,0.0861,0.0549,0.22132,0.72031
SBSP,2019-10,ARR,7501,0,0,0,0,1,2,4,80,341,875,1363,1368,1033,845,488,311,194,132,107,84,51,40,33,34,13,101,0.36408,0.13771,0.11265,0.10652,0.25037,0.72097
SBSP,2020-10,ARR,1925,0,0,0,2,7,8,15,74,188,384,419,328,201,134,59,28,13,8,10,7,5,2,3,1,1,28,0.38805,0.10442,0.06961,0.04519,0.17403,0.60727
SBSP,2021-10,ARR,3671,0,0,0,0,0,1,11,34,186,427,706,745,551,423,224,105,62,37,30,26,20,13,6,10,7,47,0.39526,0.1501,0.11523,0.08962,0.26532,0.7502
SBSP,2019-11,ARR,7294,3,0,0,0,0,3,18,84,279,681,1026,1113,1027,871,489,360,254,216,148,132,99,89,70,47,38,239,0.29325,0.1408,0.11941,0.1164,0.26021,0.66987
SBSP,2020-11,ARR,2443,0,0,0,0,1,1,19,75,280,423,544,411,264,165,79,53,40,19,15,7,8,6,4,2,3,24,0.39091,0.10806,0.06754,0.05403,0.1756,0.62055
SBSP,2021-11,ARR,4349,0,0,0,0,0,1,2,36,134,333,647,796,710,585,310,197,140,113,73,47,38,26,22,19,15,99,0.3318,0.16326,0.13451,0.11658,0.29777,0.74615
SBSP,2019-12,ARR,7540,1,0,0,0,1,1,11,90,353,792,1139,1099,899,814,476,359,268,232,184,147,106,62,72,82,56,293,0.29682,0.11923,0.10796,0.11074,0.22719,0.63475
SBSP,2020-12,ARR,2964,0,0,0,0,0,5,37,124,354,537,580,435,292,204,119,74,45,48,18,29,12,11,9,5,0,26,0.34244,0.09852,0.06883,0.06511,0.16734,0.5749
SBSP,2021-12,ARR,5181,0,0,0,0,0,2,4,36,137,442,718,870,749,671,411,269,191,129,114,88,63,53,40,35,23,134,0.3065,0.14457,0.12951,0.13125,0.27408,0.71183
SBSV,2019-01,ARR,3043,16,5,1,1,1,2,10,34,89,219,354,436,428,401,243,167,125,103,83,65,44,26,29,19,22,118,0.25961,0.14065,0.13178,0.13474,0.27243,0.66678
SBSV,2020-01,ARR,2939,8,3,3,1,6,4,13,48,143,292,443,481,433,311,198,141,104,70,34,36,26,20,15,13,11,81,0.31439,0.14733,0.10582,0.11535,0.25315,0.68289
SBSV,2021-01,ARR,2512,1,0,0,0,2,4,17,54,174,363,477,448,309,260,141,82,61,31,19,13,12,8,5,4,1,26,0.36823,0.12301,0.1035,0.08877,0.22651,0.68352
SBSV,2022-01,ARR,2641,0,0,0,0,0,0,6,35,93,241,399,454,409,346,194,149,81,55,44,18,19,10,13,9,2,62,0.32298,0.15487,0.13101,0.12988,0.28588,0.73874
SBSV,2019-02,ARR,2389,7,0,1,1,1,2,10,39,83,196,253,328,350,317,195,138,105,73,56,44,34,20,25,10,14,87,0.2432,0.1465,0.13269,0.13939,0.2792,0.66178
SBSV,2020-02,ARR,2587,0,0,1,0,1,3,21,66,159,315,432,437,358,226,148,80,75,40,44,22,30,22,10,14,10,68,0.33591,0.13838,0.08736,0.08813,0.22574,0.64979
SBSV,2021-02,ARR,1680,0,0,0,0,0,6,21,66,194,330,327,274,173,106,65,25,19,14,11,10,7,3,5,0,3,21,0.35774,0.10298,0.0631,0.05357,0.16607,0.57738
SBSV,2022-02,ARR,2019,7,1,2,4,3,0,11,36,110,302,402,360,306,198,94,52,32,9,15,12,6,3,6,2,2,37,0.37741,0.15156,0.09807,0.07231,0.24963,0.69936
SBSV,2019-03,ARR,2543,0,0,0,0,0,3,7,26,94,184,323,366,336,347,214,153,93,89,44,40,37,31,17,16,18,102,0.27094,0.13213,0.13645,0.14432,0.26858,0.68384
SBSV,2020-03,ARR,1817,0,0,0,0,0,0,13,48,137,282,362,290,231,175,53,77,32,24,23,15,9,3,4,5,1,33,0.35883,0.12713,0.09631,0.07155,0.22345,0.65382
SBSV,2021-03,ARR,1479,0,0,1,0,0,0,16,75,188,272,306,238,181,89,36,22,10,12,3,2,5,2,0,1,0,20,0.36782,0.12238,0.06018,0.03922,0.18256,0.58959
SBSV,2022-03,ARR,2259,0,0,0,0,0,1,5,40,134,275,444,449,320,232,112,65,51,36,18,14,9,7,6,6,4,31,0.39531,0.14166,0.1027,0.07835,0.24436,0.71802
SBSV,2019-04,ARR,2019,0,0,0,0,0,7,11,32,79,159,264,286,301,269,155,117,76,67,50,27,24,12,8,13,4,56,0.27241,0.14908,0.13323,0.13472,0.28232,0.68945
SBSV,2020-04,ARR,181,0,0,0,1,1,1,5,13,22,26,18,27,24,17,8,4,2,6,0,0,1,0,0,0,0,4,0.24862,0.1326,0.09392,0.0663,0.22652,0.54144
SBSV,2021-04,ARR,862,1,0,2,1,5,11,9,27,72,130,152,155,106,89,45,21,9,11,3,2,2,1,1,1,1,5,0.35615,0.12297,0.10325,0.07657,0.22622,0.65893
SBSV,2022-04,ARR,1983,0,0,0,0,1,0,3,20,114,235,387,375,275,214,120,68,42,27,25,16,11,2,2,6,5,29,0.38427,0.13868,0.10792,0.09481,0.2466,0.72567
SBSV,2019-05,ARR,1827,3,1,2,0,0,6,17,35,75,176,268,278,243,236,149,103,56,37,29,23,15,9,11,8,5,42,0.29885,0.133,0.12917,0.13793,0.26218,0.69896
SBSV,2020-05,ARR,233,0,0,1,0,2,5,10,16,37,39,30,38,16,17,7,3,2,4,0,1,2,0,0,0,1,2,0.29185,0.06867,0.07296,0.04292,0.14163,0.47639
SBSV,2021-05,ARR,1103,1,0,1,1,4,12,15,47,108,222,195,153,139,82,41,20,23,7,7,6,2,2,2,3,1,9,0.3155,0.12602,0.07434,0.0553,0.20036,0.57117
SBSV,2022-05,ARR,1931,0,0,0,1,1,1,5,23,128,237,386,338,278,177,119,66,42,30,14,12,12,6,6,10,4,32,0.37494,0.14397,0.09166,0.09581,0.23563,0.70637
SBSV,2019-06,ARR,1852,7,0,1,1,2,11,6,24,93,174,293,270,247,227,129,98,61,47,29,20,23,11,6,14,5,52,0.304,0.13337,0.12257,0.12257,0.25594,0.68251
SBSV,2020-06,ARR,288,1,0,0,0,3,6,4,8,17,35,55,43,40,34,20,7,4,3,0,2,0,2,0,2,0,2,0.34028,0.13889,0.11806,0.09375,0.25694,0.69097
SBSV,2021-06,ARR,1459,0,1,0,0,1,8,27,69,162,271,293,218,151,113,47,39,19,11,7,2,5,2,0,0,1,12,0.35024,0.1035,0.07745,0.05894,0.18095,0.59013
SBSV,2019-07,ARR,2580,1,0,0,0,0,6,17,29,100,265,401,401,349,313,215,144,97,65,38,20,21,18,10,7,6,56,0.31085,0.13527,0.12132,0.13915,0.25659,0.70659
SBSV,2020-07,ARR,487,0,0,0,0,0,0,6,9,30,71,91,77,74,46,33,21,2,5,3,1,1,1,0,3,2,10,0.34497,0.15195,0.09446,0.11088,0.24641,0.70226
SBSV,2021-07,ARR,1988,0,0,1,2,2,3,19,67,179,320,398,352,225,175,78,56,23,17,11,11,6,10,3,3,2,25,0.37726,0.11318,0.08803,0.0674,0.20121,0.64588
SBSV,2019-08,ARR,2358,0,0,0,0,2,4,5,31,107,229,355,392,346,321,190,120,79,44,31,25,17,12,9,2,3,34,0.31679,0.14673,0.13613,0.13147,0.28287,0.73113
SBSV,2020-08,ARR,629,0,0,0,0,0,0,6,17,34,104,118,113,75,57,37,19,7,6,7,6,0,2,1,0,2,16,0.36725,0.11924,0.09062,0.08903,0.20986,0.66614
SBSV,2021-08,ARR,1800,0,0,1,1,0,2,13,65,164,323,357,331,193,144,60,55,21,13,12,10,4,3,5,1,1,20,0.38222,0.10722,0.08,0.06389,0.18722,0.63333
SBSV,2019-09,ARR,2287,0,0,0,0,1,10,25,44,98,240,334,320,331,314,162,110,77,53,31,25,27,17,16,5,7,40,0.28596,0.14473,0.1373,0.11893,0.28203,0.68693
SBSV,2020-09,ARR,917,0,0,1,2,5,3,9,28,53,117,179,146,136,100,60,23,12,7,4,6,4,2,2,1,1,16,0.35442,0.14831,0.10905,0.09051,0.25736,0.70229
SBSV,2021-09,ARR,1957,0,0,0,0,1,4,12,28,101,282,427,344,281,189,98,56,41,18,14,14,8,7,4,2,3,23,0.39397,0.14359,0.09658,0.07869,0.24016,0.71283
SBSV,2019-10,ARR,2394,0,0,0,1,2,3,16,39,117,226,348,387,323,309,190,133,84,61,32,32,16,16,10,5,9,35,0.30702,0.13492,0.12907,0.13492,0.26399,0.70593
SBSV,2020-10,ARR,1413,3,2,0,0,1,3,11,47,90,191,235,239,207,156,70,50,35,25,7,9,4,2,2,2,2,17,0.33546,0.1465,0.1104,0.08493,0.2569,0.67728
SBSV,2021-10,ARR,2062,1,0,0,0,2,2,11,40,168,280,410,342,272,189,93,64,40,32,18,14,9,4,7,4,6,51,0.36469,0.13191,0.09166,0.07614,0.22357,0.6644
SBSV,2019-11,ARR,2477,2,0,0,0,0,3,15,37,107,210,333,379,370,313,166,138,104,75,43,34,27,12,16,6,16,68,0.28744,0.14937,0.12636,0.12273,0.27574,0.68591
SBSV,2020-11,ARR,1540,1,0,1,0,0,0,5,14,66,142,225,250,235,225,100,73,58,35,26,19,13,7,11,2,5,27,0.30844,0.1526,0.1461,0.11234,0.2987,0.71948
SBSV,2021-11,ARR,2189,0,0,0,0,0,3,4,46,131,277,355,323,294,248,128,88,68,57,28,27,15,9,11,10,2,64,0.30973,0.13431,0.11329,0.09868,0.2476,0.65601
SBSV,2019-12,ARR,2777,0,0,0,1,0,3,6,47,123,246,343,412,350,320,205,161,114,93,63,52,42,36,23,17,12,107,0.27188,0.12604,0.11523,0.1318,0.24127,0.64494
SBSV,2020-12,ARR,2093,0,2,3,2,6,5,8,30,89,200,311,337,302,301,134,130,60,31,38,28,18,9,13,5,7,24,0.3096,0.14429,0.14381,0.12613,0.2881,0.72384
SBSV,2021-12,ARR,2657,0,0,0,0,0,3,16,61,130,293,405,379,297,311,176,144,84,65,57,40,36,29,17,13,12,84,0.29507,0.11178,0.11705,0.12044,0.22883,0.64434
SBBR,2019-01,DEP,5513,2,0,0,0,0,3,2,0,0,5,126,995,1493,1147,554,313,235,174,105,71,63,47,32,13,14,116,0.20334,0.27081,0.20805,0.15726,0.47887,0.83947
SBBR,2020-01,DEP,5555,0,0,0,0,0,0,0,0,0,8,206,925,1396,1107,541,381,284,188,125,97,49,47,43,20,20,116,0.2036,0.25131,0.19928,0.16598,0.45059,0.82016
SBBR,2021-01,DEP,3685,0,0,0,0,0,1,0,1,1,11,177,945,1177,642,269,156,99,56,44,30,12,9,10,9,4,31,0.30448,0.3194,0.17422,0.11533,0.49362,0.91343
SBBR,2022-01,DEP,4580,1,0,0,0,0,0,0,1,1,4,73,979,1382,829,400,270,160,106,85,54,34,34,24,22,17,103,0.22969,0.30175,0.181,0.14629,0.48275,0.85873
SBBR,2019-02,DEP,4822,1,0,0,0,0,0,0,2,0,6,95,756,1327,1004,469,331,188,154,103,84,76,49,19,27,25,106,0.17648,0.2752,0.20821,0.16591,0.48341,0.8258
SBBR,2020-02,DEP,4783,0,0,0,0,0,0,1,0,0,11,177,967,1304,973,397,263,177,119,96,57,47,22,20,20,14,115,0.23918,0.27263,0.20343,0.13799,0.47606,0.85323
SBBR,2021-02,DEP,2731,0,0,0,0,0,0,1,0,2,8,152,934,881,380,135,76,46,25,25,7,12,12,6,6,2,21,0.39766,0.32259,0.13914,0.07726,0.46174,0.93665
SBBR,2022-02,DEP,3498,0,0,0,0,0,1,1,0,0,2,79,985,1271,608,220,110,60,41,33,18,11,3,8,9,4,33,0.30417,0.36335,0.17381,0.09434,0.53716,0.93568
SBBR,2019-03,DEP,5147,1,1,0,1,0,0,0,0,1,6,161,1129,1431,988,391,251,179,101,83,61,59,41,39,25,24,170,0.25063,0.27803,0.19196,0.12473,0.46998,0.84535
SBBR,2020-03,DEP,3717,0,0,0,0,0,0,0,0,2,9,243,1125,1025,592,247,138,87,60,37,35,21,16,14,6,8,51,0.36804,0.27576,0.15927,0.10358,0.43503,0.90665
SBBR,2021-03,DEP,2358,0,0,0,0,0,1,0,1,2,7,162,868,840,283,74,38,21,12,10,6,5,5,5,0,2,16,0.43681,0.35623,0.12002,0.0475,0.47625,0.96056
SBBR,2022-03,DEP,3854,0,0,0,0,0,0,0,1,0,4,91,1194,1478,591,178,96,58,40,23,19,16,10,9,6,5,35,0.33342,0.3835,0.15335,0.07109,0.53684,0.94136
SBBR,2019-04,DEP,4773,0,0,0,1,0,0,0,1,1,9,165,1091,1391,899,378,204,154,111,60,51,44,34,26,25,12,114,0.26315,0.29143,0.18835,0.12194,0.47978,0.86486
SBBR,2020-04,DEP,282,0,0,0,0,0,0,0,0,0,4,49,86,62,25,12,9,7,2,2,2,4,2,1,3,1,11,0.47872,0.21986,0.08865,0.07447,0.30851,0.8617
SBBR,2021-04,DEP,1702,2,1,0,0,0,0,0,0,1,7,95,617,612,205,57,29,19,15,10,7,5,3,2,1,1,13,0.41833,0.35958,0.12045,0.05053,0.48002,0.94888
SBBR,2022-04,DEP,3437,0,0,0,0,0,1,0,0,1,13,79,884,1132,657,190,148,88,73,42,34,22,19,11,10,4,28,0.28019,0.32936,0.19116,0.09834,0.52051,0.89904
SBBR,2019-05,DEP,4801,0,0,0,0,1,0,0,1,1,11,231,1392,1417,865,313,160,131,66,43,25,23,15,14,9,15,68,0.33805,0.29515,0.18017,0.09852,0.47532,0.91189
SBBR,2020-05,DEP,347,1,0,0,0,0,0,1,0,2,4,43,114,83,27,24,7,13,4,10,2,4,1,0,0,0,6,0.45245,0.23919,0.07781,0.08934,0.317,0.85879
SBBR,2021-05,DEP,2318,1,0,0,1,0,2,0,0,0,6,108,741,910,303,93,65,27,14,7,6,4,4,3,3,3,17,0.36626,0.39258,0.13072,0.06816,0.5233,0.95772
SBBR,2022-05,DEP,3892,1,0,0,0,1,0,1,0,0,0,81,1101,1344,670,239,138,94,43,36,34,19,9,7,11,8,54,0.3037,0.34532,0.17215,0.09687,0.51747,0.91804
SBBR,2019-06,DEP,4429,0,0,0,0,0,1,1,0,0,14,259,1218,1311,782,284,174,109,71,60,32,21,15,14,7,3,50,0.33348,0.296,0.17656,0.10341,0.47257,0.90946
SBBR,2020-06,DEP,592,0,0,0,0,0,0,0,0,1,4,74,222,166,52,23,8,12,7,7,2,4,0,0,0,0,10,0.5,0.28041,0.08784,0.05236,0.36824,0.92061
SBBR,2021-06,DEP,2628,0,0,0,0,0,1,0,1,0,11,120,777,1081,391,96,48,30,16,6,8,8,4,5,2,3,20,0.34132,0.41134,0.14878,0.05479,0.56012,0.95624
SBBR,2019-07,DEP,5256,2,0,0,0,0,1,0,2,1,0,167,1219,1661,989,376,255,139,129,86,49,42,19,15,14,7,83,0.2637,0.31602,0.18817,0.12005,0.50419,0.88794
SBBR,2020-07,DEP,1256,1,0,0,0,0,0,0,1,1,12,192,461,311,153,49,15,22,7,8,3,2,1,4,2,1,10,0.5199,0.24761,0.12182,0.05096,0.36943,0.94029
SBBR,2021-07,DEP,3468,0,0,0,0,0,1,1,0,1,5,122,1137,1267,517,144,80,54,26,16,10,15,9,4,8,6,43,0.36303,0.36534,0.14908,0.06459,0.51442,0.94204
SBBR,2019-08,DEP,4816,0,0,0,0,0,1,2,0,2,3,202,1207,1471,832,335,204,153,97,59,68,38,31,23,13,9,65,0.29257,0.30544,0.17276,0.11192,0.4782,0.88268
SBBR,2020-08,DEP,1825,0,0,0,0,0,0,0,0,0,3,157,639,552,270,79,45,13,12,17,4,4,2,3,3,6,15,0.43616,0.30247,0.14795,0.06795,0.45041,0.95452
SBBR,2021-08,DEP,3594,1,0,0,0,0,1,1,0,1,5,135,1138,1321,531,157,107,57,36,19,12,17,11,4,8,2,30,0.3542,0.36756,0.14775,0.07346,0.5153,0.94296
SBBR,2019-09,DEP,4861,0,0,0,0,1,1,0,0,0,12,159,1160,1492,879,361,231,140,103,75,55,35,32,23,13,15,71,0.27134,0.30693,0.18083,0.12179,0.48776,0.88089
SBBR,2020-09,DEP,2490,0,0,1,0,0,0,0,0,0,7,160,625,821,490,148,84,47,36,26,12,7,6,4,1,2,13,0.31526,0.32972,0.19679,0.09317,0.52651,0.93494
SBBR,2021-09,DEP,3912,0,0,0,0,0,0,1,1,0,6,112,969,1440,777,231,103,82,55,27,24,17,7,11,11,3,34,0.27633,0.3681,0.19862,0.08538,0.56672,0.92843
SBBR,2019-10,DEP,5206,1,0,0,0,0,0,0,1,1,11,186,1067,1463,1026,461,284,193,140,106,58,40,22,28,10,15,91,0.24068,0.28102,0.19708,0.1431,0.4781,0.86189
SBBR,2020-10,DEP,3150,0,0,0,0,1,0,1,3,2,3,200,862,947,556,208,118,77,57,25,24,15,8,5,1,1,32,0.33714,0.30063,0.17651,0.10349,0.47714,0.91778
SBBR,2021-10,DEP,4101,0,0,0,0,0,0,0,1,1,1,96,788,1418,859,307,205,101,68,47,39,26,27,10,9,12,84,0.21556,0.34577,0.20946,0.12485,0.55523,0.89564
SBBR,2019-11,DEP,5203,9,3,1,0,2,0,0,0,0,1,94,686,1287,1068,566,385,269,222,136,97,67,55,42,32,17,160,0.14991,0.24736,0.20527,0.18278,0.45262,0.78532
SBBR,2020-11,DEP,3076,1,0,0,0,0,0,0,0,1,5,108,601,882,632,265,199,122,71,50,29,14,15,12,11,4,52,0.23049,0.28674,0.20546,0.15085,0.4922,0.87354
SBBR,2021-11,DEP,4265,1,0,0,0,1,1,2,1,0,2,72,695,1261,895,387,263,171,127,86,51,37,39,32,18,10,112,0.17984,0.29566,0.20985,0.1524,0.50551,0.83775
SBBR,2019-12,DEP,5275,1,0,0,0,0,0,0,0,1,6,124,707,1269,1011,542,357,280,194,155,114,72,82,59,55,30,215,0.15754,0.24057,0.19166,0.17043,0.43223,0.76019
SBBR,2020-12,DEP,3684,0,0,1,0,1,1,1,0,3,5,108,740,1004,782,367,217,143,95,74,36,25,12,15,5,9,40,0.23018,0.27253,0.21227,0.15852,0.4848,0.87351
SBBR,2021-12,DEP,4735,0,0,1,0,0,0,1,1,5,3,63,672,1246,940,461,293,200,180,142,100,97,58,48,44,18,157,0.15523,0.26315,0.19852,0.15924,0.46167,0.77614
SBCF,2019-01,DEP,4184,4,2,0,0,0,0,0,0,1,5,48,499,1139,1040,422,256,191,117,90,67,49,40,32,37,22,122,0.13074,0.27223,0.24857,0.16205,0.52079,0.81358
SBCF,2020-01,DEP,4468,8,3,1,0,1,0,0,0,0,6,63,603,1156,930,453,304,226,152,113,81,64,36,45,33,28,159,0.14906,0.25873,0.20815,0.16943,0.46688,0.78536
SBCF,2021-01,DEP,3051,1,0,0,0,0,1,1,4,2,13,182,786,935,521,195,128,58,45,29,33,18,16,10,10,4,59,0.31727,0.30646,0.17076,0.10587,0.47722,0.90036
SBCF,2022-01,DEP,3457,0,0,0,0,0,0,0,1,1,5,41,492,963,828,334,201,136,103,88,53,29,23,24,14,21,96,0.15418,0.27857,0.23951,0.15476,0.51808,0.82702
SBCF,2019-02,DEP,3798,4,0,0,0,0,0,2,1,1,7,44,447,928,855,424,241,196,141,93,71,58,51,31,27,31,145,0.12928,0.24434,0.22512,0.17509,0.46946,0.77383
SBCF,2020-02,DEP,3828,1,0,0,0,0,0,0,0,1,12,147,792,1104,667,322,194,124,86,55,45,36,39,21,18,25,137,0.2453,0.2884,0.17424,0.1348,0.46264,0.84274
SBCF,2021-02,DEP,2147,0,0,1,1,0,0,1,1,1,14,155,646,745,318,95,53,35,18,12,15,3,6,4,5,5,12,0.37308,0.347,0.14811,0.06893,0.49511,0.93712
SBCF,2022-02,DEP,2778,0,1,0,0,0,0,0,0,3,5,84,790,1038,439,130,65,52,46,30,12,11,10,10,5,10,36,0.31461,0.37365,0.15803,0.07019,0.53168,0.91649
SBCF,2019-03,DEP,3998,0,0,0,0,0,0,0,1,0,9,70,666,1174,919,347,200,144,78,64,47,37,35,24,26,13,143,0.18409,0.29365,0.22986,0.13682,0.52351,0.84442
SBCF,2020-03,DEP,2838,0,0,0,0,0,0,0,0,2,5,152,729,942,469,165,103,74,33,36,28,17,6,7,9,9,51,0.31043,0.33192,0.16526,0.09443,0.49718,0.90204
SBCF,2021-03,DEP,2167,1,0,0,0,0,0,0,0,2,8,175,728,713,300,94,52,29,14,9,5,7,8,0,2,2,18,0.41671,0.32903,0.13844,0.06737,0.46747,0.95155
SBCF,2022-03,DEP,3246,0,1,0,0,0,0,1,0,1,7,116,1002,1164,501,140,86,52,47,27,11,13,9,11,5,7,44,0.34442,0.3586,0.15434,0.06962,0.51294,0.92699
SBCF,2019-04,DEP,3860,0,0,1,0,0,0,0,0,1,3,38,519,1037,955,397,255,170,110,80,45,36,37,32,12,8,123,0.1443,0.26865,0.24741,0.16891,0.51606,0.82927
SBCF,2020-04,DEP,299,0,0,0,0,0,0,1,0,0,5,46,99,82,33,8,9,1,6,1,1,0,3,0,0,1,3,0.48495,0.27425,0.11037,0.05686,0.38462,0.92642
SBCF,2021-04,DEP,1690,0,0,0,0,0,1,2,0,2,9,164,589,552,214,64,30,15,7,9,3,1,2,3,1,2,19,0.44556,0.32663,0.12663,0.05562,0.45325,0.95444
SBCF,2022-04,DEP,3308,1,0,0,0,0,0,0,0,0,5,109,917,1168,571,181,88,56,44,34,19,19,16,7,11,9,52,0.31016,0.35308,0.17261,0.08132,0.5257,0.91717
SBCF,2019-05,DEP,4020,1,0,0,0,0,0,0,0,1,5,59,687,1149,978,370,191,124,83,62,36,43,31,34,24,13,127,0.18557,0.28582,0.24328,0.13955,0.5291,0.85423
SBCF,2020-05,DEP,360,0,0,0,0,0,0,0,0,2,10,57,101,83,45,20,10,10,5,4,2,2,1,1,1,0,6,0.43889,0.23056,0.125,0.08333,0.35556,0.87778
SBCF,2021-05,DEP,1950,0,0,0,0,0,1,0,2,2,7,165,689,662,275,67,25,20,7,6,2,6,3,1,1,1,8,0.43795,0.33949,0.14103,0.04718,0.48051,0.96564
SBCF,2022-05,DEP,3725,0,0,0,0,0,0,0,0,0,14,142,1112,1271,549,178,106,78,51,30,33,21,16,9,11,9,94,0.33664,0.34121,0.14738,0.07624,0.48859,0.90148
SBCF,2019-06,DEP,3975,0,1,0,0,0,0,0,0,0,1,38,626,1163,1049,405,202,132,79,48,51,22,25,24,19,14,76,0.16704,0.29258,0.2639,0.1527,0.55648,0.87623
SBCF,2020-06,DEP,449,0,0,0,0,0,0,0,0,1,6,54,134,120,55,20,14,9,7,5,2,2,0,0,0,1,19,0.41871,0.26726,0.12249,0.07572,0.38976,0.88419
SBCF,2021-06,DEP,2162,0,0,0,0,0,0,0,0,4,11,151,663,741,335,102,55,28,22,6,3,3,4,6,4,2,22,0.3765,0.34274,0.15495,0.07262,0.49769,0.94681
SBCF,2019-07,DEP,4508,2,0,0,0,0,0,1,0,0,2,30,507,1246,1248,514,318,181,113,72,59,45,34,28,16,13,79,0.11912,0.2764,0.27684,0.18456,0.55324,0.85692
SBCF,2020-07,DEP,714,0,0,0,0,0,0,0,0,0,5,82,234,191,100,40,11,11,5,5,6,4,1,4,0,0,15,0.44258,0.26751,0.14006,0.07143,0.40756,0.92157
SBCF,2021-07,DEP,2792,0,0,0,0,0,0,0,0,0,8,152,700,959,527,176,95,45,29,24,11,6,10,8,4,5,33,0.30516,0.34348,0.18875,0.09706,0.53223,0.93446
SBCF,2019-08,DEP,4283,0,0,0,0,0,0,0,0,1,2,57,702,1341,987,452,211,138,103,64,40,31,22,19,20,10,82,0.17721,0.3131,0.23045,0.1548,0.54354,0.87555
SBCF,2020-08,DEP,1045,0,0,0,0,0,0,0,0,0,4,134,403,308,105,40,11,11,4,0,3,1,1,1,2,1,16,0.51388,0.29474,0.10048,0.0488,0.39522,0.95789
SBCF,2021-08,DEP,2820,1,1,0,1,1,2,0,0,0,7,234,995,889,380,109,52,35,26,18,10,10,6,4,6,3,30,0.43582,0.31525,0.13475,0.05709,0.45,0.94291
SBCF,2019-09,DEP,4125,0,0,0,0,0,0,0,1,2,5,47,665,1263,828,361,263,162,121,90,49,46,32,27,26,16,121,0.17261,0.30618,0.20073,0.15127,0.50691,0.83079
SBCF,2020-09,DEP,1358,1,0,0,0,0,0,0,0,5,10,162,462,386,180,69,28,15,9,6,6,4,0,1,2,1,10,0.4595,0.28424,0.13255,0.07143,0.41679,0.94772
SBCF,2021-09,DEP,3036,0,0,0,0,0,0,0,0,2,18,209,968,1004,457,139,63,48,29,13,13,10,11,5,7,3,36,0.38768,0.3307,0.15053,0.06653,0.48123,0.93544
SBCF,2019-10,DEP,4269,0,0,0,0,1,0,0,0,0,3,44,590,1201,956,427,267,208,111,85,67,53,40,30,30,15,141,0.14851,0.28133,0.22394,0.16257,0.50527,0.81635
SBCF,2020-10,DEP,1845,0,0,0,0,0,0,2,0,2,6,125,550,586,304,102,44,36,24,14,11,4,3,5,5,1,20,0.36585,0.31762,0.16477,0.07913,0.48238,0.92737
SBCF,2021-10,DEP,3155,2,0,0,0,0,1,1,2,1,5,110,723,1035,612,217,107,66,55,37,38,18,20,9,9,16,70,0.26403,0.32805,0.19398,0.10269,0.52203,0.88875
SBCF,2019-11,DEP,3988,0,0,1,0,0,0,1,0,1,1,62,614,1105,834,371,234,168,122,99,66,46,44,29,20,17,150,0.16951,0.27708,0.20913,0.15171,0.48621,0.80742
SBCF,2020-11,DEP,2244,0,0,0,0,0,1,1,0,0,5,81,439,695,434,196,117,56,48,27,19,11,14,11,9,8,71,0.23173,0.30971,0.1934,0.13948,0.50312,0.87433
SBCF,2021-11,DEP,2982,1,0,0,0,1,1,0,0,1,1,89,502,794,596,276,149,139,65,60,49,29,25,24,18,12,148,0.19819,0.26626,0.19987,0.14252,0.46613,0.80684
SBCF,2019-12,DEP,4260,0,0,0,0,0,0,0,0,0,6,50,535,1024,904,486,337,216,156,112,66,57,60,38,25,29,159,0.13732,0.24038,0.21221,0.19319,0.45258,0.7831
SBCF,2020-12,DEP,2750,0,0,0,0,1,0,2,6,4,6,125,595,887,529,188,117,65,46,34,31,19,13,10,5,12,54,0.26182,0.32255,0.19236,0.11091,0.51491,0.88764
SBCF,2021-12,DEP,3690,0,0,0,0,0,0,1,0,0,4,53,468,926,808,382,254,175,123,92,78,60,48,25,29,24,139,0.14119,0.25095,0.21897,0.17236,0.46992,0.78347
SBGR,2019-01,DEP,12718,5,2,7,1,2,0,4,3,9,51,291,1374,2750,2667,1355,852,654,504,355,300,208,180,140,148,98,738,0.13092,0.21623,0.2097,0.17353,0.42593,0.73038
SBGR,2020-01,DEP,13002,10,7,3,0,4,1,1,4,9,79,528,1991,3316,2458,1190,774,564,381,320,211,187,131,112,102,71,534,0.19374,0.25504,0.18905,0.15105,0.44409,0.78888
SBGR,2021-01,DEP,8257,0,0,1,0,1,2,1,3,4,24,87,1182,3402,1778,465,317,266,177,97,76,76,53,34,31,16,158,0.15369,0.41201,0.21533,0.09471,0.62735,0.87574
SBGR,2022-01,DEP,9645,6,1,1,0,0,0,1,1,2,19,41,672,3082,2407,744,373,366,432,347,240,164,130,86,73,68,377,0.07392,0.31954,0.24956,0.11581,0.5691,0.75884
SBGR,2019-02,DEP,11026,8,2,2,1,0,1,3,4,9,46,322,1365,2757,2382,1129,758,477,359,245,197,137,110,100,72,70,460,0.153,0.25005,0.21603,0.17114,0.46608,0.79022
SBGR,2020-02,DEP,11372,2,0,1,0,2,3,0,2,9,75,617,2090,2898,2029,934,605,460,332,231,156,144,128,88,71,58,420,0.23804,0.25484,0.17842,0.13533,0.43326,0.80663
SBGR,2021-02,DEP,6216,3,1,1,0,2,1,4,6,4,32,86,1562,2565,969,223,130,144,132,80,52,30,35,24,16,7,97,0.26512,0.41264,0.15589,0.05679,0.56853,0.89044
SBGR,2022-02,DEP,8011,10,0,0,0,0,0,1,1,4,18,62,740,3424,1945,460,183,204,259,186,115,71,39,31,29,12,208,0.10011,0.42741,0.24279,0.08026,0.6702,0.85058
SBGR,2019-03,DEP,11527,1,0,0,0,2,1,2,3,14,53,383,1640,2939,2406,1069,678,495,335,224,177,145,106,103,81,87,574,0.1755,0.25497,0.20873,0.15156,0.46369,0.79075
SBGR,2020-03,DEP,8878,5,2,1,0,3,3,2,4,11,83,664,2273,2656,1498,560,333,195,122,90,61,50,33,29,24,17,151,0.33082,0.29917,0.16873,0.10059,0.4679,0.8993
SBGR,2021-03,DEP,5366,0,1,2,1,2,1,8,5,4,49,143,1601,2233,693,136,76,86,86,52,34,22,19,8,10,8,80,0.32501,0.41614,0.12915,0.03951,0.54529,0.9098
SBGR,2022-03,DEP,8803,3,0,1,0,1,1,3,2,3,9,68,786,3681,2079,548,210,227,304,211,146,105,65,50,40,26,226,0.09701,0.41815,0.23617,0.08611,0.65432,0.83744
SBGR,2019-04,DEP,10664,0,0,0,0,0,0,0,0,3,54,333,1528,2837,2351,1054,674,464,257,195,183,130,90,71,46,57,332,0.17451,0.26604,0.22046,0.16204,0.4865,0.82305
SBGR,2020-04,DEP,1423,4,0,1,2,1,2,2,3,5,29,198,402,314,209,62,26,27,21,7,17,7,8,7,3,3,59,0.42164,0.22066,0.14687,0.06184,0.36753,0.85102
SBGR,2021-04,DEP,4396,0,1,1,1,1,1,2,4,5,40,119,1149,1808,708,124,79,76,75,42,37,11,17,8,3,9,71,0.28844,0.41128,0.16106,0.04618,0.57234,0.90696
SBGR,2022-04,DEP,7871,3,0,1,1,2,4,2,3,4,27,77,727,3404,1855,415,166,231,280,192,117,73,48,37,24,20,149,0.10215,0.43247,0.23568,0.07382,0.66815,0.84411
SBGR,2019-05,DEP,9966,1,0,0,1,1,1,0,0,10,63,470,2210,3198,1917,704,387,242,153,99,79,59,46,43,29,28,222,0.26891,0.32089,0.19235,0.10947,0.51325,0.89163
SBGR,2020-05,DEP,1693,3,0,0,2,2,2,1,1,6,13,152,424,432,225,118,69,41,39,30,22,11,13,3,7,4,64,0.34022,0.25517,0.1329,0.11045,0.38807,0.83875
SBGR,2021-05,DEP,5380,3,0,1,2,1,0,2,5,10,53,130,830,2400,1115,207,95,123,125,67,48,20,17,11,7,6,94,0.17844,0.4461,0.20725,0.05613,0.65335,0.88792
SBGR,2022-05,DEP,8704,3,0,2,1,1,1,0,2,3,24,127,433,3953,2107,452,442,322,198,141,94,70,55,45,20,21,182,0.06434,0.45416,0.24207,0.10271,0.69623,0.86328
SBGR,2019-06,DEP,9977,0,0,0,0,0,0,0,1,10,77,454,1967,3135,2020,780,468,285,147,107,78,42,51,50,32,24,244,0.24266,0.31422,0.20247,0.12509,0.51669,0.88443
SBGR,2020-06,DEP,2115,2,0,1,1,2,2,3,8,13,38,215,554,485,317,159,89,54,38,26,10,20,11,6,5,5,45,0.36359,0.22931,0.14988,0.11726,0.3792,0.86005
SBGR,2021-06,DEP,6083,13,0,0,1,1,1,4,2,7,33,104,929,2820,1259,206,116,139,138,65,38,24,18,10,17,15,115,0.16982,0.46359,0.20697,0.05293,0.67056,0.89331
SBGR,2019-07,DEP,11718,3,0,1,0,1,0,1,1,20,84,432,1980,3396,2544,969,605,415,264,199,142,101,74,54,50,39,337,0.20584,0.28981,0.2171,0.13432,0.50691,0.84707
SBGR,2020-07,DEP,3349,7,0,0,0,0,0,4,9,17,46,415,983,916,480,156,74,57,26,18,24,14,10,3,5,2,79,0.41744,0.27351,0.14333,0.06868,0.41684,0.90296
SBGR,2021-07,DEP,7902,7,1,1,1,2,1,1,1,9,40,81,961,3590,1860,304,138,176,198,137,70,54,29,24,22,19,167,0.13187,0.45432,0.23538,0.05594,0.6897,0.8775
SBGR,2019-08,DEP,11632,4,0,0,0,0,0,2,8,17,80,528,2184,3487,2464,942,593,379,239,142,106,74,60,41,36,39,202,0.23315,0.29978,0.21183,0.13196,0.51161,0.87672
SBGR,2020-08,DEP,4452,3,0,1,3,1,1,4,5,15,57,374,1165,1307,734,275,151,95,54,39,33,17,12,5,5,6,80,0.34569,0.29358,0.16487,0.09569,0.45845,0.89982
SBGR,2021-08,DEP,7794,6,0,1,1,0,0,2,2,7,33,79,1111,3650,1573,321,152,142,190,137,86,50,33,23,33,10,144,0.15268,0.46831,0.20182,0.06069,0.67013,0.8835
SBGR,2019-09,DEP,11375,0,0,0,0,1,0,4,5,23,69,426,1936,3290,2418,994,604,425,262,187,135,92,80,53,47,43,274,0.20765,0.28923,0.21257,0.14048,0.5018,0.84993
SBGR,2020-09,DEP,5275,1,0,0,2,0,1,2,3,9,55,383,1285,1643,933,333,210,113,68,45,25,20,10,12,11,11,92,0.31621,0.31147,0.17687,0.10294,0.48834,0.90749
SBGR,2021-09,DEP,7954,13,2,1,0,0,1,2,4,5,22,58,984,3721,1781,356,153,155,226,134,81,53,24,24,20,18,109,0.131,0.46781,0.22391,0.06399,0.69173,0.88672
SBGR,2019-10,DEP,11614,4,0,0,2,2,2,7,13,22,83,490,1938,3381,2349,999,650,451,272,198,162,104,77,63,45,37,257,0.20906,0.29111,0.20226,0.14198,0.49337,0.84441
SBGR,2020-10,DEP,6456,2,1,2,0,0,0,2,1,15,62,387,1330,2090,1246,471,256,145,96,69,41,40,24,16,10,14,124,0.26595,0.32373,0.193,0.11261,0.51673,0.89529
SBGR,2021-10,DEP,8371,4,1,2,0,3,2,2,3,5,23,63,779,3419,2027,470,232,246,308,186,157,83,41,46,37,20,197,0.10059,0.40843,0.24215,0.08386,0.65058,0.83503
SBGR,2019-11,DEP,11328,1,0,0,1,0,1,3,10,29,74,429,1749,2985,2307,1028,679,445,312,238,186,145,85,70,83,47,407,0.19227,0.26351,0.20365,0.15069,0.46716,0.81012
SBGR,2020-11,DEP,6919,1,0,1,0,0,0,2,0,3,16,107,552,2501,1661,504,384,339,211,152,113,85,47,27,27,17,160,0.09524,0.36147,0.24006,0.12834,0.60153,0.82512
SBGR,2021-11,DEP,9134,0,1,0,0,1,1,0,8,4,18,59,624,2849,2129,601,381,363,475,380,279,203,146,117,60,46,371,0.07478,0.31191,0.23309,0.10751,0.545,0.72728
SBGR,2019-12,DEP,12687,1,2,0,0,1,1,3,5,18,57,373,1403,2857,2569,1303,929,670,497,372,303,220,156,127,133,87,582,0.13999,0.22519,0.20249,0.17593,0.42768,0.7436
SBGR,2020-12,DEP,8172,2,1,1,0,0,0,3,0,3,8,53,507,2563,1916,629,499,406,350,257,202,142,117,81,58,50,313,0.06853,0.31363,0.23446,0.13803,0.54809,0.75465
SBGR,2021-12,DEP,10061,3,0,0,0,1,0,4,3,4,10,45,523,2248,2138,867,528,497,590,444,409,362,233,166,140,107,707,0.05646,0.22344,0.2125,0.13865,0.43594,0.63105
SBKP,2019-01,DEP,4554,11,0,2,1,1,3,2,4,9,22,63,239,861,1347,679,389,252,189,110,71,46,48,34,22,19,121,0.06632,0.18906,0.29578,0.23452,0.48485,0.78568
SBKP,2020-01,DEP,4539,1,0,1,0,0,1,1,8,12,23,81,481,1126,1082,529,356,219,127,100,69,56,32,38,28,22,141,0.12382,0.24807,0.23838,0.19498,0.48645,0.80524
SBKP,2021-01,DEP,4200,11,2,2,4,4,4,2,4,7,28,138,661,1278,956,362,216,134,89,52,45,26,24,20,10,17,100,0.19024,0.30429,0.22762,0.13762,0.5319,0.85976
SBKP,2022-01,DEP,3990,8,1,1,1,2,3,3,4,8,14,45,372,1019,1013,485,288,168,117,82,56,44,36,24,22,19,145,0.10451,0.25539,0.25388,0.19373,0.50927,0.80752
SBKP,2019-02,DEP,4313,4,1,1,1,3,3,2,1,8,20,36,207,690,1159,670,434,238,195,125,69,73,36,52,32,42,196,0.05634,0.15998,0.26872,0.25597,0.4287,0.74102
SBKP,2020-02,DEP,4192,1,0,1,0,1,1,3,4,13,20,112,525,1112,957,449,295,182,110,87,60,36,33,26,19,16,127,0.15196,0.26527,0.22829,0.17748,0.49356,0.823
SBKP,2021-02,DEP,3536,5,0,1,0,1,2,0,4,3,18,106,524,1129,823,336,178,105,54,34,29,22,18,20,13,13,85,0.17817,0.31929,0.23275,0.14536,0.55204,0.87557
SBKP,2022-02,DEP,4050,5,1,1,0,2,3,1,1,9,17,76,625,1424,929,323,179,110,67,35,31,18,19,17,11,13,128,0.17309,0.3516,0.22938,0.12395,0.58099,0.87802
SBKP,2019-03,DEP,4491,3,0,0,1,1,3,3,4,5,12,49,290,917,1336,650,371,233,164,77,67,43,30,33,21,27,141,0.07548,0.20419,0.29748,0.22734,0.50167,0.8045
SBKP,2020-03,DEP,3143,5,0,3,1,1,2,3,6,9,16,118,529,921,691,273,168,102,63,41,28,23,13,11,9,11,89,0.20585,0.29303,0.21985,0.14031,0.51289,0.85905
SBKP,2021-03,DEP,3768,7,0,2,2,1,0,3,6,3,14,146,616,1201,925,298,165,81,60,31,22,20,15,12,13,14,101,0.20223,0.31874,0.24549,0.12288,0.56423,0.88933
SBKP,2022-03,DEP,4798,2,0,1,0,2,2,6,3,4,15,75,677,1715,1109,437,214,115,68,51,45,29,22,23,16,14,148,0.15673,0.35744,0.23114,0.13568,0.58858,0.88099
SBKP,2019-04,DEP,4449,3,0,2,1,3,3,1,3,3,12,47,218,789,1326,670,393,273,143,118,78,58,43,31,27,23,171,0.05956,0.17734,0.29804,0.23893,0.47539,0.77388
SBKP,2020-04,DEP,892,6,0,0,0,1,2,10,8,7,22,66,157,184,158,79,48,30,20,12,11,9,6,2,1,1,42,0.25,0.20628,0.17713,0.14238,0.38341,0.77578
SBKP,2021-04,DEP,3187,11,0,1,0,2,1,2,6,12,17,142,580,1051,679,242,139,59,48,26,27,15,15,8,12,6,78,0.22655,0.32978,0.21305,0.11955,0.54283,0.88892
SBKP,2022-04,DEP,4749,4,0,1,1,1,0,1,9,4,16,83,610,1696,1121,428,241,126,81,58,33,45,28,18,21,23,96,0.14593,0.35713,0.23605,0.14087,0.59318,0.87997
SBKP,2019-05,DEP,4613,8,1,2,0,0,1,1,4,6,16,50,259,832,1320,654,389,252,176,100,82,62,53,48,50,35,205,0.06698,0.18036,0.28615,0.2261,0.46651,0.75959
SBKP,2020-05,DEP,1251,6,0,1,2,2,4,7,7,13,22,98,231,366,214,95,47,28,10,8,10,9,5,2,6,0,50,0.26299,0.29257,0.17106,0.11351,0.46363,0.84013
SBKP,2021-05,DEP,3746,9,2,1,2,1,5,10,5,9,16,118,620,1274,869,327,146,80,47,32,17,23,19,11,9,6,74,0.19701,0.3401,0.23198,0.12627,0.57208,0.89536
SBKP,2022-05,DEP,5440,3,0,1,3,2,2,4,6,8,20,63,572,1678,1322,536,338,203,123,79,72,49,41,42,41,23,202,0.11673,0.30846,0.24301,0.16066,0.55147,0.82886
SBKP,2019-06,DEP,4471,5,2,0,0,1,3,3,3,5,13,48,234,843,1337,670,433,234,156,95,82,58,35,26,21,29,132,0.06307,0.18855,0.29904,0.2467,0.48759,0.79736
SBKP,2020-06,DEP,1542,7,0,1,0,2,2,1,7,10,23,80,208,442,365,126,68,37,18,23,17,10,6,7,10,6,62,0.18677,0.28664,0.23671,0.12581,0.52335,0.83593
SBKP,2021-06,DEP,3929,7,0,1,0,3,2,3,8,6,17,99,504,1265,955,350,209,147,87,44,29,25,17,20,8,6,99,0.15347,0.32196,0.24306,0.14228,0.56503,0.86078
SBKP,2019-07,DEP,4787,6,2,3,0,3,0,2,2,3,6,45,213,846,1319,743,422,302,201,122,104,76,44,41,37,32,204,0.0539,0.17673,0.27554,0.24337,0.45227,0.74953
SBKP,2020-07,DEP,2061,6,0,0,2,1,2,2,3,15,20,47,232,602,570,207,102,63,32,31,17,10,10,4,10,4,63,0.13537,0.29209,0.27656,0.14993,0.56866,0.85395
SBKP,2021-07,DEP,4313,5,1,1,1,2,3,4,3,12,23,76,402,1297,1249,493,243,138,89,51,32,22,20,10,18,5,105,0.11083,0.30072,0.28959,0.17065,0.59031,0.87178
SBKP,2019-08,DEP,4707,7,2,0,1,1,1,0,1,6,10,63,417,1185,1376,593,350,210,116,87,65,34,23,17,16,19,102,0.10198,0.25175,0.29233,0.20034,0.54408,0.8464
SBKP,2020-08,DEP,2404,3,1,2,1,1,2,4,7,8,22,104,448,777,509,177,92,60,36,13,16,7,10,8,4,8,79,0.22962,0.32321,0.21173,0.1119,0.53494,0.87646
SBKP,2021-08,DEP,4743,3,0,2,2,1,2,4,4,8,18,145,786,1573,1099,407,191,128,62,42,35,24,16,19,15,20,129,0.19629,0.33165,0.23171,0.12608,0.56336,0.88573
SBKP,2019-09,DEP,4447,5,2,1,1,2,1,2,1,6,7,50,303,954,1175,578,380,259,149,127,87,68,51,39,27,17,147,0.07938,0.21453,0.26422,0.21543,0.47875,0.77356
SBKP,2020-09,DEP,2740,4,0,0,1,2,1,2,4,6,26,95,445,888,625,257,111,65,34,28,22,5,9,9,10,6,81,0.19708,0.32409,0.2281,0.13431,0.55219,0.88358
SBKP,2021-09,DEP,4554,4,0,0,1,2,1,3,7,8,17,109,651,1485,1112,417,232,134,94,43,37,19,22,12,8,4,124,0.16689,0.32609,0.24418,0.14251,0.57027,0.87967
SBKP,2019-10,DEP,4590,3,2,1,0,2,8,2,3,5,13,36,266,880,1197,614,421,279,176,145,94,72,64,38,33,28,202,0.0658,0.19172,0.26078,0.22549,0.45251,0.74379
SBKP,2020-10,DEP,3407,8,2,2,3,0,5,4,5,9,25,95,396,952,859,351,207,111,80,58,28,35,22,13,16,8,106,0.14412,0.27942,0.25213,0.16378,0.53155,0.83945
SBKP,2021-10,DEP,4599,3,0,1,2,1,0,4,6,12,12,70,463,1324,1138,545,316,184,93,67,63,42,34,21,24,18,144,0.11589,0.28789,0.24745,0.18721,0.53533,0.83844
SBKP,2019-11,DEP,4359,10,0,0,0,3,1,3,3,7,21,60,385,944,1110,520,328,209,137,112,92,61,48,38,43,26,190,0.10209,0.21656,0.25465,0.19454,0.47121,0.76784
SBKP,2020-11,DEP,3897,12,1,0,1,2,5,8,11,10,20,93,398,1000,897,412,275,170,124,83,62,37,31,28,23,26,155,0.12599,0.25661,0.23018,0.17629,0.48678,0.78907
SBKP,2021-11,DEP,4339,5,1,0,5,0,3,6,6,5,12,59,342,1012,1071,550,344,203,144,133,63,45,45,32,23,17,198,0.09242,0.23323,0.24683,0.20604,0.48006,0.77852
SBKP,2019-12,DEP,4396,5,0,0,1,0,1,0,6,13,15,70,381,1002,1154,574,335,214,134,108,71,57,50,31,18,14,136,0.10259,0.22793,0.26251,0.20678,0.49045,0.79982
SBKP,2020-12,DEP,4082,9,1,2,7,2,2,3,6,8,18,94,422,1101,1033,449,253,173,110,59,43,35,31,20,25,14,147,0.12641,0.26972,0.25306,0.17197,0.52278,0.82117
SBKP,2021-12,DEP,4727,5,0,0,1,1,4,1,5,5,6,38,260,1008,1207,670,425,243,184,126,80,59,49,32,33,28,237,0.06304,0.21324,0.25534,0.23165,0.46858,0.76327
SBRF,2019-01,DEP,3208,0,0,0,0,0,0,0,1,0,5,67,384,711,746,369,248,178,113,76,74,48,24,31,14,14,104,0.14059,0.22163,0.23254,0.19233,0.45418,0.78709
SBRF,2020-01,DEP,3524,7,1,1,0,0,0,0,3,4,14,126,591,986,734,303,209,144,101,70,48,35,24,16,11,13,79,0.20346,0.2798,0.20829,0.14529,0.48808,0.83683
SBRF,2021-01,DEP,2996,0,0,1,0,0,0,1,3,9,32,214,521,750,599,269,195,120,70,57,47,24,16,10,11,8,39,0.24533,0.25033,0.19993,0.15487,0.45027,0.85047
SBRF,2022-01,DEP,3255,0,0,0,1,0,0,1,1,8,14,101,481,858,713,283,206,154,107,60,44,46,44,22,16,10,85,0.1788,0.26359,0.21905,0.15023,0.48264,0.81167
SBRF,2019-02,DEP,2807,0,0,0,0,0,0,0,1,1,6,46,295,665,657,312,221,156,113,69,43,44,29,28,24,16,81,0.12148,0.23691,0.23406,0.18988,0.47097,0.78233
SBRF,2020-02,DEP,2990,6,0,1,3,2,2,0,0,4,16,176,611,918,597,196,139,89,48,31,22,24,17,11,3,12,59,0.26321,0.30702,0.19967,0.11204,0.50669,0.88194
SBRF,2021-02,DEP,2359,0,0,0,0,0,0,0,1,4,24,199,530,765,431,145,90,47,23,21,19,8,8,8,6,5,25,0.30903,0.32429,0.1827,0.09962,0.50699,0.91564
SBRF,2022-02,DEP,2633,0,0,0,0,1,2,1,3,6,25,158,696,830,481,153,90,46,38,21,15,11,7,3,5,3,37,0.32434,0.31523,0.18268,0.09229,0.49791,0.91455
SBRF,2019-03,DEP,2971,0,0,0,0,1,0,1,2,3,7,75,373,693,747,348,204,124,86,66,44,31,29,28,13,11,83,0.15079,0.23325,0.25143,0.1858,0.48469,0.82127
SBRF,2020-03,DEP,2192,1,0,0,0,1,0,0,2,3,19,133,427,629,438,164,110,71,49,29,20,19,10,15,7,2,42,0.25547,0.28695,0.19982,0.125,0.48677,0.86724
SBRF,2021-03,DEP,2405,0,0,0,0,0,0,0,3,7,42,212,594,689,468,158,74,45,27,21,12,12,10,4,3,2,22,0.33514,0.28649,0.19459,0.09647,0.48108,0.91268
SBRF,2022-03,DEP,3170,0,0,0,0,0,0,1,4,11,25,154,749,1020,620,205,129,66,39,26,19,15,11,11,8,11,45,0.28486,0.32177,0.19558,0.10536,0.51735,0.90757
SBRF,2019-04,DEP,2707,0,1,0,0,1,0,1,1,4,7,55,321,649,634,292,198,138,89,90,46,32,27,24,17,10,69,0.1389,0.23975,0.23421,0.18101,0.47396,0.79387
SBRF,2020-04,DEP,280,1,0,0,0,2,0,0,2,5,16,50,73,49,43,9,8,6,3,3,0,3,1,0,1,0,4,0.43929,0.175,0.15357,0.06071,0.32857,0.82857
SBRF,2021-04,DEP,1862,0,0,0,0,0,0,2,1,11,34,146,445,596,313,119,53,42,24,17,4,15,7,3,6,3,20,0.3174,0.32009,0.1681,0.09237,0.48818,0.89796
SBRF,2022-04,DEP,2863,0,0,0,0,0,1,0,1,0,16,143,727,903,560,165,111,53,42,41,21,13,6,7,7,7,39,0.30388,0.3154,0.1956,0.0964,0.511,0.91128
SBRF,2019-05,DEP,2753,4,1,1,1,0,1,0,0,3,10,88,432,697,655,274,180,128,64,40,30,24,21,12,14,9,62,0.18888,0.25318,0.23792,0.16491,0.4911,0.8449
SBRF,2020-05,DEP,355,0,0,1,0,0,0,1,1,6,17,53,105,85,22,27,13,6,1,2,2,2,3,2,0,0,6,0.44507,0.23944,0.06197,0.11268,0.30141,0.85915
SBRF,2021-05,DEP,2208,0,0,0,0,0,1,1,6,12,32,188,539,672,396,114,79,48,29,17,12,9,6,1,7,2,36,0.32926,0.30435,0.17935,0.08741,0.4837,0.90036
SBRF,2022-05,DEP,3137,0,0,0,0,0,0,0,3,2,15,140,666,969,606,206,139,96,69,43,38,23,14,11,12,12,71,0.25693,0.30889,0.19318,0.10998,0.50207,0.86898
SBRF,2019-06,DEP,2718,0,1,1,1,0,1,1,1,2,10,101,402,673,596,270,143,125,94,48,30,38,15,19,12,12,121,0.18506,0.24761,0.21928,0.15195,0.46689,0.8039
SBRF,2020-06,DEP,574,1,0,0,0,2,2,0,4,10,25,96,153,116,69,35,20,3,10,6,4,2,2,3,1,1,8,0.4338,0.20209,0.12021,0.09582,0.3223,0.85192
SBRF,2021-06,DEP,2492,0,0,0,0,0,1,2,1,12,36,193,595,730,446,162,106,52,39,23,24,17,9,7,3,3,30,0.31621,0.29294,0.17897,0.10754,0.47191,0.89567
SBRF,2019-07,DEP,3215,1,0,0,1,0,1,1,4,3,10,94,440,798,793,365,205,134,94,59,35,33,26,17,13,10,76,0.1661,0.24821,0.24666,0.17729,0.49487,0.83826
SBRF,2020-07,DEP,906,0,0,0,1,0,0,1,0,5,26,133,234,180,125,50,39,28,23,10,7,7,8,3,5,2,19,0.40508,0.19868,0.13797,0.09823,0.33664,0.83996
SBRF,2021-07,DEP,3028,0,0,0,2,1,0,1,3,8,50,229,700,903,553,204,113,71,47,29,17,16,20,6,10,2,43,0.3068,0.29822,0.18263,0.10469,0.48085,0.89234
SBRF,2019-08,DEP,2975,0,0,1,0,0,0,0,2,4,21,146,526,762,643,256,173,113,75,62,38,25,13,15,11,13,76,0.22588,0.25613,0.21613,0.1442,0.47227,0.84235
SBRF,2020-08,DEP,1036,3,2,0,0,1,0,0,1,6,12,135,336,280,144,41,15,19,11,8,3,4,2,0,3,0,10,0.45463,0.27027,0.139,0.05405,0.40927,0.91795
SBRF,2021-08,DEP,2947,0,0,2,2,1,1,1,2,5,37,209,707,892,536,210,112,64,42,33,17,12,9,6,9,2,35,0.31082,0.30268,0.18188,0.10926,0.48456,0.90465
SBRF,2019-09,DEP,2878,0,0,0,0,0,0,1,1,1,14,179,539,723,595,246,181,104,64,45,42,31,10,13,10,10,67,0.24948,0.25122,0.20674,0.14837,0.45796,0.8558
SBRF,2020-09,DEP,1231,0,0,0,1,0,0,2,6,5,22,96,335,338,223,85,30,31,16,7,5,7,4,2,2,0,14,0.35012,0.27457,0.18115,0.09342,0.45573,0.89927
SBRF,2021-09,DEP,2846,0,0,0,1,1,1,3,2,5,26,180,597,852,595,204,113,71,40,45,18,22,6,11,8,6,39,0.27301,0.29937,0.20907,0.11138,0.50843,0.89283
SBRF,2019-10,DEP,3086,0,0,0,0,0,1,0,0,5,12,105,413,768,694,309,222,123,98,76,53,47,23,18,13,17,88,0.16785,0.24887,0.22489,0.17207,0.47375,0.81367
SBRF,2020-10,DEP,1910,0,0,0,0,0,1,1,2,3,14,161,487,581,315,140,63,48,16,18,9,10,3,3,6,3,23,0.33927,0.30419,0.16492,0.10628,0.46911,0.91466
SBRF,2021-10,DEP,2839,0,0,0,2,0,0,1,3,1,15,148,566,846,610,229,130,74,49,34,25,18,13,12,8,8,46,0.2515,0.29799,0.21486,0.12645,0.51286,0.89081
SBRF,2019-11,DEP,2876,3,2,2,2,1,1,1,0,3,19,134,463,684,612,259,190,118,76,52,44,38,37,24,22,7,79,0.20758,0.23783,0.2128,0.15612,0.45063,0.81433
SBRF,2020-11,DEP,2131,2,0,0,1,0,1,0,6,7,18,88,345,588,464,198,138,75,59,33,27,18,8,7,7,4,36,0.20319,0.27593,0.21774,0.15767,0.49366,0.85453
SBRF,2021-11,DEP,2788,0,0,1,0,0,1,1,1,6,20,119,504,810,561,232,166,84,55,42,34,25,15,22,14,8,64,0.22346,0.29053,0.20122,0.14275,0.49175,0.85796
SBRF,2019-12,DEP,3171,4,1,0,0,0,2,1,0,4,19,132,544,769,629,291,173,148,111,78,35,39,35,26,18,15,94,0.21318,0.24251,0.19836,0.14633,0.44087,0.80038
SBRF,2020-12,DEP,2687,0,0,1,0,0,1,2,2,9,41,195,464,660,562,254,163,94,68,45,26,22,12,10,10,7,34,0.24525,0.24563,0.20916,0.15519,0.45478,0.85523
SBRF,2021-12,DEP,3402,0,0,0,2,0,1,1,3,3,25,135,607,949,710,282,160,130,89,65,35,28,37,17,13,11,99,0.21811,0.27895,0.2087,0.12992,0.48765,0.83568
SBRJ,2019-01,DEP,3694,0,0,0,0,0,0,0,0,0,1,57,524,958,846,336,268,168,104,74,76,58,38,35,16,28,106,0.15728,0.25934,0.22902,0.16351,0.48836,0.80915
SBRJ,2020-01,DEP,4525,0,0,0,0,0,0,0,0,0,2,86,788,1292,916,406,271,228,114,92,66,51,40,40,24,15,93,0.19315,0.28552,0.20243,0.14961,0.48796,0.83072
SBRJ,2021-01,DEP,2841,0,0,0,0,0,0,0,1,0,5,85,646,857,657,210,124,78,63,23,17,13,10,14,5,4,29,0.2573,0.30165,0.23126,0.11756,0.53291,0.90778
SBRJ,2022-01,DEP,3054,0,0,0,0,0,0,0,0,1,3,68,617,965,632,205,152,87,64,54,39,25,24,12,22,14,70,0.2243,0.31598,0.20694,0.1169,0.52292,0.86411
SBRJ,2019-02,DEP,3328,0,0,0,0,0,0,0,0,0,0,40,510,801,682,338,239,144,129,75,62,49,46,41,35,23,113,0.16526,0.24069,0.20493,0.17338,0.44561,0.78425
SBRJ,2020-02,DEP,3998,0,0,0,0,0,0,0,0,0,0,89,708,1081,793,329,222,161,103,90,74,60,43,43,25,22,150,0.19935,0.27039,0.19835,0.13782,0.46873,0.8059
SBRJ,2021-02,DEP,2136,0,0,0,0,0,0,0,0,0,1,87,522,707,425,131,96,50,35,18,18,12,5,7,1,5,16,0.28511,0.33099,0.19897,0.10627,0.52996,0.92135
SBRJ,2022-02,DEP,2714,0,0,0,0,0,0,0,0,1,0,68,784,1015,514,114,75,49,31,10,7,4,5,3,3,3,26,0.31393,0.37399,0.18939,0.06964,0.56338,0.94694
SBRJ,2019-03,DEP,3529,0,0,0,0,0,1,1,0,0,0,55,544,953,748,286,192,180,114,93,59,49,44,32,32,22,124,0.16974,0.27005,0.21196,0.13545,0.48201,0.78719
SBRJ,2020-03,DEP,2877,0,0,0,0,0,0,0,0,1,5,103,856,978,517,151,102,53,21,18,20,5,7,6,5,5,24,0.33333,0.33994,0.1797,0.08794,0.51964,0.94091
SBRJ,2021-03,DEP,1814,0,0,0,0,0,0,0,0,0,2,110,530,572,297,108,67,26,25,15,12,12,4,4,2,1,27,0.35281,0.31533,0.16373,0.09647,0.47905,0.92834
SBRJ,2022-03,DEP,3342,0,0,0,0,0,0,0,0,0,0,86,820,1088,740,221,133,67,53,25,22,12,10,6,5,8,46,0.2711,0.32555,0.22142,0.10592,0.54698,0.924
SBRJ,2019-04,DEP,3568,0,0,0,0,0,0,2,0,0,0,54,533,948,805,384,222,137,106,77,47,25,34,26,25,17,126,0.16452,0.2657,0.22562,0.16984,0.49131,0.82567
SBRJ,2020-04,DEP,188,0,0,0,0,0,0,0,0,0,1,17,56,55,32,12,7,0,4,1,2,0,0,0,0,1,0,0.3883,0.29255,0.17021,0.10106,0.46277,0.95213
SBRJ,2021-04,DEP,1314,0,0,0,0,0,0,0,0,0,0,72,380,475,247,57,34,15,10,4,1,2,2,3,2,1,9,0.34399,0.36149,0.18798,0.06925,0.54947,0.96271
SBRJ,2022-04,DEP,3671,0,0,0,0,0,1,0,0,1,2,74,766,1128,778,326,187,102,87,60,34,26,19,11,8,14,45,0.22882,0.30727,0.21193,0.13974,0.5192,0.88777
SBRJ,2019-05,DEP,3623,0,0,0,0,0,0,0,0,0,1,66,676,1057,804,334,201,116,78,46,44,38,30,28,19,12,72,0.2048,0.29175,0.22192,0.14767,0.51366,0.86613
SBRJ,2020-05,DEP,244,0,0,0,0,0,0,0,0,0,0,25,81,76,38,11,2,2,0,3,0,2,0,1,0,1,2,0.43443,0.31148,0.15574,0.05328,0.46721,0.95492
SBRJ,2021-05,DEP,1749,0,0,0,0,0,0,0,0,0,4,71,540,635,305,72,33,21,14,7,9,5,5,8,5,3,12,0.34934,0.36306,0.17439,0.06003,0.53745,0.94683
SBRJ,2022-05,DEP,4198,0,0,0,0,0,0,0,0,0,1,107,970,1380,862,323,164,114,59,40,33,25,24,13,11,14,57,0.25655,0.32873,0.20534,0.11601,0.53406,0.90662
SBRJ,2019-06,DEP,3270,0,0,0,0,0,0,0,0,0,1,77,674,1056,681,256,137,115,72,53,33,21,21,20,11,7,35,0.22966,0.32294,0.20826,0.12018,0.53119,0.88104
SBRJ,2020-06,DEP,462,0,0,0,0,0,0,0,0,0,2,33,173,142,71,13,6,10,2,2,2,0,0,0,1,1,4,0.44589,0.30736,0.15368,0.04113,0.46104,0.94805
SBRJ,2021-06,DEP,2033,0,0,0,0,0,0,0,0,0,3,94,571,701,416,100,47,29,19,10,5,7,5,3,3,6,14,0.3271,0.34481,0.20462,0.07231,0.54943,0.94884
SBRJ,2019-07,DEP,3599,0,0,0,0,0,0,0,0,0,1,77,639,1055,794,330,217,141,96,65,47,32,17,18,12,12,45,0.19894,0.29314,0.22062,0.15199,0.51375,0.86468
SBRJ,2020-07,DEP,776,0,0,0,0,0,0,0,0,0,6,68,284,229,108,28,15,9,2,5,5,2,2,4,2,0,7,0.45361,0.2951,0.13918,0.05541,0.43428,0.9433
SBRJ,2021-07,DEP,2593,0,0,0,0,0,0,0,0,0,3,123,728,821,525,167,85,33,25,19,12,3,6,6,3,5,29,0.32819,0.31662,0.20247,0.09718,0.51909,0.94447
SBRJ,2019-08,DEP,2838,0,0,0,0,0,0,0,0,0,0,57,653,882,573,234,123,72,65,46,34,29,16,11,12,5,26,0.25018,0.31078,0.2019,0.12579,0.51268,0.88865
SBRJ,2020-08,DEP,1057,0,0,0,0,0,0,0,0,1,3,71,323,340,191,57,24,13,4,3,3,7,1,2,3,0,11,0.37275,0.32167,0.1807,0.07663,0.50237,0.95175
SBRJ,2021-08,DEP,2667,0,0,0,0,0,0,0,0,0,3,160,869,887,456,119,46,36,21,18,7,6,7,5,5,0,22,0.38583,0.33258,0.17098,0.06187,0.50356,0.95126
SBRJ,2019-09,DEP,1546,1,0,0,0,0,0,0,0,0,0,36,348,438,304,116,69,43,44,26,19,8,12,13,8,5,56,0.24838,0.28331,0.19664,0.11966,0.47995,0.84799
SBRJ,2020-09,DEP,1528,0,0,0,0,0,0,0,0,0,1,66,427,514,305,87,40,27,13,9,9,5,6,3,0,0,15,0.32264,0.33639,0.19961,0.08312,0.53599,0.94175
SBRJ,2021-09,DEP,2822,0,0,0,0,0,0,0,0,0,0,82,725,1006,562,179,94,48,26,25,13,14,6,4,8,2,27,0.28597,0.35648,0.19915,0.09674,0.55563,0.93834
SBRJ,2019-10,DEP,4121,0,0,0,0,0,0,0,0,0,0,83,772,1232,841,353,209,164,111,68,67,50,31,31,15,16,78,0.20747,0.29896,0.20408,0.13637,0.50303,0.84688
SBRJ,2020-10,DEP,2053,0,0,0,0,0,0,0,0,0,4,89,544,657,395,136,73,42,23,18,12,8,4,4,3,3,38,0.30833,0.32002,0.1924,0.1018,0.51242,0.92255
SBRJ,2021-10,DEP,2855,1,0,0,0,0,0,0,0,0,2,54,560,913,603,226,148,90,43,38,21,19,21,13,8,9,86,0.21506,0.31979,0.21121,0.131,0.531,0.87706
SBRJ,2019-11,DEP,4037,0,0,0,0,0,0,0,0,0,2,71,697,1175,788,367,206,140,112,87,71,51,34,29,26,24,157,0.19024,0.29106,0.19519,0.14194,0.48625,0.81843
SBRJ,2020-11,DEP,2330,0,0,0,0,0,0,0,0,0,3,51,447,698,518,181,126,75,48,34,27,16,20,12,10,13,51,0.21373,0.29957,0.22232,0.13176,0.52189,0.86738
SBRJ,2021-11,DEP,3012,0,0,0,0,0,0,0,0,0,0,23,401,871,691,286,182,135,87,84,52,32,20,23,24,11,89,0.14077,0.28918,0.22942,0.15538,0.51859,0.81474
SBRJ,2019-12,DEP,4341,0,0,0,0,0,0,0,0,1,1,86,673,1051,886,360,257,199,169,119,108,64,47,41,49,35,195,0.17484,0.24211,0.2041,0.14213,0.44621,0.76319
SBRJ,2020-12,DEP,2833,0,0,0,0,0,0,0,0,0,2,71,593,804,642,233,140,112,63,47,30,24,19,9,8,3,32,0.23438,0.2838,0.22661,0.13166,0.51041,0.87646
SBRJ,2021-12,DEP,3425,0,0,0,0,0,0,0,0,0,2,53,508,861,719,336,262,160,102,87,77,43,36,23,20,19,116,0.1638,0.25139,0.20993,0.1746,0.46131,0.79971
SBSP,2019-01,DEP,7666,0,0,0,0,0,0,0,0,0,1,118,1174,2101,1543,704,472,334,269,204,139,144,88,74,51,52,198,0.16854,0.27407,0.20128,0.1534,0.47535,0.79729
SBSP,2020-01,DEP,7854,0,0,0,0,0,0,0,0,0,5,419,1847,2229,1416,615,384,281,162,104,86,65,50,40,20,21,110,0.28852,0.2838,0.18029,0.1272,0.46409,0.87981
SBSP,2021-01,DEP,3462,1,0,0,1,0,0,0,0,1,10,370,1154,922,497,163,108,72,51,27,16,11,7,10,6,4,31,0.44021,0.26632,0.14356,0.07828,0.40988,0.92837
SBSP,2022-01,DEP,5332,0,0,0,0,0,0,1,0,1,3,190,1195,1550,1015,403,258,149,114,97,74,44,33,44,21,25,114,0.25975,0.2907,0.19036,0.12397,0.48106,0.86478
SBSP,2019-02,DEP,6818,0,0,0,0,0,0,0,0,0,2,70,866,1712,1424,735,447,403,247,202,133,138,89,67,59,49,175,0.13728,0.2511,0.20886,0.17336,0.45996,0.77061
SBSP,2020-02,DEP,6996,1,0,0,0,0,0,0,0,0,3,261,1539,1852,1285,517,334,251,197,137,124,104,65,57,41,35,192,0.25729,0.26472,0.18368,0.12164,0.4484,0.82733
SBSP,2021-02,DEP,2564,1,0,0,0,0,0,0,0,0,5,328,1002,723,299,75,42,19,20,11,4,4,5,3,2,2,19,0.51872,0.28198,0.11661,0.04563,0.3986,0.96295
SBSP,2022-02,DEP,4079,0,0,0,0,0,0,0,0,0,3,262,1351,1262,636,207,126,76,41,34,14,14,10,8,5,3,27,0.39544,0.30939,0.15592,0.08164,0.46531,0.94239
SBSP,2019-03,DEP,7236,0,0,0,0,0,0,0,0,0,1,107,1253,2099,1478,631,398,278,187,165,125,95,81,56,49,31,202,0.18795,0.29008,0.20426,0.14221,0.49433,0.82449
SBSP,2020-03,DEP,4983,0,0,0,0,0,0,0,0,1,4,314,1605,1555,792,305,156,73,48,36,21,13,9,6,6,5,34,0.38511,0.31206,0.15894,0.09251,0.471,0.94863
SBSP,2021-03,DEP,2081,0,0,0,0,0,0,0,0,0,11,292,926,535,185,58,26,13,10,5,2,1,4,2,2,1,8,0.5853,0.25709,0.0889,0.04037,0.34599,0.97165
SBSP,2022-03,DEP,4629,0,0,0,0,0,0,1,0,0,3,266,1437,1454,804,227,154,78,53,31,29,18,8,12,11,10,33,0.3679,0.31411,0.17369,0.08231,0.48779,0.938
SBSP,2019-04,DEP,7107,0,0,0,0,0,0,0,0,0,1,142,1325,1981,1498,579,416,265,197,134,116,76,66,57,36,16,201,0.20642,0.27874,0.21078,0.14,0.48952,0.83594
SBSP,2020-04,DEP,44,1,1,0,0,0,0,0,0,0,1,11,21,8,1,0,0,0,0,0,0,0,0,0,0,0,0,0.72727,0.18182,0.02273,0,0.20455,0.93182
SBSP,2021-04,DEP,1159,0,0,0,0,0,0,0,0,0,8,166,577,297,67,20,6,6,3,2,1,0,1,0,1,0,4,0.64107,0.25626,0.05781,0.02243,0.31406,0.97757
SBSP,2022-04,DEP,5310,0,0,0,0,0,0,0,0,0,3,172,1288,1693,1108,389,227,140,90,50,35,24,21,10,15,2,43,0.27495,0.31883,0.20866,0.11601,0.5275,0.91846
SBSP,2019-05,DEP,7141,0,0,0,0,0,0,0,0,0,0,192,1628,2199,1461,518,367,212,152,102,86,58,32,24,27,15,68,0.25487,0.30794,0.20459,0.12393,0.51253,0.89133
SBSP,2020-05,DEP,25,0,0,0,0,0,0,0,0,0,1,8,11,1,1,0,1,1,0,0,0,0,1,0,0,0,0,0.76,0.04,0.04,0.04,0.08,0.88
SBSP,2021-05,DEP,1743,0,0,0,0,0,0,0,0,0,1,161,739,539,194,35,25,10,5,6,4,1,7,0,3,5,8,0.51635,0.30924,0.1113,0.03442,0.42054,0.97131
SBSP,2022-05,DEP,6398,0,0,0,0,0,0,0,0,0,6,218,1453,2034,1287,502,278,178,119,91,48,32,30,12,12,11,87,0.26118,0.31791,0.20116,0.12191,0.51907,0.90216
SBSP,2019-06,DEP,6512,0,0,0,0,0,0,0,0,0,3,172,1545,1944,1289,541,323,203,148,105,54,38,39,27,12,21,48,0.26367,0.29853,0.19794,0.13268,0.49647,0.89281
SBSP,2020-06,DEP,371,0,0,0,0,0,0,0,0,0,4,95,176,66,16,5,3,1,1,1,0,1,0,0,0,0,2,0.73046,0.1779,0.04313,0.02156,0.22102,0.97305
SBSP,2021-06,DEP,2127,0,0,0,0,0,0,0,0,0,1,191,889,599,243,58,38,31,21,9,11,9,2,6,4,2,13,0.50776,0.28162,0.11425,0.04513,0.39586,0.94875
SBSP,2019-07,DEP,7119,0,0,0,0,0,0,0,0,0,2,206,1431,2027,1382,565,448,280,196,155,98,69,52,46,37,21,104,0.22995,0.28473,0.19413,0.1423,0.47886,0.8511
SBSP,2020-07,DEP,680,0,0,0,0,0,0,0,0,0,7,187,330,103,34,4,1,2,3,1,1,1,0,0,0,0,6,0.76029,0.15147,0.05,0.00735,0.20147,0.96912
SBSP,2021-07,DEP,3343,0,0,0,0,0,0,0,0,0,4,299,1234,973,455,140,87,45,25,17,6,5,8,5,2,4,34,0.45857,0.29106,0.13611,0.0679,0.42716,0.95363
SBSP,2019-08,DEP,7049,0,0,0,0,0,0,0,0,0,2,206,1650,2108,1371,539,374,238,162,108,79,53,36,28,20,19,56,0.2633,0.29905,0.1945,0.12952,0.49355,0.88637
SBSP,2020-08,DEP,535,0,0,0,0,0,0,1,1,1,2,72,228,138,46,15,6,5,2,2,4,3,0,2,1,1,5,0.56075,0.25794,0.08598,0.03925,0.34393,0.94393
SBSP,2021-08,DEP,3261,1,1,1,1,0,1,0,0,1,6,364,1196,930,419,122,62,38,18,20,14,12,6,5,4,3,36,0.47838,0.28519,0.12849,0.05642,0.41368,0.94848
SBSP,2019-09,DEP,7265,0,0,0,0,0,0,0,0,0,4,168,1359,2042,1424,611,395,312,230,146,142,101,67,72,41,13,138,0.21019,0.28107,0.19601,0.13847,0.47708,0.82574
SBSP,2020-09,DEP,917,1,0,0,0,0,0,0,0,0,10,188,413,194,50,20,10,5,8,7,1,2,0,3,1,0,4,0.6554,0.21156,0.05453,0.03272,0.26609,0.9542
SBSP,2021-09,DEP,3774,0,0,0,0,0,0,0,0,0,2,265,1197,1257,559,186,97,65,34,27,16,19,8,9,2,4,27,0.38739,0.33307,0.14812,0.07499,0.48119,0.94356
SBSP,2019-10,DEP,7529,0,0,0,0,0,0,0,0,0,4,135,1402,2302,1529,693,428,300,209,145,85,69,45,35,29,20,99,0.20414,0.30575,0.20308,0.14889,0.50883,0.86187
SBSP,2020-10,DEP,1934,0,0,0,0,0,0,0,2,1,17,419,754,422,167,62,23,19,12,5,4,4,7,2,2,1,11,0.60651,0.2182,0.08635,0.04395,0.30455,0.95502
SBSP,2021-10,DEP,4067,0,0,0,0,0,0,0,0,0,2,171,1143,1205,774,281,157,92,59,37,32,23,22,13,11,3,42,0.32309,0.29629,0.19031,0.1077,0.4866,0.91738
SBSP,2019-11,DEP,7374,0,0,0,0,0,0,0,0,0,2,120,1097,1848,1491,677,468,388,271,213,168,126,89,68,51,44,248,0.16504,0.25061,0.2022,0.15528,0.45281,0.77312
SBSP,2020-11,DEP,2463,0,0,0,0,0,0,0,0,0,10,280,898,638,367,103,52,30,13,15,15,6,6,3,4,1,22,0.47828,0.25903,0.14901,0.06293,0.40804,0.94925
SBSP,2021-11,DEP,4380,0,0,0,0,0,0,0,0,0,0,131,892,1209,805,391,256,173,109,87,64,47,51,30,23,18,92,0.23356,0.27603,0.18379,0.14772,0.45982,0.8411
SBSP,2019-12,DEP,7619,0,0,0,0,0,0,0,0,0,6,225,1259,1811,1390,686,491,363,299,208,155,143,95,78,52,59,297,0.19478,0.2377,0.18244,0.15448,0.42013,0.76939
SBSP,2020-12,DEP,2975,0,0,0,0,0,0,0,0,0,9,234,872,811,501,169,112,76,47,38,33,15,15,11,5,8,19,0.37176,0.27261,0.1684,0.09445,0.44101,0.90723
SBSP,2021-12,DEP,5256,0,0,0,0,0,0,0,0,0,1,117,746,1249,990,527,393,295,212,160,107,98,70,51,43,43,154,0.16419,0.23763,0.18836,0.17504,0.42599,0.76522
SBSV,2019-01,DEP,3046,17,2,2,0,0,0,0,0,0,9,77,453,654,567,326,210,189,116,96,59,49,34,35,21,21,108,0.174,0.21471,0.18615,0.17597,0.40085,0.75082
SBSV,2020-01,DEP,2945,0,0,1,2,0,2,3,8,7,15,156,586,787,550,223,145,125,76,49,39,27,17,18,14,13,80,0.25195,0.26723,0.18676,0.12496,0.45399,0.8309
SBSV,2021-01,DEP,2557,1,2,0,1,1,0,0,1,3,21,229,604,603,476,220,135,84,53,33,23,21,7,7,4,2,25,0.32577,0.23582,0.18616,0.13883,0.42198,0.88659
SBSV,2022-01,DEP,2668,18,0,0,0,0,0,0,0,1,6,104,510,644,533,239,150,107,72,68,39,33,27,20,13,11,68,0.23013,0.24138,0.19978,0.1458,0.44115,0.81709
SBSV,2019-02,DEP,2392,7,3,1,0,0,2,0,0,4,12,80,327,467,443,271,186,151,95,76,50,33,26,24,23,13,94,0.17015,0.19523,0.1852,0.19105,0.38043,0.74164
SBSV,2020-02,DEP,2597,2,0,0,1,1,1,3,0,4,10,158,612,725,433,178,112,85,53,35,32,22,16,19,13,9,67,0.2965,0.27917,0.16673,0.11167,0.4459,0.85406
SBSV,2021-02,DEP,1706,0,0,0,0,0,0,0,1,8,38,245,577,414,211,87,36,29,14,11,8,5,2,4,3,1,12,0.48183,0.24267,0.12368,0.0721,0.36635,0.92028
SBSV,2022-02,DEP,2059,6,0,0,0,2,7,2,2,3,18,163,600,555,316,117,70,42,29,23,14,8,9,7,10,3,53,0.37057,0.26955,0.15347,0.09082,0.42302,0.88441
SBSV,2019-03,DEP,2543,0,0,0,0,0,0,0,3,1,13,92,340,524,474,250,187,133,107,77,51,44,32,28,35,23,127,0.16988,0.20606,0.18639,0.17184,0.39245,0.73417
SBSV,2020-03,DEP,1820,0,0,0,0,0,0,0,3,1,16,150,453,504,305,119,71,42,35,18,18,16,16,4,4,8,37,0.33132,0.27692,0.16758,0.1044,0.44451,0.88022
SBSV,2021-03,DEP,1500,0,0,0,0,0,0,0,0,3,14,211,522,416,184,69,31,18,8,7,4,0,2,2,0,1,8,0.48867,0.27733,0.12267,0.06667,0.4,0.95533
SBSV,2022-03,DEP,2354,0,0,0,0,0,1,0,3,9,26,189,756,589,339,148,85,53,41,16,17,12,12,5,7,5,40,0.40144,0.25021,0.14401,0.09898,0.39422,0.89465
SBSV,2019-04,DEP,2021,1,0,0,0,0,0,0,0,3,12,86,362,445,378,188,131,106,65,49,50,25,21,15,13,9,61,0.22167,0.22019,0.18704,0.15784,0.40722,0.78674
SBSV,2020-04,DEP,180,2,0,0,0,0,0,0,1,3,9,26,42,29,29,12,5,6,1,2,2,0,2,0,0,2,6,0.37778,0.16111,0.16111,0.09444,0.32222,0.79444
SBSV,2021-04,DEP,870,2,0,1,0,0,1,0,0,6,10,112,283,224,101,44,27,17,11,0,9,1,1,1,0,0,19,0.45402,0.25747,0.11609,0.08161,0.37356,0.9092
SBSV,2022-04,DEP,2085,0,0,0,0,0,1,0,1,9,27,140,592,559,338,142,64,56,39,24,17,13,9,4,2,4,41,0.35108,0.26811,0.16211,0.0988,0.43022,0.8801
SBSV,2019-05,DEP,1821,0,0,0,0,0,0,0,0,0,11,115,429,400,318,163,101,78,45,36,31,17,13,14,8,4,38,0.29874,0.21966,0.17463,0.14498,0.39429,0.838
SBSV,2020-05,DEP,235,1,0,0,1,0,0,2,0,10,13,36,72,45,27,9,8,3,0,1,0,0,0,1,0,0,6,0.45957,0.19149,0.11489,0.07234,0.30638,0.8383
SBSV,2021-05,DEP,1128,0,0,1,0,0,0,1,1,3,22,115,376,325,141,54,38,15,5,8,4,3,1,0,2,2,10,0.43528,0.28812,0.125,0.08156,0.41312,0.92996
SBSV,2022-05,DEP,2059,0,0,0,0,1,1,1,3,6,31,197,645,479,291,132,72,41,36,30,11,10,10,11,3,2,36,0.40894,0.23264,0.14133,0.09908,0.37397,0.88198
SBSV,2019-06,DEP,1842,7,0,0,0,0,0,0,0,2,6,89,338,421,339,188,117,68,58,35,32,22,26,9,7,6,71,0.23181,0.22856,0.18404,0.16558,0.4126,0.80999
SBSV,2020-06,DEP,280,0,0,0,1,0,1,2,0,0,11,35,98,50,35,11,9,8,2,2,1,1,1,0,0,0,11,0.475,0.17857,0.125,0.07143,0.30357,0.85
SBSV,2021-06,DEP,1480,0,0,0,0,0,0,0,2,2,14,134,503,391,214,97,47,24,8,10,8,5,3,3,1,0,14,0.43041,0.26419,0.14459,0.0973,0.40878,0.93649
SBSV,2019-07,DEP,2589,0,0,0,0,0,0,0,0,1,9,135,475,578,515,267,158,134,80,54,40,25,25,13,15,4,60,0.23561,0.22325,0.19892,0.16416,0.42217,0.82194
SBSV,2020-07,DEP,495,0,0,0,0,0,0,0,0,0,14,100,160,86,51,16,8,3,11,6,2,2,1,1,0,1,30,0.52525,0.17374,0.10303,0.04848,0.27677,0.85051
SBSV,2021-07,DEP,2012,0,0,0,0,0,0,0,0,0,19,192,676,586,289,92,43,31,10,16,7,9,5,5,1,5,26,0.43141,0.29125,0.14364,0.0671,0.43489,0.9334
SBSV,2019-08,DEP,2354,1,0,0,0,0,0,0,2,0,11,142,439,547,445,222,147,106,66,43,45,31,19,17,10,5,56,0.24681,0.23237,0.18904,0.15675,0.42141,0.82498
SBSV,2020-08,DEP,642,0,0,0,0,0,0,0,2,3,13,143,222,123,43,12,13,8,7,6,2,1,2,3,3,2,33,0.56854,0.19159,0.06698,0.03894,0.25857,0.86604
SBSV,2021-08,DEP,1814,0,0,0,0,0,0,0,0,1,19,214,621,472,257,92,42,17,17,11,12,6,9,3,1,2,17,0.46031,0.2602,0.14168,0.07387,0.40187,0.93605
SBSV,2019-09,DEP,2293,0,0,0,0,0,0,0,2,3,11,114,459,552,432,179,150,118,69,47,30,22,20,13,13,8,49,0.24989,0.24073,0.1884,0.14348,0.42913,0.8225
SBSV,2020-09,DEP,923,0,0,0,0,0,0,1,2,11,30,145,297,208,116,35,24,17,12,4,2,2,0,2,1,2,12,0.47887,0.22535,0.12568,0.06392,0.35103,0.89382
SBSV,2021-09,DEP,2018,0,0,0,0,0,0,0,0,1,16,166,541,565,338,137,71,54,29,25,16,14,5,7,6,1,25,0.35035,0.27998,0.16749,0.10307,0.44747,0.90089
SBSV,2019-10,DEP,2395,0,0,0,0,0,0,0,0,2,11,99,417,530,455,276,165,126,96,52,28,40,28,17,10,7,34,0.21545,0.22129,0.18998,0.18413,0.41127,0.81086
SBSV,2020-10,DEP,1422,3,1,3,3,0,0,2,6,5,37,248,421,344,183,60,37,18,10,9,1,1,2,1,1,0,25,0.47046,0.24191,0.12869,0.06821,0.3706,0.90928
SBSV,2021-10,DEP,2130,0,0,0,0,0,0,1,0,0,11,147,636,603,338,121,72,55,21,21,14,7,11,11,5,2,51,0.36761,0.2831,0.15869,0.09061,0.44178,0.9
SBSV,2019-11,DEP,2490,0,0,0,0,0,1,1,0,5,10,113,460,531,467,206,193,126,97,68,37,32,31,17,14,9,68,0.23012,0.21325,0.18755,0.16024,0.4008,0.79116
SBSV,2020-11,DEP,1558,1,0,0,1,0,1,3,2,4,16,140,426,398,222,119,70,42,29,19,16,11,3,6,5,1,23,0.36329,0.25546,0.14249,0.12131,0.39795,0.88254
SBSV,2021-11,DEP,2207,0,0,0,0,0,0,0,1,1,11,93,479,582,424,178,114,78,54,34,24,19,16,12,7,9,69,0.25918,0.26371,0.19212,0.13231,0.45582,0.8473
SBSV,2019-12,DEP,2791,0,1,0,1,1,1,0,3,5,20,121,517,639,492,238,172,114,116,80,57,32,42,27,17,19,74,0.22859,0.22895,0.17628,0.1469,0.40523,0.78072
SBSV,2020-12,DEP,2099,0,0,0,0,3,3,4,7,8,33,248,563,466,331,122,91,66,46,30,19,7,11,7,5,4,25,0.38637,0.22201,0.15769,0.10148,0.3797,0.86756
SBSV,2021-12,DEP,2668,0,0,0,0,0,0,0,1,3,11,122,613,655,471,200,137,96,76,54,40,26,18,23,11,9,99,0.27549,0.2455,0.17654,0.12631,0.42204,0.82384
